date,mine_id,planned_tonnes,actual_tonnes,shortfall_tonnes,shortfall_flag,equipment_downtime_hours,equipment_breakdowns,blasting_delay_hours,rainfall_mm,temperature_c,humidity_pct,labour_availability_pct
2024-08-24,MN01,426.7,370.6,56.1,1,0.0,0,0.74,30.8,31.2,98.0,92.6
2024-08-25,MN01,426.5,431.9,0.0,0,3.9,1,0.17,12.8,21.7,72.8,98.0
2024-08-26,MN01,426.3,400.0,26.3,0,0.0,0,1.32,18.1,31.4,69.0,91.4
2024-08-27,MN01,426.1,356.8,69.3,1,8.6,1,0.41,16.7,31.9,66.1,98.8
2024-08-28,MN01,425.9,307.5,118.3,1,0.0,0,3.8,40.7,26.1,78.5,84.5
2024-08-29,MN01,425.7,365.6,60.0,1,0.0,0,0.18,11.4,34.8,68.1,78.9
2024-08-30,MN01,425.5,403.6,21.9,0,0.0,0,0.41,24.4,34.0,59.7,95.8
2024-08-31,MN01,425.3,382.3,43.0,1,0.0,0,1.01,33.5,26.3,75.3,91.9
2024-09-01,MN01,425.1,396.8,28.3,0,2.1,1,0.31,5.6,26.5,75.0,86.6
2024-09-02,MN01,424.9,228.9,196.1,1,19.0,2,2.55,48.3,28.2,66.4,95.4
2024-09-03,MN01,424.8,402.9,21.9,0,0.0,0,0.73,30.2,25.2,70.9,90.8
2024-09-04,MN01,424.6,378.7,45.9,1,0.0,0,4.39,17.7,23.7,66.4,88.9
2024-09-05,MN01,424.4,393.6,30.8,0,0.0,0,0.49,34.6,21.5,72.2,100.0
2024-09-06,MN01,424.3,416.7,7.6,0,0.0,0,0.13,16.7,39.8,65.8,100.0
2024-09-07,MN01,424.1,398.7,25.4,0,4.2,1,0.08,17.1,29.2,69.4,88.4
2024-09-08,MN01,424.0,354.6,69.4,1,5.9,1,0.97,24.4,35.7,72.0,86.7
2024-09-09,MN01,423.9,368.7,55.2,1,7.4,1,2.33,8.0,19.7,76.4,91.2
2024-09-10,MN01,423.7,347.3,76.4,1,0.0,0,2.31,29.6,26.5,83.3,82.8
2024-09-11,MN01,423.6,408.1,15.5,0,0.0,0,0.18,6.8,31.1,80.4,100.0
2024-09-12,MN01,423.5,406.7,16.8,0,0.0,0,0.36,27.5,28.8,80.0,89.2
2024-09-13,MN01,423.4,377.0,46.4,1,5.2,1,0.76,1.9,30.6,75.4,91.7
2024-09-14,MN01,423.3,396.1,27.2,0,0.0,0,0.95,24.5,29.8,69.9,85.7
2024-09-15,MN01,423.2,415.4,7.7,0,0.0,0,2.45,10.4,33.0,66.4,96.0
2024-09-16,MN01,423.1,392.2,30.9,0,0.0,0,1.68,16.9,25.7,79.6,92.5
2024-09-17,MN01,423.0,403.7,19.3,0,0.0,0,1.02,20.7,29.0,66.2,97.2
2024-09-18,MN01,422.9,370.8,52.2,1,0.0,0,3.84,0.0,24.7,95.8,87.8
2024-09-19,MN01,422.9,433.7,0.0,0,0.0,0,0.25,13.4,33.8,72.3,92.0
2024-09-20,MN01,422.8,347.6,75.2,1,11.9,2,1.23,17.4,26.5,90.9,92.9
2024-09-21,MN01,422.7,413.6,9.1,0,0.0,0,0.09,25.9,23.8,85.8,99.5
2024-09-22,MN01,422.7,411.2,11.4,0,0.0,0,0.05,25.4,24.0,82.3,100.0
2024-09-23,MN01,422.6,385.7,37.0,0,0.0,0,0.04,25.6,26.8,79.5,87.1
2024-09-24,MN01,422.6,307.2,115.4,1,9.6,2,2.73,28.0,22.6,62.9,85.4
2024-09-25,MN01,422.6,417.6,5.0,0,0.0,0,0.85,18.7,27.3,74.1,85.1
2024-09-26,MN01,422.6,404.2,18.3,0,0.0,0,0.15,9.8,15.5,64.5,95.9
2024-09-27,MN01,422.5,421.7,0.8,0,0.0,0,0.52,13.8,27.4,72.0,99.4
2024-09-28,MN01,422.5,358.4,64.1,1,0.0,0,2.44,36.8,29.3,89.5,96.9
2024-09-29,MN01,422.5,420.1,2.4,0,0.0,0,0.16,3.4,36.3,75.7,96.0
2024-09-30,MN01,422.5,403.8,18.7,0,0.0,0,0.41,31.1,36.9,82.5,99.5
2024-10-01,MN01,422.5,386.8,35.8,0,0.0,0,3.07,4.9,23.8,39.5,87.1
2024-10-02,MN01,422.5,440.0,0.0,0,2.3,1,0.23,0.6,28.3,27.7,100.0
2024-10-03,MN01,422.6,384.5,38.1,0,5.9,1,0.79,0.8,28.3,73.3,94.2
2024-10-04,MN01,422.6,420.7,1.9,0,0.0,0,0.4,0.0,27.8,31.4,91.3
2024-10-05,MN01,422.6,424.2,0.0,0,4.6,1,0.1,2.4,27.8,28.1,95.4
2024-10-06,MN01,422.7,420.8,1.8,0,0.0,0,0.03,5.8,31.3,47.3,87.9
2024-10-07,MN01,422.7,412.3,10.4,0,0.0,0,0.6,1.0,19.8,42.6,91.5
2024-10-08,MN01,422.8,415.7,7.1,0,0.0,0,1.23,0.0,29.7,38.1,89.6
2024-10-09,MN01,422.8,409.8,13.0,0,0.0,0,1.62,1.4,29.3,30.1,94.0
2024-10-10,MN01,422.9,367.2,55.7,1,2.4,1,0.03,0.0,26.4,52.5,82.3
2024-10-11,MN01,423.0,412.5,10.5,0,0.0,0,0.08,0.0,25.8,45.6,85.6
2024-10-12,MN01,423.0,426.9,0.0,0,0.0,0,0.09,5.2,28.8,53.6,90.9
2024-10-13,MN01,423.1,413.1,10.0,0,0.0,0,1.1,0.0,26.8,43.2,96.0
2024-10-14,MN01,423.2,431.0,0.0,0,0.0,0,0.01,0.0,31.5,29.5,89.7
2024-10-15,MN01,423.3,423.3,0.0,0,0.0,0,0.54,0.8,21.9,29.0,94.3
2024-10-16,MN01,423.4,390.7,32.8,0,4.6,1,0.01,5.8,22.3,49.5,90.1
2024-10-17,MN01,423.5,362.9,60.6,1,3.9,1,0.47,2.3,29.3,42.9,80.9
2024-10-18,MN01,423.7,425.5,0.0,0,0.0,0,0.34,0.2,24.9,34.0,89.3
2024-10-19,MN01,423.8,359.9,63.8,1,8.6,1,0.2,2.9,22.9,49.9,85.3
2024-10-20,MN01,423.9,398.1,25.9,0,5.3,1,0.03,0.0,25.1,40.5,92.7
2024-10-21,MN01,424.1,417.0,7.0,0,0.0,0,0.86,3.6,24.6,58.6,93.0
2024-10-22,MN01,424.2,388.0,36.2,0,0.0,0,0.78,1.5,23.6,48.4,91.3
2024-10-23,MN01,424.3,396.6,27.8,0,0.0,0,2.31,0.9,34.4,38.4,97.7
2024-10-24,MN01,424.5,412.5,12.0,0,0.0,0,0.32,0.0,27.1,44.6,91.9
2024-10-25,MN01,424.7,368.8,55.9,1,0.0,0,0.55,0.0,30.2,30.8,81.4
2024-10-26,MN01,424.8,375.7,49.1,1,0.0,0,0.49,1.1,22.6,52.4,84.6
2024-10-27,MN01,425.0,364.5,60.5,1,0.0,0,1.8,4.1,23.9,42.3,82.4
2024-10-28,MN01,425.2,404.8,20.3,0,0.0,0,1.57,0.0,25.6,59.5,92.8
2024-10-29,MN01,425.4,444.6,0.0,0,0.0,0,1.64,6.6,21.4,49.9,100.0
2024-10-30,MN01,425.6,362.0,63.5,1,7.4,2,3.06,3.7,26.6,38.4,84.9
2024-10-31,MN01,425.8,353.0,72.7,1,10.0,2,2.94,0.0,29.0,47.6,89.5
2024-11-01,MN01,426.0,423.9,2.0,0,0.0,0,0.19,1.5,29.9,29.0,100.0
2024-11-02,MN01,426.2,336.2,90.0,1,4.1,1,0.82,3.2,30.5,44.8,75.3
2024-11-03,MN01,426.4,361.8,64.6,1,8.2,1,5.22,0.0,25.8,30.6,93.5
2024-11-04,MN01,426.6,383.6,42.9,1,0.0,0,3.14,4.3,32.4,41.8,98.1
2024-11-05,MN01,426.8,427.6,0.0,0,0.0,0,1.94,0.0,27.7,46.0,88.7
2024-11-06,MN01,427.0,418.5,8.6,0,0.0,0,0.66,0.0,35.5,48.9,90.4
2024-11-07,MN01,427.3,410.6,16.7,0,0.0,0,0.25,4.0,23.1,35.5,91.5
2024-11-08,MN01,427.5,409.4,18.2,0,0.0,0,2.0,1.3,32.4,41.3,95.5
2024-11-09,MN01,427.8,375.3,52.5,1,8.9,1,0.0,2.7,23.7,61.2,100.0
2024-11-10,MN01,428.0,381.5,46.5,1,0.0,0,0.93,1.1,21.1,30.1,82.7
2024-11-11,MN01,428.3,389.4,38.8,0,7.3,1,1.61,6.2,22.4,52.2,93.3
2024-11-12,MN01,428.5,416.7,11.8,0,0.0,0,3.26,4.7,27.3,69.8,90.8
2024-11-13,MN01,428.8,380.5,48.3,1,0.0,0,1.28,0.0,27.0,36.8,85.1
2024-11-14,MN01,429.1,419.0,10.1,0,0.0,0,0.92,2.8,30.1,26.6,91.4
2024-11-15,MN01,429.3,447.2,0.0,0,0.0,0,0.72,2.5,30.1,48.3,100.0
2024-11-16,MN01,429.6,414.4,15.2,0,0.0,0,0.0,6.7,28.1,33.5,87.3
2024-11-17,MN01,429.9,411.7,18.2,0,0.0,0,1.26,0.2,27.0,39.5,92.4
2024-11-18,MN01,430.2,411.2,19.0,0,0.0,0,3.43,3.8,17.5,41.1,100.0
2024-11-19,MN01,430.5,402.2,28.3,0,6.4,2,0.59,0.0,27.2,42.3,92.5
2024-11-20,MN01,430.8,387.9,42.9,0,2.2,1,4.08,3.6,28.7,28.9,92.4
2024-11-21,MN01,431.1,374.9,56.2,1,3.9,1,2.5,6.5,27.6,56.4,96.7
2024-11-22,MN01,431.4,396.6,34.8,0,0.0,0,1.52,0.7,27.2,37.7,93.5
2024-11-23,MN01,431.7,428.8,2.9,0,0.0,0,0.01,0.0,26.0,67.6,100.0
2024-11-24,MN01,432.0,452.8,0.0,0,0.0,0,0.93,3.1,23.5,51.8,91.8
2024-11-25,MN01,432.3,402.2,30.1,0,0.0,0,0.68,1.2,28.0,64.1,83.9
2024-11-26,MN01,432.6,392.3,40.3,0,0.0,0,0.66,0.0,26.1,45.3,96.3
2024-11-27,MN01,433.0,413.9,19.1,0,0.0,0,0.82,1.1,30.2,46.5,93.9
2024-11-28,MN01,433.3,430.1,3.2,0,0.0,0,0.25,5.2,22.6,67.6,89.3
2024-11-29,MN01,433.6,421.4,12.2,0,0.0,0,0.37,1.7,33.3,55.1,94.7
2024-11-30,MN01,433.9,375.5,58.5,1,0.0,0,4.69,0.0,20.3,37.4,96.5
2024-12-01,MN01,434.3,419.6,14.7,0,3.5,1,1.18,6.4,30.0,41.5,100.0
2024-12-02,MN01,434.6,423.9,10.7,0,0.0,0,1.39,2.7,25.1,43.7,100.0
2024-12-03,MN01,435.0,388.3,46.7,1,5.2,1,1.43,2.8,24.5,46.8,100.0
2024-12-04,MN01,435.3,407.1,28.2,0,1.2,1,2.05,0.0,30.5,39.5,100.0
2024-12-05,MN01,435.7,413.2,22.4,0,0.0,0,0.36,7.8,27.9,55.4,92.3
2024-12-06,MN01,436.0,433.6,2.4,0,0.0,0,0.42,0.0,27.0,57.0,92.8
2024-12-07,MN01,436.4,423.9,12.5,0,0.0,0,0.2,6.2,18.3,36.6,100.0
2024-12-08,MN01,436.7,417.1,19.6,0,0.0,0,3.4,1.5,29.1,41.4,91.0
2024-12-09,MN01,437.1,434.8,2.3,0,0.0,0,0.1,4.9,26.0,26.5,88.5
2024-12-10,MN01,437.4,431.2,6.3,0,0.0,0,0.85,0.0,28.1,47.1,95.2
2024-12-11,MN01,437.8,441.3,0.0,0,0.0,0,0.09,0.0,32.9,55.9,100.0
2024-12-12,MN01,438.2,410.7,27.5,0,0.0,0,0.91,0.0,32.2,54.4,87.6
2024-12-13,MN01,438.5,428.8,9.8,0,0.0,0,0.74,1.0,22.1,52.3,89.5
2024-12-14,MN01,438.9,441.2,0.0,0,0.0,0,1.06,9.9,24.9,55.0,97.6
2024-12-15,MN01,439.3,397.8,41.5,0,5.9,2,0.36,0.0,26.1,39.3,94.2
2024-12-16,MN01,439.7,402.6,37.1,0,0.0,0,0.57,5.4,23.9,36.8,93.2
2024-12-17,MN01,440.0,442.9,0.0,0,0.0,0,0.66,0.0,25.4,34.0,97.9
2024-12-18,MN01,440.4,366.5,73.9,1,13.4,2,0.3,5.1,22.8,38.1,88.9
2024-12-19,MN01,440.8,415.1,25.7,0,0.0,0,1.19,0.9,19.3,61.3,86.7
2024-12-20,MN01,441.2,440.3,0.8,0,0.0,0,0.72,0.7,20.3,43.9,100.0
2024-12-21,MN01,441.5,438.0,3.6,0,0.0,0,0.13,3.9,29.7,36.5,89.8
2024-12-22,MN01,441.9,399.3,42.6,0,7.5,1,0.17,7.6,25.2,57.4,95.3
2024-12-23,MN01,442.3,420.0,22.3,0,4.5,1,1.22,5.0,27.7,64.2,99.6
2024-12-24,MN01,442.7,359.5,83.1,1,0.0,0,2.94,10.0,39.4,27.4,79.8
2024-12-25,MN01,443.1,439.5,3.6,0,0.0,0,0.68,6.0,34.7,38.7,100.0
2024-12-26,MN01,443.4,430.6,12.9,0,0.0,0,1.29,0.0,21.8,34.9,98.6
2024-12-27,MN01,443.8,437.3,6.5,0,0.0,0,1.25,4.7,27.3,33.5,97.9
2024-12-28,MN01,444.2,395.9,48.3,1,14.4,2,0.0,0.0,30.5,54.3,91.2
2024-12-29,MN01,444.6,439.8,4.8,0,0.0,0,1.83,0.0,24.6,35.6,100.0
2024-12-30,MN01,445.0,453.6,0.0,0,0.0,0,0.23,6.2,32.8,43.7,95.3
2024-12-31,MN01,445.4,425.1,20.2,0,0.0,0,0.41,3.5,34.3,51.7,95.5
2025-01-01,MN01,445.1,365.9,79.2,1,12.7,2,0.07,1.3,22.9,34.6,90.3
2025-01-02,MN01,445.5,420.6,24.9,0,0.0,0,0.17,3.1,27.9,54.6,98.0
2025-01-03,MN01,445.9,404.8,41.1,0,3.9,1,2.65,0.0,29.1,42.8,88.8
2025-01-04,MN01,446.3,385.1,61.1,1,5.6,1,0.97,2.1,27.2,58.0,87.6
2025-01-05,MN01,446.7,418.6,28.1,0,0.0,0,0.56,3.6,30.8,45.2,91.2
2025-01-06,MN01,447.0,430.9,16.2,0,0.0,0,1.0,6.3,28.6,41.7,89.9
2025-01-07,MN01,447.4,439.6,7.8,0,0.0,0,0.51,0.2,26.3,39.5,100.0
2025-01-08,MN01,447.8,407.8,40.0,0,0.0,0,4.29,7.9,26.1,43.9,98.0
2025-01-09,MN01,448.2,437.6,10.6,0,0.0,0,0.18,4.8,29.1,33.7,86.6
2025-01-10,MN01,448.6,412.4,36.2,0,4.5,1,0.16,0.0,24.3,42.1,88.8
2025-01-11,MN01,448.9,423.0,25.9,0,0.0,0,0.21,5.9,31.3,40.6,90.8
2025-01-12,MN01,449.3,392.7,56.6,1,4.4,1,5.28,7.4,32.8,37.0,86.3
2025-01-13,MN01,449.7,391.3,58.4,1,0.0,0,4.1,3.6,27.5,47.8,84.4
2025-01-14,MN01,450.1,376.4,73.7,1,4.7,1,0.82,0.0,34.8,52.9,82.2
2025-01-15,MN01,450.4,432.3,18.1,0,0.0,0,1.99,4.5,30.5,37.9,88.8
2025-01-16,MN01,450.8,423.3,27.6,0,0.0,0,0.98,0.7,33.1,33.9,94.9
2025-01-17,MN01,451.2,419.9,31.3,0,0.0,0,0.46,1.1,29.2,44.3,86.4
2025-01-18,MN01,451.5,441.3,10.2,0,5.1,1,0.65,0.0,26.4,41.6,89.4
2025-01-19,MN01,451.9,442.7,9.2,0,0.0,0,1.49,5.6,30.3,46.3,87.0
2025-01-20,MN01,452.3,427.2,25.1,0,0.0,0,2.66,0.0,26.5,44.5,99.6
2025-01-21,MN01,452.6,418.7,33.9,0,0.0,0,0.93,7.4,26.6,34.5,84.8
2025-01-22,MN01,453.0,399.3,53.7,1,8.1,1,0.67,5.4,32.4,39.1,88.5
2025-01-23,MN01,453.3,429.1,24.2,0,0.0,0,2.01,0.0,23.1,54.9,95.8
2025-01-24,MN01,453.7,432.8,20.9,0,6.0,1,1.33,5.5,28.8,53.5,96.5
2025-01-25,MN01,454.0,423.5,30.5,0,4.4,1,3.1,0.9,28.4,46.0,94.2
2025-01-26,MN01,454.4,438.6,15.8,0,0.0,0,1.73,3.0,24.6,43.4,90.5
2025-01-27,MN01,454.7,442.3,12.5,0,0.0,0,0.04,4.0,31.1,44.4,97.6
2025-01-28,MN01,455.1,453.6,1.5,0,0.0,0,0.34,4.1,27.4,54.8,89.3
2025-01-29,MN01,455.4,458.6,0.0,0,0.0,0,1.41,1.2,25.3,52.6,94.5
2025-01-30,MN01,455.7,404.3,51.5,1,4.6,1,2.73,2.5,23.4,35.1,87.5
2025-01-31,MN01,456.1,425.8,30.2,0,0.0,0,0.73,7.6,34.1,37.0,100.0
2025-02-01,MN01,456.4,400.4,56.0,1,0.0,0,0.15,6.0,27.1,34.0,78.2
2025-02-02,MN01,456.7,419.5,37.2,0,4.0,1,0.9,1.3,18.4,48.3,86.5
2025-02-03,MN01,457.1,456.9,0.1,0,5.0,1,0.02,3.0,23.6,54.3,89.8
2025-02-04,MN01,457.4,458.5,0.0,0,0.0,0,0.62,0.0,33.4,60.9,91.6
2025-02-05,MN01,457.7,427.3,30.3,0,2.4,1,1.06,0.1,20.9,54.6,97.1
2025-02-06,MN01,458.0,402.9,55.1,1,6.6,1,0.85,6.2,25.4,41.0,87.5
2025-02-07,MN01,458.3,468.2,0.0,0,0.0,0,0.15,1.5,26.2,43.9,93.2
2025-02-08,MN01,458.6,427.0,31.6,0,7.9,1,0.7,4.5,19.7,55.5,89.3
2025-02-09,MN01,458.9,461.4,0.0,0,0.0,0,0.7,0.0,24.1,54.5,94.3
2025-02-10,MN01,459.2,434.7,24.5,0,0.0,0,0.86,0.5,34.1,61.3,88.1
2025-02-11,MN01,459.5,429.2,30.3,0,2.5,1,2.32,4.1,23.0,41.4,89.7
2025-02-12,MN01,459.8,397.4,62.3,1,4.3,1,1.69,0.0,25.6,47.9,88.3
2025-02-13,MN01,460.1,449.8,10.2,0,0.0,0,1.84,0.0,24.4,54.3,98.8
2025-02-14,MN01,460.3,436.0,24.4,0,0.0,0,0.62,6.3,27.8,31.4,92.4
2025-02-15,MN01,460.6,442.0,18.6,0,4.1,1,1.16,0.0,27.1,49.0,99.6
2025-02-16,MN01,460.9,452.2,8.6,0,0.0,0,1.82,5.2,25.9,40.7,100.0
2025-02-17,MN01,461.1,422.5,38.7,0,0.0,0,0.42,0.6,23.9,45.9,98.5
2025-02-18,MN01,461.4,434.7,26.6,0,0.0,0,1.25,5.8,28.3,29.6,97.3
2025-02-19,MN01,461.6,461.1,0.5,0,0.0,0,0.44,6.2,32.9,60.5,92.1
2025-02-20,MN01,461.9,421.7,40.2,0,0.0,0,2.73,0.7,27.9,48.4,99.5
2025-02-21,MN01,462.1,428.0,34.1,0,0.0,0,0.88,4.8,31.8,59.1,95.6
2025-02-22,MN01,462.4,298.6,163.8,1,23.9,3,1.19,0.2,30.9,45.0,85.1
2025-02-23,MN01,462.6,449.3,13.3,0,0.0,0,0.31,7.2,27.0,33.5,99.9
2025-02-24,MN01,462.8,360.0,102.8,1,4.7,1,4.36,1.5,25.3,39.3,83.3
2025-02-25,MN01,463.0,389.0,74.1,1,7.3,1,1.57,1.0,31.8,32.9,82.5
2025-02-26,MN01,463.3,423.0,40.2,0,6.2,2,0.11,3.1,24.1,42.3,93.8
2025-02-27,MN01,463.5,447.7,15.8,0,0.0,0,1.34,0.0,22.7,70.6,90.7
2025-02-28,MN01,463.7,457.2,6.5,0,0.0,0,0.61,1.6,31.7,37.2,96.8
2025-03-01,MN01,463.9,340.1,123.8,1,13.3,2,4.75,5.6,32.0,50.3,100.0
2025-03-02,MN01,464.1,392.8,71.3,1,7.9,1,1.86,2.5,30.2,36.8,87.1
2025-03-03,MN01,464.2,463.1,1.1,0,0.0,0,1.4,1.1,29.9,43.3,96.1
2025-03-04,MN01,464.4,415.5,49.0,1,0.0,0,3.2,3.3,24.7,49.6,84.8
2025-03-05,MN01,464.6,422.8,41.8,0,4.4,1,3.13,0.0,27.6,59.7,100.0
2025-03-06,MN01,464.8,417.5,47.3,1,4.7,1,2.55,4.6,37.7,57.2,92.5
2025-03-07,MN01,464.9,457.9,7.0,0,0.0,0,0.01,1.5,28.9,48.9,100.0
2025-03-08,MN01,465.1,420.1,45.0,0,0.0,0,4.28,3.9,31.4,47.8,96.4
2025-03-09,MN01,465.2,415.9,49.4,1,5.9,1,1.32,7.6,20.5,57.8,100.0
2025-03-10,MN01,465.4,432.8,32.6,0,0.0,0,1.59,4.4,24.7,53.3,100.0
2025-03-11,MN01,465.5,457.5,8.0,0,0.0,0,0.72,4.0,23.1,31.6,94.4
2025-03-12,MN01,465.7,460.8,4.9,0,0.0,0,1.07,8.3,29.5,53.3,91.5
2025-03-13,MN01,465.8,439.4,26.4,0,0.0,0,3.36,4.1,26.9,37.3,85.8
2025-03-14,MN01,465.9,467.0,0.0,0,0.0,0,0.56,2.4,24.2,42.0,93.5
2025-03-15,MN01,466.0,440.0,26.1,0,3.2,1,0.08,4.5,32.1,48.1,98.6
2025-03-16,MN01,466.1,406.0,60.1,1,0.0,0,4.17,1.1,29.6,49.1,100.0
2025-03-17,MN01,466.2,431.9,34.4,0,0.0,0,2.12,3.2,21.5,20.0,90.9
2025-03-18,MN01,466.3,449.0,17.4,0,0.0,0,0.53,0.0,28.8,47.2,99.2
2025-03-19,MN01,466.4,398.2,68.3,1,5.9,1,0.79,0.0,27.4,45.0,82.1
2025-03-20,MN01,466.5,463.3,3.2,0,0.0,0,0.34,7.4,35.7,32.1,85.3
2025-03-21,MN01,466.6,463.6,3.0,0,0.0,0,0.97,0.0,32.0,40.2,99.6
2025-03-22,MN01,466.7,416.1,50.6,1,0.0,0,3.97,0.9,23.2,64.7,87.3
2025-03-23,MN01,466.7,478.3,0.0,0,0.0,0,0.68,1.3,18.3,52.2,94.5
2025-03-24,MN01,466.8,434.7,32.1,0,4.2,1,1.42,1.8,34.4,40.7,95.6
2025-03-25,MN01,466.8,449.8,17.0,0,0.0,0,0.23,2.3,22.6,44.0,91.5
2025-03-26,MN01,466.9,385.6,81.3,1,0.0,0,1.52,0.0,20.3,62.6,79.7
2025-03-27,MN01,466.9,465.1,1.8,0,0.0,0,0.18,0.7,29.6,48.9,93.2
2025-03-28,MN01,466.9,450.5,16.5,0,0.0,0,1.22,1.2,27.1,36.0,98.3
2025-03-29,MN01,467.0,467.4,0.0,0,0.0,0,1.98,0.0,20.6,53.6,94.6
2025-03-30,MN01,467.0,481.6,0.0,0,0.0,0,0.8,5.9,24.3,53.2,90.1
2025-03-31,MN01,467.0,421.0,46.0,0,4.6,1,0.25,3.5,26.5,67.6,100.0
2025-04-01,MN01,467.0,419.4,47.6,1,5.6,1,0.47,1.6,32.2,31.1,84.3
2025-04-02,MN01,467.0,445.5,21.4,0,0.0,0,0.21,6.9,27.6,31.3,84.4
2025-04-03,MN01,467.0,433.3,33.7,0,0.0,0,0.74,5.1,31.5,51.7,82.7
2025-04-04,MN01,467.0,404.4,62.5,1,8.2,1,1.84,5.7,30.1,57.8,92.7
2025-04-05,MN01,466.9,440.7,26.3,0,4.3,1,0.73,6.4,32.8,38.1,100.0
2025-04-06,MN01,466.9,437.3,29.6,0,0.0,0,0.75,2.7,38.0,67.2,100.0
2025-04-07,MN01,466.9,445.4,21.5,0,0.0,0,0.04,2.2,33.5,44.8,90.9
2025-04-08,MN01,466.8,443.2,23.6,0,0.0,0,3.13,1.1,26.2,40.7,86.7
2025-04-09,MN01,466.8,456.9,9.8,0,0.0,0,1.55,3.6,35.4,77.0,94.2
2025-04-10,MN01,466.7,467.5,0.0,0,0.0,0,0.46,8.3,34.9,44.5,98.2
2025-04-11,MN01,466.7,448.5,18.2,0,0.0,0,0.59,4.0,27.6,48.8,96.9
2025-04-12,MN01,466.6,422.0,44.6,0,5.6,1,0.29,0.0,42.9,52.6,99.7
2025-04-13,MN01,466.5,436.6,30.0,0,0.0,0,1.78,0.8,31.7,42.3,95.5
2025-04-14,MN01,466.4,383.1,83.3,1,13.7,2,0.64,3.7,39.4,53.4,99.1
2025-04-15,MN01,466.4,423.5,42.8,0,0.0,0,3.21,2.3,34.9,30.6,92.4
2025-04-16,MN01,466.3,428.0,38.3,0,0.0,0,1.79,5.8,42.7,64.4,96.9
2025-04-17,MN01,466.2,443.0,23.2,0,0.0,0,1.45,5.7,32.8,45.3,87.3
2025-04-18,MN01,466.1,444.2,21.9,0,0.0,0,0.96,2.8,33.1,43.0,93.5
2025-04-19,MN01,465.9,439.9,26.0,0,4.9,1,0.43,5.0,31.3,35.4,88.7
2025-04-20,MN01,465.8,436.2,29.6,0,0.0,0,2.71,5.3,37.7,48.4,91.5
2025-04-21,MN01,465.7,487.3,0.0,0,0.0,0,0.24,2.8,26.1,32.4,90.0
2025-04-22,MN01,465.6,436.6,29.0,0,6.8,2,0.19,2.8,38.2,32.9,92.8
2025-04-23,MN01,465.4,419.4,46.0,0,0.0,0,0.12,3.4,35.1,52.1,78.4
2025-04-24,MN01,465.3,446.3,19.0,0,0.0,0,0.73,2.8,36.6,36.0,95.3
2025-04-25,MN01,465.1,469.5,0.0,0,0.0,0,0.57,3.9,37.8,56.1,100.0
2025-04-26,MN01,465.0,422.0,43.0,0,0.0,0,1.62,0.6,28.9,63.3,97.4
2025-04-27,MN01,464.8,402.0,62.8,1,0.0,0,0.48,2.6,35.5,43.9,84.0
2025-04-28,MN01,464.6,440.8,23.9,0,0.5,1,1.24,1.7,35.9,52.4,87.7
2025-04-29,MN01,464.5,481.4,0.0,0,0.0,0,0.26,7.7,28.0,28.9,98.9
2025-04-30,MN01,464.3,368.6,95.7,1,10.3,2,0.86,2.5,31.6,58.1,80.9
2025-05-01,MN01,464.1,453.3,10.8,0,1.6,1,0.19,2.3,35.5,31.0,98.7
2025-05-02,MN01,463.9,426.1,37.8,0,6.1,1,0.64,4.5,34.2,45.1,89.5
2025-05-03,MN01,463.7,461.6,2.1,0,0.0,0,1.32,3.2,34.4,60.7,95.5
2025-05-04,MN01,463.5,470.5,0.0,0,0.0,0,0.0,3.7,36.5,63.5,88.0
2025-05-05,MN01,463.3,418.9,44.4,0,4.8,1,1.26,0.0,42.1,57.7,91.8
2025-05-06,MN01,463.1,445.0,18.1,0,0.0,0,0.84,5.0,33.2,46.3,95.2
2025-05-07,MN01,462.9,451.7,11.2,0,0.0,0,1.46,0.0,36.5,56.1,100.0
2025-05-08,MN01,462.6,436.8,25.9,0,5.0,1,0.08,3.6,32.1,37.2,92.9
2025-05-09,MN01,462.4,453.1,9.3,0,0.0,0,0.43,0.9,30.5,40.7,100.0
2025-05-10,MN01,462.2,449.7,12.5,0,0.0,0,0.21,2.1,32.5,56.3,98.3
2025-05-11,MN01,461.9,454.7,7.3,0,0.0,0,0.02,0.3,31.2,39.1,88.0
2025-05-12,MN01,461.7,438.5,23.2,0,4.0,1,0.92,4.0,38.3,31.8,98.6
2025-05-13,MN01,461.4,429.8,31.6,0,4.9,1,0.82,1.0,38.7,50.9,96.6
2025-05-14,MN01,461.2,445.1,16.1,0,0.0,0,1.45,4.4,25.7,40.1,99.6
2025-05-15,MN01,460.9,446.0,14.9,0,0.0,0,0.39,4.0,34.6,37.7,88.3
2025-05-16,MN01,460.7,416.5,44.2,0,7.4,1,1.24,0.3,31.7,55.7,94.3
2025-05-17,MN01,460.4,477.4,0.0,0,0.0,0,0.66,6.2,35.5,58.5,90.5
2025-05-18,MN01,460.1,453.7,6.4,0,0.0,0,0.53,6.0,33.3,48.8,95.4
2025-05-19,MN01,459.8,458.3,1.5,0,0.0,0,0.76,3.2,36.9,48.4,94.7
2025-05-20,MN01,459.5,404.6,54.9,1,6.5,1,1.02,4.5,32.5,60.1,97.0
2025-05-21,MN01,459.3,455.4,3.8,0,0.0,0,0.13,0.0,37.1,42.8,96.7
2025-05-22,MN01,459.0,372.0,86.9,1,0.0,0,0.75,5.1,30.6,48.7,78.1
2025-05-23,MN01,458.7,415.4,43.3,0,0.0,0,0.75,1.5,39.8,30.8,83.4
2025-05-24,MN01,458.4,443.2,15.2,0,0.0,0,1.12,0.6,42.7,40.6,91.2
2025-05-25,MN01,458.1,462.5,0.0,0,0.0,0,0.31,1.8,34.3,47.4,93.3
2025-05-26,MN01,457.8,425.7,32.1,0,3.9,1,0.08,2.0,33.2,38.2,85.8
2025-05-27,MN01,457.4,432.3,25.1,0,0.0,0,2.18,5.0,38.7,41.2,86.6
2025-05-28,MN01,457.1,422.2,35.0,0,0.0,0,0.05,5.6,39.6,31.9,86.0
2025-05-29,MN01,456.8,456.2,0.6,0,0.0,0,0.31,7.9,41.4,24.3,94.1
2025-05-30,MN01,456.5,465.0,0.0,0,0.0,0,0.58,5.9,36.3,47.4,99.6
2025-05-31,MN01,456.2,398.2,58.0,1,4.3,1,0.9,2.6,27.4,41.2,82.2
2025-06-01,MN01,455.8,445.3,10.6,0,0.0,0,1.44,11.1,22.1,83.2,96.4
2025-06-02,MN01,455.5,420.3,35.1,0,0.0,0,1.21,18.9,25.4,70.5,93.4
2025-06-03,MN01,455.1,447.1,8.0,0,0.0,0,1.51,19.4,36.1,74.6,93.6
2025-06-04,MN01,454.8,371.6,83.2,1,9.0,1,1.45,11.7,22.9,95.6,87.0
2025-06-05,MN01,454.5,458.4,0.0,0,0.0,0,2.66,13.9,26.9,84.6,95.8
2025-06-06,MN01,454.1,431.1,23.0,0,7.4,1,0.5,7.1,27.5,72.1,91.1
2025-06-07,MN01,453.8,397.8,56.0,1,4.1,1,0.9,8.0,24.4,76.3,94.5
2025-06-08,MN01,453.4,440.5,12.9,0,0.0,0,2.46,11.3,26.4,69.8,88.9
2025-06-09,MN01,453.1,432.9,20.1,0,0.0,0,0.5,18.3,24.3,80.5,90.4
2025-06-10,MN01,452.7,418.6,34.1,0,0.0,0,0.25,20.4,29.1,49.1,82.6
2025-06-11,MN01,452.3,434.7,17.6,0,3.9,1,0.41,23.1,34.4,61.7,97.4
2025-06-12,MN01,452.0,389.9,62.1,1,0.5,1,0.37,30.1,29.6,81.9,86.8
2025-06-13,MN01,451.6,398.8,52.8,1,7.0,2,2.58,25.3,24.4,72.6,92.7
2025-06-14,MN01,451.3,395.7,55.6,1,0.0,0,4.0,20.9,30.9,83.7,96.7
2025-06-15,MN01,450.9,435.3,15.5,0,0.0,0,0.22,21.6,24.2,69.1,92.1
2025-06-16,MN01,450.5,422.8,27.8,0,0.0,0,0.36,10.5,30.7,85.1,86.7
2025-06-17,MN01,450.1,450.0,0.2,0,0.0,0,1.14,16.6,33.8,61.0,91.3
2025-06-18,MN01,449.8,432.5,17.2,0,0.0,0,2.03,14.6,28.2,73.9,92.1
2025-06-19,MN01,449.4,393.6,55.8,1,6.4,1,0.18,29.5,20.4,74.1,93.8
2025-06-20,MN01,449.0,401.2,47.8,1,0.0,0,0.92,22.7,29.5,90.0,82.9
2025-06-21,MN01,448.6,427.6,21.0,0,0.0,0,1.23,11.6,32.5,91.4,92.4
2025-06-22,MN01,448.3,431.9,16.4,0,0.0,0,0.32,21.9,22.6,75.6,89.1
2025-06-23,MN01,447.9,413.0,34.9,0,0.0,0,5.03,15.7,30.6,66.9,92.5
2025-06-24,MN01,447.5,438.1,9.4,0,0.0,0,0.25,11.0,25.5,69.9,97.1
2025-06-25,MN01,447.1,395.8,51.4,1,5.7,1,0.42,13.2,22.9,75.1,94.6
2025-06-26,MN01,446.7,425.0,21.8,0,0.0,0,1.16,18.3,23.4,70.0,85.8
2025-06-27,MN01,446.4,433.4,13.0,0,2.4,1,0.14,16.1,24.3,88.3,94.2
2025-06-28,MN01,446.0,440.2,5.8,0,0.0,0,1.65,19.5,31.1,67.1,89.9
2025-06-29,MN01,445.6,349.0,96.6,1,8.0,2,2.11,16.9,31.6,95.3,86.4
2025-06-30,MN01,445.2,380.7,64.6,1,3.3,1,0.96,22.4,23.1,62.3,82.6
2025-07-01,MN01,444.8,400.8,44.0,0,0.0,0,0.84,36.6,28.9,94.1,97.3
2025-07-02,MN01,444.5,430.8,13.7,0,0.0,0,0.13,26.9,28.4,87.0,100.0
2025-07-03,MN01,444.1,415.8,28.3,0,0.0,0,2.09,22.3,26.8,59.1,98.4
2025-07-04,MN01,443.7,397.8,45.9,1,0.0,0,1.45,32.2,28.6,82.6,88.7
2025-07-05,MN01,443.3,430.9,12.4,0,0.0,0,0.47,5.0,28.2,84.1,99.8
2025-07-06,MN01,442.9,392.3,50.7,1,6.6,1,0.41,19.6,29.6,63.2,98.5
2025-07-07,MN01,442.5,396.4,46.1,1,6.5,1,1.18,14.2,33.6,55.7,90.3
2025-07-08,MN01,442.2,355.3,86.8,1,7.7,1,0.47,32.7,22.0,77.7,97.8
2025-07-09,MN01,441.8,426.0,15.7,0,0.0,0,0.5,16.7,22.7,74.0,97.3
2025-07-10,MN01,441.4,424.9,16.5,0,0.0,0,0.47,10.3,29.1,64.0,86.9
2025-07-11,MN01,441.0,419.0,22.0,0,0.0,0,0.46,10.1,24.3,68.0,83.4
2025-07-12,MN01,440.6,400.0,40.6,0,4.6,1,0.07,12.1,22.9,80.3,88.2
2025-07-13,MN01,440.3,404.4,35.9,0,2.7,1,1.17,14.4,24.3,66.8,86.0
2025-07-14,MN01,439.9,435.6,4.3,0,0.0,0,1.06,19.4,24.6,83.3,93.2
2025-07-15,MN01,439.5,410.4,29.1,0,0.0,0,1.97,10.2,29.4,76.7,89.5
2025-07-16,MN01,439.1,396.5,42.6,0,5.8,1,1.72,12.3,27.8,88.4,97.9
2025-07-17,MN01,438.8,349.1,89.7,1,2.6,1,4.37,22.2,21.2,67.5,84.1
2025-07-18,MN01,438.4,408.0,30.4,0,4.6,1,0.77,23.2,31.7,53.4,93.5
2025-07-19,MN01,438.0,344.2,93.8,1,6.7,1,1.3,13.9,25.2,87.5,84.8
2025-07-20,MN01,437.7,405.7,32.0,0,3.9,1,0.49,20.1,25.9,72.9,93.9
2025-07-21,MN01,437.3,355.2,82.1,1,0.0,0,3.04,33.8,22.7,65.6,85.0
2025-07-22,MN01,437.0,380.3,56.6,1,5.5,1,3.71,22.6,25.3,59.4,92.5
2025-07-23,MN01,436.6,370.0,66.6,1,4.6,1,1.48,20.2,27.1,74.4,81.4
2025-07-24,MN01,436.2,395.8,40.5,0,0.0,0,2.3,22.9,23.1,77.8,96.9
2025-07-25,MN01,435.9,388.9,47.0,1,0.0,0,0.57,24.4,19.6,68.3,83.6
2025-07-26,MN01,435.5,440.7,0.0,0,0.0,0,0.88,15.8,23.9,77.4,92.7
2025-07-27,MN01,435.2,388.2,47.0,1,0.0,0,1.94,33.7,18.5,83.2,100.0
2025-07-28,MN01,434.8,405.3,29.5,0,0.0,0,1.97,11.9,26.5,72.4,97.8
2025-07-29,MN01,434.5,325.7,108.8,1,11.5,2,4.45,25.5,21.6,61.7,93.1
2025-07-30,MN01,434.2,406.8,27.4,0,3.5,1,0.31,11.7,23.8,71.6,99.5
2025-07-31,MN01,433.8,423.3,10.5,0,0.0,0,0.69,17.0,21.0,54.4,98.5
2025-08-01,MN01,433.5,386.3,47.2,1,4.4,1,0.62,14.4,20.9,75.9,86.3
2025-08-02,MN01,433.2,405.5,27.6,0,2.2,1,0.17,36.1,28.1,80.1,90.2
2025-08-03,MN01,432.8,359.3,73.5,1,5.0,1,2.06,26.6,24.4,77.4,95.9
2025-08-04,MN01,432.5,442.1,0.0,0,0.0,0,0.3,15.9,31.5,66.8,96.6
2025-08-05,MN01,432.2,392.8,39.4,0,0.0,0,0.37,20.7,29.4,76.0,86.4
2025-08-06,MN01,431.9,423.7,8.1,0,0.0,0,1.15,18.6,31.4,78.6,97.1
2025-08-07,MN01,431.6,420.1,11.4,0,0.0,0,0.02,26.7,25.2,59.6,100.0
2025-08-08,MN01,431.3,372.0,59.3,1,0.0,0,1.09,39.0,28.0,68.2,94.2
2025-08-09,MN01,431.0,400.0,31.0,0,0.0,0,0.64,22.5,22.4,80.6,88.7
2025-08-10,MN01,430.7,368.1,62.5,1,0.0,0,3.48,29.0,25.8,54.1,99.1
2025-08-11,MN01,430.4,423.5,6.9,0,0.0,0,0.98,24.1,30.7,71.0,87.2
2025-08-12,MN01,430.1,380.3,49.8,1,0.0,0,0.63,22.4,26.6,92.2,85.2
2025-08-13,MN01,429.8,384.5,45.3,1,6.9,1,1.98,15.5,22.2,61.1,100.0
2025-08-14,MN01,429.5,400.3,29.2,0,5.7,1,0.17,10.9,31.7,73.9,85.9
2025-08-15,MN01,429.2,441.1,0.0,0,0.0,0,0.17,4.3,30.7,74.3,96.6
2025-08-16,MN01,429.0,394.0,35.0,0,2.5,1,1.67,19.1,21.2,83.6,90.6
2025-08-17,MN01,428.7,378.0,50.7,1,0.0,0,3.68,26.2,22.8,68.1,97.7
2025-08-18,MN01,428.4,403.1,25.3,0,0.0,0,0.61,5.4,25.8,77.2,82.0
2025-08-19,MN01,428.2,386.0,42.2,0,2.8,1,0.56,25.3,26.7,94.3,99.0
2025-08-20,MN01,427.9,299.6,128.3,1,12.0,2,0.92,35.1,33.1,81.0,83.6
2025-08-21,MN01,427.7,355.0,72.7,1,8.2,1,0.29,0.0,23.3,78.6,81.5
2025-08-22,MN01,427.4,427.8,0.0,0,1.9,1,0.38,7.9,25.7,56.4,96.6
2025-08-23,MN01,427.2,375.0,52.2,1,2.8,1,2.9,24.6,31.3,75.6,100.0
2025-08-24,MN01,427.0,381.3,45.6,1,0.0,0,0.68,9.6,25.2,85.7,81.1
2025-08-25,MN01,426.7,382.8,43.9,1,0.0,0,1.7,9.6,25.1,77.6,88.8
2025-08-26,MN01,426.5,399.7,26.8,0,4.9,1,0.82,24.6,19.3,72.1,99.6
2025-08-27,MN01,426.3,440.0,0.0,0,0.0,0,0.32,10.7,28.4,73.0,92.1
2025-08-28,MN01,426.1,421.4,4.7,0,0.0,0,0.1,11.7,25.4,74.4,100.0
2025-08-29,MN01,425.9,414.7,11.2,0,0.0,0,0.07,25.1,28.8,97.1,95.6
2025-08-30,MN01,425.7,389.2,36.5,0,0.0,0,0.85,29.9,34.5,81.8,95.7
2025-08-31,MN01,425.5,364.6,60.9,1,0.0,0,0.23,0.0,25.7,72.8,80.7
2025-09-01,MN01,425.3,412.9,12.4,0,0.0,0,0.04,23.3,27.0,88.9,93.2
2025-09-02,MN01,425.1,413.4,11.7,0,0.0,0,2.87,12.3,29.1,64.9,96.0
2025-09-03,MN01,424.9,374.2,50.7,1,5.4,1,1.03,31.8,31.0,76.6,90.4
2025-09-04,MN01,424.8,386.7,38.1,0,5.0,1,1.42,10.8,25.6,76.2,100.0
2025-09-05,MN01,424.6,385.7,38.9,0,0.0,0,2.77,2.8,28.1,74.6,94.9
2025-09-06,MN01,424.4,412.7,11.7,0,0.0,0,0.28,4.2,25.5,79.3,100.0
2025-09-07,MN01,424.3,396.7,27.6,0,0.0,0,1.47,8.4,34.1,66.9,96.8
2025-09-08,MN01,424.1,363.2,60.9,1,7.3,1,0.99,26.0,25.9,86.7,93.9
2025-09-09,MN01,424.0,408.9,15.1,0,0.0,0,0.27,30.3,26.8,81.8,99.1
2025-09-10,MN01,423.9,362.6,61.2,1,13.0,2,0.13,3.4,21.1,79.6,100.0
2025-09-11,MN01,423.7,348.8,74.9,1,8.5,1,0.57,7.0,29.9,66.7,97.1
2025-09-12,MN01,423.6,325.2,98.4,1,0.0,0,7.57,20.2,26.4,61.5,82.7
2025-09-13,MN01,423.5,392.1,31.4,0,0.5,1,1.55,7.6,24.0,72.6,90.1
2025-09-14,MN01,423.4,375.7,47.7,1,4.3,1,2.15,25.5,33.6,80.5,100.0
2025-09-15,MN01,423.3,392.1,31.2,0,0.0,0,2.14,5.3,26.6,61.5,92.1
2025-09-16,MN01,423.2,356.0,67.2,1,7.9,2,0.65,21.6,26.1,82.9,86.9
2025-09-17,MN01,423.1,372.8,50.3,1,0.0,0,0.01,28.1,32.3,92.8,96.0
2025-09-18,MN01,423.0,396.0,27.1,0,0.0,0,1.16,14.7,27.0,70.5,100.0
2025-09-19,MN01,422.9,426.7,0.0,0,0.0,0,1.98,6.7,22.3,72.1,94.1
2025-09-20,MN01,422.9,335.9,87.0,1,0.0,0,3.41,40.6,26.8,61.0,97.4
2025-09-21,MN01,422.8,417.4,5.4,0,0.0,0,1.4,1.2,35.7,83.0,98.2
2025-09-22,MN01,422.7,404.0,18.8,0,0.0,0,0.35,12.5,26.8,71.5,95.9
2025-09-23,MN01,422.7,321.9,100.8,1,7.6,1,1.66,34.0,21.0,76.5,95.6
2025-09-24,MN01,422.6,429.1,0.0,0,1.2,1,0.03,17.9,28.2,74.0,92.8
2025-09-25,MN01,422.6,385.6,37.0,0,0.0,0,4.03,18.4,27.3,71.7,87.7
2025-09-26,MN01,422.6,438.9,0.0,0,0.0,0,0.34,15.8,26.6,70.4,99.3
2025-09-27,MN01,422.6,402.8,19.8,0,0.0,0,0.8,18.1,36.7,81.0,84.9
2025-09-28,MN01,422.5,344.0,78.5,1,0.0,0,1.95,19.4,28.4,74.6,81.0
2025-09-29,MN01,422.5,368.9,53.6,1,5.5,1,2.18,28.2,28.4,78.1,94.8
2025-09-30,MN01,422.5,368.5,54.0,1,0.0,0,1.38,11.4,24.1,67.4,82.9
2025-10-01,MN01,422.5,421.5,1.1,0,0.0,0,0.45,2.8,19.8,40.5,92.0
2025-10-02,MN01,422.5,373.6,48.9,1,4.4,1,2.96,4.3,24.9,38.0,100.0
2025-10-03,MN01,422.5,413.6,8.9,0,0.0,0,1.29,0.1,25.4,38.6,97.6
2025-10-04,MN01,422.6,344.4,78.1,1,0.0,0,3.05,2.5,29.5,52.4,80.5
2025-10-05,MN01,422.6,421.5,1.1,0,3.0,1,0.24,3.0,26.8,40.8,97.0
2025-10-06,MN01,422.6,399.2,23.4,0,0.7,1,1.07,7.6,20.3,36.8,93.4
2025-10-07,MN01,422.7,416.9,5.8,0,0.0,0,0.7,1.3,25.7,52.8,97.3
2025-10-08,MN01,422.7,424.1,0.0,0,0.0,0,1.18,3.8,26.5,48.8,99.7
2025-10-09,MN01,422.8,397.3,25.4,0,0.0,0,1.47,3.9,23.9,50.0,86.8
2025-10-10,MN01,422.8,391.9,30.9,0,0.0,0,2.77,0.0,26.7,51.5,93.8
2025-10-11,MN01,422.9,413.7,9.2,0,0.0,0,1.01,1.1,35.8,57.2,100.0
2025-10-12,MN01,423.0,424.2,0.0,0,0.0,0,0.82,1.7,23.9,37.1,96.3
2025-10-13,MN01,423.0,407.3,15.8,0,0.0,0,1.91,0.0,26.1,43.9,86.9
2025-10-14,MN01,423.1,372.9,50.3,1,0.0,0,5.99,0.5,29.3,47.8,95.3
2025-10-15,MN01,423.2,389.8,33.4,0,0.0,0,1.48,1.3,31.6,40.6,96.8
2025-10-16,MN01,423.3,438.8,0.0,0,0.0,0,0.35,1.9,27.1,26.3,88.7
2025-10-17,MN01,423.4,425.8,0.0,0,0.0,0,0.8,3.0,20.0,38.0,100.0
2025-10-18,MN01,423.5,380.6,42.9,1,0.0,0,4.65,5.1,30.2,38.2,96.8
2025-10-19,MN01,423.7,421.6,2.0,0,0.0,0,0.64,2.3,26.2,37.5,95.9
2025-10-20,MN01,423.8,395.1,28.7,0,5.5,1,0.8,0.1,30.3,44.8,100.0
2025-10-21,MN01,423.9,428.6,0.0,0,0.0,0,1.09,7.1,30.3,62.4,89.0
2025-10-22,MN01,424.1,418.1,5.9,0,2.6,1,0.03,4.1,18.6,34.6,94.8
2025-10-23,MN01,424.2,369.0,55.2,1,5.5,1,3.36,0.0,23.7,29.1,91.0
2025-10-24,MN01,424.3,415.4,8.9,0,0.0,0,0.33,2.7,26.0,47.7,84.9
2025-10-25,MN01,424.5,410.9,13.6,0,0.0,0,2.36,0.2,19.5,49.4,95.5
2025-10-26,MN01,424.7,403.4,21.3,0,0.0,0,0.14,4.3,31.3,47.2,86.7
2025-10-27,MN01,424.8,387.4,37.4,0,6.1,1,0.39,0.9,23.3,53.7,84.7
2025-10-28,MN01,425.0,405.1,19.9,0,0.0,0,4.41,5.0,27.9,63.3,94.4
2025-10-29,MN01,425.2,410.3,14.8,0,0.0,0,1.24,3.6,26.3,34.7,88.7
2025-10-30,MN01,425.4,384.5,40.9,0,0.0,0,1.44,3.4,26.3,47.9,96.5
2025-10-31,MN01,425.6,409.6,16.0,0,0.0,0,2.92,4.4,35.0,63.0,91.8
2025-11-01,MN01,425.8,385.5,40.3,0,1.2,1,3.48,0.8,25.5,52.9,94.2
2025-11-02,MN01,426.0,397.6,28.4,0,0.0,0,0.92,2.6,27.9,51.5,96.2
2025-11-03,MN01,426.2,350.9,75.2,1,5.8,1,0.44,0.0,35.1,54.3,85.4
2025-11-04,MN01,426.4,431.8,0.0,0,0.0,0,0.1,1.4,28.2,47.0,92.1
2025-11-05,MN01,426.6,395.8,30.8,0,0.0,0,0.34,2.8,29.6,43.4,94.1
2025-11-06,MN01,426.8,433.6,0.0,0,0.0,0,0.21,0.4,31.4,75.1,91.6
2025-11-07,MN01,427.0,381.4,45.6,1,0.0,0,1.5,0.9,26.7,43.1,84.1
2025-11-08,MN01,427.3,404.5,22.8,0,4.2,1,0.35,0.0,26.4,60.1,97.1
2025-11-09,MN01,427.5,413.7,13.8,0,0.0,0,0.12,3.7,24.6,42.3,86.5
2025-11-10,MN01,427.8,410.4,17.4,0,0.0,0,2.34,5.8,34.6,28.2,92.8
2025-11-11,MN01,428.0,407.7,20.3,0,0.0,0,0.95,0.0,33.1,50.0,88.9
2025-11-12,MN01,428.3,400.0,28.2,0,0.0,0,1.16,4.9,31.7,50.5,83.3
2025-11-13,MN01,428.5,368.4,60.2,1,6.9,1,1.39,6.0,24.1,45.4,88.4
2025-11-14,MN01,428.8,424.5,4.3,0,0.0,0,0.51,0.0,28.1,40.1,90.5
2025-11-15,MN01,429.1,421.3,7.8,0,0.0,0,0.91,3.1,32.8,47.5,88.1
2025-11-16,MN01,429.3,411.6,17.7,0,4.6,1,0.3,1.5,22.5,38.6,96.5
2025-11-17,MN01,429.6,415.2,14.4,0,0.0,0,0.94,7.4,25.6,38.4,88.9
2025-11-18,MN01,429.9,406.2,23.7,0,0.0,0,0.63,1.2,25.0,48.4,85.7
2025-11-19,MN01,430.2,419.5,10.7,0,0.0,0,0.23,5.3,28.4,53.6,86.8
2025-11-20,MN01,430.5,406.1,24.4,0,0.0,0,2.26,3.8,26.6,34.8,100.0
2025-11-21,MN01,430.8,410.6,20.2,0,0.0,0,0.81,6.4,21.9,30.5,83.8
2025-11-22,MN01,431.1,414.4,16.7,0,0.0,0,0.26,4.0,27.3,44.2,84.3
2025-11-23,MN01,431.4,425.7,5.7,0,0.0,0,0.92,0.0,20.9,52.5,90.7
2025-11-24,MN01,431.7,402.4,29.3,0,0.0,0,2.48,0.0,27.4,27.4,96.5
2025-11-25,MN01,432.0,447.6,0.0,0,0.0,0,0.21,5.6,28.2,50.5,95.7
2025-11-26,MN01,432.3,363.8,68.5,1,0.0,0,3.0,4.0,27.0,43.7,80.3
2025-11-27,MN01,432.6,415.4,17.2,0,0.0,0,1.94,2.3,25.8,25.2,98.3
2025-11-28,MN01,433.0,423.5,9.4,0,0.0,0,0.76,3.4,22.9,25.3,94.0
2025-11-29,MN01,433.3,361.9,71.4,1,8.7,2,1.22,1.9,26.9,46.8,89.4
2025-11-30,MN01,433.6,410.7,22.9,0,3.6,1,0.02,2.3,23.3,49.8,93.3
2025-12-01,MN01,433.9,384.9,49.0,1,3.6,1,0.26,0.0,28.4,32.6,86.2
2025-12-02,MN01,434.3,431.8,2.5,0,0.0,0,0.42,9.3,28.0,57.3,98.1
2025-12-03,MN01,434.6,402.1,32.5,0,0.0,0,1.91,0.0,21.7,43.0,89.4
2025-12-04,MN01,435.0,399.0,36.0,0,0.0,0,2.43,1.5,28.8,21.0,89.8
2025-12-05,MN01,435.3,408.2,27.1,0,0.0,0,2.51,5.9,24.7,54.2,100.0
2025-12-06,MN01,435.7,434.7,1.0,0,0.0,0,0.08,6.6,27.5,53.4,85.7
2025-12-07,MN01,436.0,432.3,3.7,0,0.0,0,0.42,0.0,27.5,45.1,92.1
2025-12-08,MN01,436.4,384.5,51.8,1,12.3,2,0.96,3.5,25.0,54.0,89.9
2025-12-09,MN01,436.7,395.4,41.4,0,3.2,1,2.08,2.2,19.3,35.9,94.6
2025-12-10,MN01,437.1,425.4,11.7,0,2.1,1,1.04,0.9,28.1,38.3,92.4
2025-12-11,MN01,437.4,407.5,29.9,0,0.0,0,0.25,3.2,27.3,47.9,85.9
2025-12-12,MN01,437.8,441.0,0.0,0,0.0,0,1.32,4.9,29.9,30.9,94.5
2025-12-13,MN01,438.2,434.8,3.4,0,0.0,0,1.68,0.0,22.8,48.4,97.3
2025-12-14,MN01,438.5,443.7,0.0,0,0.0,0,1.22,2.2,25.9,52.7,94.6
2025-12-15,MN01,438.9,365.2,73.7,1,4.0,1,3.69,1.1,29.4,47.7,89.2
2025-12-16,MN01,439.3,418.4,20.9,0,0.0,0,0.16,0.0,20.5,48.8,85.0
2025-12-17,MN01,439.7,423.4,16.2,0,0.0,0,1.8,0.0,29.3,42.1,94.2
2025-12-18,MN01,440.0,406.3,33.7,0,1.8,1,0.3,3.7,27.5,27.7,86.7
2025-12-19,MN01,440.4,388.5,51.9,1,0.0,0,2.46,0.0,27.8,47.1,83.0
2025-12-20,MN01,440.8,404.7,36.1,0,6.3,1,0.65,0.0,28.2,51.9,88.7
2025-12-21,MN01,441.2,402.1,39.1,0,3.8,1,0.25,1.2,26.8,41.8,100.0
2025-12-22,MN01,441.5,450.7,0.0,0,0.0,0,2.38,5.5,23.2,45.4,95.9
2025-12-23,MN01,441.9,406.2,35.7,0,5.3,1,0.56,1.1,27.1,52.2,91.2
2025-12-24,MN01,442.3,399.4,42.9,0,4.2,1,1.46,0.0,26.3,45.0,100.0
2025-12-25,MN01,442.7,413.5,29.2,0,0.0,0,0.75,1.1,34.5,38.3,100.0
2025-12-26,MN01,443.1,402.4,40.7,0,5.1,1,0.37,1.1,29.9,52.4,88.6
2025-12-27,MN01,443.4,463.4,0.0,0,0.0,0,0.53,5.7,28.2,45.8,94.6
2025-12-28,MN01,443.8,400.4,43.5,0,7.6,1,0.08,8.4,28.5,41.6,95.1
2025-12-29,MN01,444.2,402.4,41.8,0,0.0,0,1.29,0.0,29.1,42.1,85.1
2025-12-30,MN01,444.6,413.9,30.7,0,0.0,0,1.93,1.8,29.7,55.5,88.1
2025-12-31,MN01,445.0,419.7,25.3,0,4.1,1,0.54,2.9,32.0,22.8,96.7
2026-01-01,MN01,445.1,438.8,6.3,0,0.0,0,1.2,2.0,29.5,38.6,88.9
2026-01-02,MN01,445.5,423.0,22.5,0,5.7,1,0.95,0.3,27.3,34.3,94.8
2026-01-03,MN01,445.9,389.3,56.6,1,5.0,1,0.85,1.6,37.0,48.6,85.6
2026-01-04,MN01,446.3,433.5,12.8,0,0.0,0,0.97,2.2,22.4,36.7,91.4
2026-01-05,MN01,446.7,380.1,66.6,1,0.0,0,3.01,0.0,30.9,49.7,84.3
2026-01-06,MN01,447.0,407.2,39.8,0,7.3,1,0.55,2.9,30.2,50.5,96.0
2026-01-07,MN01,447.4,429.8,17.6,0,0.0,0,1.39,8.4,30.0,44.4,88.0
2026-01-08,MN01,447.8,427.5,20.3,0,2.4,1,3.14,2.9,29.1,44.1,92.5
2026-01-09,MN01,448.2,375.8,72.4,1,13.3,2,0.03,3.4,24.2,34.0,98.9
2026-01-10,MN01,448.6,433.2,15.3,0,0.0,0,0.27,6.2,31.8,44.7,87.6
2026-01-11,MN01,448.9,355.4,93.6,1,8.0,1,4.25,5.0,23.8,35.9,91.6
2026-01-12,MN01,449.3,442.4,6.9,0,0.0,0,3.34,6.8,29.0,46.4,93.5
2026-01-13,MN01,449.7,392.0,57.7,1,6.0,1,0.56,4.8,34.5,53.7,97.1
2026-01-14,MN01,450.1,454.5,0.0,0,0.0,0,0.48,4.3,29.8,22.0,96.1
2026-01-15,MN01,450.4,415.0,35.4,0,0.0,0,0.33,0.0,28.2,50.6,85.7
2026-01-16,MN01,450.8,453.3,0.0,0,0.0,0,0.37,0.6,29.7,52.4,94.8
2026-01-17,MN01,451.2,463.0,0.0,0,0.0,0,0.27,0.0,31.2,23.7,90.2
2026-01-18,MN01,451.5,366.6,84.9,1,12.6,2,0.69,1.5,26.6,47.8,87.0
2026-01-19,MN01,451.9,444.7,7.2,0,4.7,1,0.56,5.2,26.0,54.8,96.3
2026-01-20,MN01,452.3,393.8,58.5,1,9.9,2,0.44,3.2,24.7,49.6,100.0
2026-01-21,MN01,452.6,443.5,9.1,0,0.0,0,0.34,3.1,32.3,63.4,87.5
2026-01-22,MN01,453.0,452.6,0.4,0,0.0,0,0.23,7.4,28.3,25.2,93.6
2026-01-23,MN01,453.3,449.6,3.7,0,0.0,0,0.64,0.5,22.2,45.7,97.6
2026-01-24,MN01,453.7,424.0,29.7,0,7.7,2,0.23,2.5,19.6,48.9,99.5
2026-01-25,MN01,454.0,444.5,9.6,0,0.0,0,0.2,0.9,29.0,50.4,87.4
2026-01-26,MN01,454.4,457.3,0.0,0,0.0,0,0.59,0.0,27.6,33.1,100.0
2026-01-27,MN01,454.7,449.7,5.0,0,0.0,0,1.44,3.6,26.4,55.9,91.5
2026-01-28,MN01,455.1,423.2,31.9,0,0.0,0,1.63,4.9,27.2,52.3,92.8
2026-01-29,MN01,455.4,404.7,50.7,1,0.0,0,1.78,0.0,31.6,62.9,89.0
2026-01-30,MN01,455.7,408.1,47.6,1,0.0,0,2.97,1.0,29.8,37.8,86.5
2026-01-31,MN01,456.1,369.8,86.2,1,7.9,1,3.81,6.5,37.7,39.3,94.8
2026-02-01,MN01,456.4,450.7,5.7,0,0.0,0,0.57,0.0,28.2,39.7,89.8
2026-02-02,MN01,456.7,480.0,0.0,0,0.0,0,0.58,0.0,31.8,26.2,92.2
2026-02-03,MN01,457.1,353.9,103.1,1,14.0,2,2.42,3.0,18.0,30.9,91.5
2026-02-04,MN01,457.4,457.0,0.4,0,0.0,0,1.13,0.0,24.4,48.4,92.7
2026-02-05,MN01,457.7,440.0,17.7,0,0.0,0,1.54,4.4,26.8,49.4,98.3
2026-02-06,MN01,458.0,442.2,15.8,0,0.0,0,1.22,1.0,34.7,67.6,95.5
2026-02-07,MN01,458.3,401.7,56.6,1,5.7,1,1.23,2.7,27.8,36.4,88.5
2026-02-08,MN01,458.6,442.0,16.6,0,0.0,0,1.63,3.4,24.4,34.1,92.8
2026-02-09,MN01,458.9,434.8,24.1,0,0.0,0,0.03,4.6,28.1,49.7,88.5
2026-02-10,MN01,459.2,469.6,0.0,0,0.0,0,0.19,6.2,25.7,35.3,96.3
2026-02-11,MN01,459.5,455.4,4.1,0,0.0,0,0.11,2.7,40.3,42.0,100.0
2026-02-12,MN01,459.8,443.5,16.3,0,0.0,0,0.39,1.8,25.4,43.9,100.0
2026-02-13,MN01,460.1,436.4,23.6,0,0.0,0,2.79,6.5,24.1,47.7,100.0
2026-02-14,MN01,460.3,415.5,44.8,0,0.0,0,0.89,0.0,22.8,38.7,83.6
2026-02-15,MN01,460.6,441.0,19.6,0,0.0,0,0.68,6.7,22.6,37.5,100.0
2026-02-16,MN01,460.9,435.6,25.3,0,0.0,0,1.16,6.2,23.5,42.2,92.8
2026-02-17,MN01,461.1,406.8,54.3,1,3.1,1,2.61,4.2,27.0,54.4,87.3
2026-02-18,MN01,461.4,407.2,54.1,1,0.0,0,0.1,0.8,23.0,28.6,81.2
2026-02-19,MN01,461.6,465.0,0.0,0,0.0,0,0.33,0.0,27.2,20.0,92.4
2026-02-20,MN01,461.9,450.5,11.3,0,0.0,0,1.9,1.0,26.2,44.1,95.4
2026-02-21,MN01,462.1,447.7,14.4,0,0.0,0,1.15,3.9,26.9,53.2,87.8
2026-02-22,MN01,462.4,403.6,58.8,1,7.1,1,2.55,3.8,20.8,38.7,98.7
2026-02-23,MN01,462.6,421.6,41.0,0,5.3,1,0.42,1.6,27.8,50.7,93.6
2026-02-24,MN01,462.8,442.0,20.8,0,0.0,0,3.1,4.5,28.8,29.7,96.1
2026-02-25,MN01,463.0,448.0,15.1,0,0.0,0,0.98,0.9,21.4,44.3,92.3
2026-02-26,MN01,463.3,380.3,83.0,1,0.0,0,0.07,3.0,31.1,43.9,79.6
2026-02-27,MN01,463.5,421.3,42.1,0,3.6,1,0.77,2.3,31.2,48.9,90.5
2026-02-28,MN01,463.7,465.3,0.0,0,0.0,0,0.12,3.9,19.5,37.6,94.6
2026-03-01,MN01,463.9,434.8,29.1,0,0.0,0,0.98,2.4,31.1,53.4,84.6
2026-03-02,MN01,464.1,426.5,37.5,0,0.0,0,4.14,1.9,30.6,56.8,92.8
2026-03-03,MN01,464.2,430.2,34.1,0,0.0,0,3.22,1.2,24.9,49.7,100.0
2026-03-04,MN01,464.4,444.4,20.0,0,0.0,0,2.4,2.3,26.2,50.1,99.3
2026-03-05,MN01,464.6,429.1,35.5,0,1.1,1,2.38,5.6,19.2,40.6,95.4
2026-03-06,MN01,464.8,429.5,35.3,0,5.2,1,0.64,2.2,28.1,34.5,93.8
2026-03-07,MN01,464.9,403.4,61.6,1,7.7,2,1.97,0.0,23.0,43.7,93.2
2026-03-08,MN01,465.1,446.7,18.4,0,0.0,0,1.18,0.6,23.4,34.9,92.2
2026-03-09,MN01,465.2,441.9,23.3,0,4.4,1,0.01,2.6,29.5,50.9,96.0
2026-03-10,MN01,465.4,473.5,0.0,0,0.0,0,0.91,0.0,28.8,55.6,95.4
2026-03-11,MN01,465.5,443.6,21.9,0,3.9,1,1.16,1.7,30.9,43.9,99.1
2026-03-12,MN01,465.7,439.6,26.1,0,0.0,0,1.0,2.9,29.7,50.3,84.1
2026-03-13,MN01,465.8,464.1,1.7,0,0.0,0,0.5,3.7,24.2,54.9,100.0
2026-03-14,MN01,465.9,416.8,49.2,1,3.6,1,0.59,0.0,22.0,41.1,100.0
2026-03-15,MN01,466.0,415.8,50.2,1,6.6,1,0.68,3.8,29.1,31.7,87.2
2026-03-16,MN01,466.1,418.7,47.5,1,0.0,0,3.66,1.4,32.2,36.4,90.3
2026-03-17,MN01,466.2,427.5,38.7,0,2.5,1,0.06,0.0,26.5,25.2,84.4
2026-03-18,MN01,466.3,450.2,16.2,0,0.0,0,2.41,0.0,29.4,38.1,86.6
2026-03-19,MN01,466.4,381.5,84.9,1,10.0,1,3.45,0.3,28.7,55.7,97.7
2026-03-20,MN01,466.5,453.3,13.2,0,0.0,0,2.11,2.5,28.0,39.6,100.0
2026-03-21,MN01,466.6,398.7,67.9,1,3.3,1,2.99,0.8,26.7,43.9,90.6
2026-03-22,MN01,466.7,385.5,81.2,1,8.8,1,1.08,6.0,25.1,60.3,88.0
2026-03-23,MN01,466.7,464.8,2.0,0,0.0,0,0.43,3.5,28.1,57.3,99.5
2026-03-24,MN01,466.8,482.7,0.0,0,0.0,0,0.41,3.1,27.3,40.9,98.7
2026-03-25,MN01,466.8,436.1,30.7,0,6.7,2,0.2,1.7,28.2,42.9,92.2
2026-03-26,MN01,466.9,396.4,70.4,1,9.7,2,1.4,5.1,24.2,54.4,89.9
2026-03-27,MN01,466.9,420.3,46.6,0,7.0,2,1.87,4.6,25.4,22.1,91.6
2026-03-28,MN01,466.9,448.9,18.0,0,0.0,0,0.98,0.8,27.0,39.7,100.0
2026-03-29,MN01,467.0,445.3,21.7,0,0.0,0,0.23,3.4,23.5,41.5,87.2
2026-03-30,MN01,467.0,381.8,85.1,1,13.0,2,1.37,1.1,27.7,45.4,95.8
2026-03-31,MN01,467.0,432.2,34.8,0,5.8,1,0.31,0.3,31.1,45.8,88.4
2026-04-01,MN01,467.0,400.2,66.7,1,0.0,0,3.98,2.3,37.5,37.1,85.5
2026-04-02,MN01,467.0,379.9,87.0,1,3.4,1,3.11,0.0,33.8,53.0,81.9
2026-04-03,MN01,467.0,446.8,20.2,0,0.0,0,2.86,2.9,26.3,31.4,89.9
2026-04-04,MN01,467.0,430.2,36.8,0,0.0,0,2.17,0.0,29.4,38.5,84.2
2026-04-05,MN01,466.9,414.2,52.7,1,6.3,1,2.05,0.7,28.9,33.5,100.0
2026-04-06,MN01,466.9,466.2,0.7,0,0.0,0,0.19,0.0,28.7,56.2,92.0
2026-04-07,MN01,466.9,404.0,62.8,1,5.4,1,2.93,0.0,38.8,41.6,91.7
2026-04-08,MN01,466.8,403.5,63.4,1,0.0,0,1.0,0.0,30.6,64.3,84.2
2026-04-09,MN01,466.8,360.1,106.6,1,10.6,1,2.69,0.0,32.1,43.0,100.0
2026-04-10,MN01,466.7,442.4,24.3,0,0.0,0,2.93,0.0,31.1,39.0,86.6
2026-04-11,MN01,466.7,404.6,62.1,1,4.1,1,2.52,0.0,37.4,34.0,97.3
2026-04-12,MN01,466.6,461.0,5.6,0,0.0,0,2.14,5.6,33.3,38.4,96.5
2026-04-13,MN01,466.5,481.2,0.0,0,0.0,0,0.48,1.0,28.4,50.6,90.1
2026-04-14,MN01,466.4,452.0,14.5,0,0.0,0,0.49,0.0,43.6,37.9,88.8
2026-04-15,MN01,466.4,492.0,0.0,0,0.0,0,0.11,2.4,37.4,40.7,95.4
2026-04-16,MN01,466.3,438.1,28.2,0,0.0,0,3.34,1.5,34.1,35.1,90.9
2026-04-17,MN01,466.2,435.1,31.1,0,0.0,0,0.16,1.3,32.3,55.0,81.3
2026-04-18,MN01,466.1,451.5,14.5,0,0.0,0,0.09,1.1,34.5,51.0,89.3
2026-04-19,MN01,465.9,451.8,14.1,0,0.0,0,0.44,0.0,41.6,36.2,88.2
2026-04-20,MN01,465.8,453.6,12.3,0,0.0,0,2.01,0.8,31.6,37.0,96.7
2026-04-21,MN01,465.7,473.0,0.0,0,0.0,0,0.27,6.2,30.3,43.4,100.0
2026-04-22,MN01,465.6,408.5,57.1,1,9.1,1,1.46,0.6,35.9,51.7,93.8
2026-04-23,MN01,465.4,475.7,0.0,0,0.0,0,0.46,2.3,36.5,41.0,95.2
2026-04-24,MN01,465.3,426.5,38.8,0,0.0,0,1.2,5.6,34.6,45.3,82.7
2026-04-25,MN01,465.1,453.0,12.1,0,0.0,0,0.52,1.6,30.6,44.3,90.4
2026-04-26,MN01,465.0,429.4,35.6,0,0.0,0,0.03,5.4,32.4,39.2,86.2
2026-04-27,MN01,464.8,432.8,32.1,0,0.0,0,0.8,2.5,32.8,47.3,85.1
2026-04-28,MN01,464.6,453.1,11.6,0,0.0,0,0.28,0.0,39.0,39.4,90.9
2026-04-29,MN01,464.5,363.9,100.5,1,15.2,2,2.42,3.5,28.1,55.8,93.4
2026-04-30,MN01,464.3,442.7,21.5,0,0.0,0,2.51,5.9,32.7,34.3,87.5
2026-05-01,MN01,464.1,408.8,55.3,1,5.9,1,1.31,0.0,27.7,30.1,93.7
2026-05-02,MN01,463.9,420.2,43.7,0,0.0,0,4.14,0.0,40.8,60.7,98.3
2026-05-03,MN01,463.7,486.7,0.0,0,0.0,0,0.27,1.6,31.2,63.5,90.1
2026-05-04,MN01,463.5,408.1,55.4,1,5.7,1,0.84,0.0,34.4,51.9,91.9
2026-05-05,MN01,463.3,444.8,18.5,0,1.8,1,0.98,0.0,36.6,39.8,91.0
2026-05-06,MN01,463.1,408.9,54.2,1,6.7,1,2.79,0.3,35.2,45.6,94.4
2026-05-07,MN01,462.9,437.4,25.5,0,0.0,0,0.92,4.1,34.8,42.4,91.7
2026-05-08,MN01,462.6,466.1,0.0,0,0.0,0,0.37,3.1,31.8,50.2,95.9
2026-05-09,MN01,462.4,473.4,0.0,0,0.0,0,0.44,2.1,40.9,62.5,98.4
2026-05-10,MN01,462.2,443.2,19.0,0,0.0,0,0.15,0.0,36.1,31.3,84.7
2026-05-11,MN01,461.9,424.9,37.1,0,4.5,1,1.08,7.6,35.5,40.8,89.2
2026-05-12,MN01,461.7,432.9,28.8,0,0.0,0,2.64,3.8,40.3,27.1,86.5
2026-05-13,MN01,461.4,438.8,22.6,0,0.0,0,4.3,0.9,33.7,41.6,94.4
2026-05-14,MN01,461.2,457.6,3.6,0,0.0,0,0.45,3.7,28.3,42.3,94.4
2026-05-15,MN01,460.9,462.2,0.0,0,0.0,0,1.6,1.8,33.3,67.8,89.7
2026-05-16,MN01,460.7,444.6,16.1,0,0.0,0,0.19,4.0,33.9,47.1,95.1
2026-05-17,MN01,460.4,474.5,0.0,0,0.0,0,0.97,0.0,34.0,50.4,94.7
2026-05-18,MN01,460.1,430.8,29.3,0,3.2,1,0.91,1.2,35.8,45.3,96.2
2026-05-19,MN01,459.8,453.6,6.3,0,0.0,0,1.21,0.0,38.2,50.1,92.9
2026-05-20,MN01,459.5,414.1,45.4,0,3.4,1,1.58,0.0,35.2,54.8,93.2
2026-05-21,MN01,459.3,440.9,18.4,0,0.0,0,0.65,6.1,32.7,55.9,88.8
2026-05-22,MN01,459.0,454.9,4.0,0,0.0,0,1.16,4.5,33.0,48.1,93.7
2026-05-23,MN01,458.7,386.6,72.1,1,7.4,1,4.65,1.8,35.0,46.2,92.4
2026-05-24,MN01,458.4,472.1,0.0,0,0.0,0,0.59,0.0,37.7,53.1,98.1
2026-05-25,MN01,458.1,422.3,35.7,0,0.0,0,2.17,2.5,37.1,50.1,99.1
2026-05-26,MN01,457.8,371.1,86.6,1,4.3,1,0.52,2.6,28.1,40.3,78.4
2026-05-27,MN01,457.4,425.4,32.1,0,0.0,0,4.14,0.0,36.2,39.4,94.9
2026-05-28,MN01,457.1,440.4,16.7,0,0.0,0,0.6,3.7,35.0,32.2,95.1
2026-05-29,MN01,456.8,440.8,16.0,0,3.8,1,1.38,4.3,31.5,52.0,100.0
2026-05-30,MN01,456.5,375.5,80.9,1,6.8,1,2.53,0.0,33.2,72.7,98.1
2026-05-31,MN01,456.2,415.3,40.9,0,0.0,0,1.42,0.2,34.3,52.7,80.3
2026-06-01,MN01,455.8,473.1,0.0,0,0.0,0,1.34,10.9,27.5,64.7,100.0
2026-06-02,MN01,455.5,374.4,81.1,1,0.0,0,0.97,29.3,35.6,74.4,83.0
2026-06-03,MN01,455.1,350.1,105.1,1,4.1,1,7.01,18.8,29.3,76.2,100.0
2026-06-04,MN01,454.8,443.6,11.2,0,0.0,0,0.63,26.0,24.3,63.8,93.2
2026-06-05,MN01,454.5,407.1,47.3,1,6.7,1,0.69,16.4,24.6,59.5,85.7
2026-06-06,MN01,454.1,385.8,68.3,1,7.0,1,0.3,22.4,32.3,64.4,95.4
2026-06-07,MN01,453.8,430.0,23.8,0,0.0,0,0.55,22.6,20.4,87.2,88.6
2026-06-08,MN01,453.4,399.1,54.3,1,12.4,2,0.32,10.1,28.7,70.1,100.0
2026-06-09,MN01,453.1,439.8,13.2,0,0.0,0,0.46,0.0,33.0,67.1,100.0
2026-06-10,MN01,452.7,433.9,18.8,0,0.0,0,0.98,20.0,32.1,90.8,95.8
2026-06-11,MN01,452.3,402.3,50.0,1,0.0,0,3.53,10.0,19.4,87.4,98.3
2026-06-12,MN01,452.0,457.2,0.0,0,0.0,0,0.54,10.7,25.9,78.3,96.8
2026-06-13,MN01,451.6,421.7,29.9,0,0.0,0,1.03,29.2,30.6,75.6,90.7
2026-06-14,MN01,451.3,436.0,15.2,0,0.0,0,2.06,9.8,31.0,79.0,91.5
2026-06-15,MN01,450.9,420.6,30.3,0,4.5,1,0.04,16.4,19.7,96.2,93.0
2026-06-16,MN01,450.5,433.6,16.9,0,0.0,0,3.02,20.4,34.0,97.8,91.9
2026-06-17,MN01,450.1,463.4,0.0,0,0.0,0,0.05,23.3,25.7,72.9,90.6
2026-06-18,MN01,449.8,430.2,19.5,0,0.0,0,1.1,6.5,27.7,64.1,100.0
2026-06-19,MN01,449.4,405.5,43.9,0,0.0,0,2.26,27.9,29.1,90.8,98.1
2026-06-20,MN01,449.0,467.0,0.0,0,0.0,0,1.22,8.2,18.5,59.5,100.0
2026-06-21,MN01,448.6,396.4,52.3,1,7.2,1,0.39,12.6,22.9,91.9,98.1
2026-06-22,MN01,448.3,442.3,6.0,0,0.0,0,0.99,7.9,29.1,83.2,100.0
2026-06-23,MN01,447.9,449.8,0.0,0,0.0,0,2.45,5.8,30.9,76.0,94.6
2026-06-24,MN01,447.5,421.4,26.1,0,0.0,0,1.78,22.7,28.7,76.1,88.2
2026-06-25,MN01,447.1,445.0,2.1,0,4.3,1,0.13,20.6,21.7,87.0,100.0
2026-06-26,MN01,446.7,455.1,0.0,0,0.0,0,0.25,12.3,23.1,62.4,97.3
2026-06-27,MN01,446.4,438.9,7.4,0,4.5,1,0.11,7.0,27.2,79.6,89.7
2026-06-28,MN01,446.0,405.3,40.7,0,0.0,0,1.5,35.2,23.4,61.1,98.1
2026-06-29,MN01,445.6,381.2,64.4,1,4.8,1,0.69,26.3,30.5,78.3,90.4
2026-06-30,MN01,445.2,448.9,0.0,0,0.0,0,0.86,16.4,22.9,82.6,95.6
2026-07-01,MN01,444.8,424.8,20.0,0,0.0,0,1.08,15.5,23.6,80.2,93.3
2026-07-02,MN01,444.5,442.3,2.1,0,0.0,0,0.54,23.3,22.9,71.6,91.0
2026-07-03,MN01,444.1,425.7,18.4,0,4.9,1,0.59,27.2,23.5,84.2,94.9
2026-07-04,MN01,443.7,428.3,15.4,0,0.0,0,0.57,13.2,26.0,81.9,87.5
2026-07-05,MN01,443.3,423.7,19.6,0,0.0,0,0.45,27.1,35.3,81.9,91.9
2026-07-06,MN01,442.9,398.4,44.6,1,3.1,1,0.05,27.9,29.2,64.1,97.4
2026-07-07,MN01,442.5,396.5,46.0,1,0.0,0,4.21,18.4,26.5,85.5,92.9
2026-07-08,MN01,442.2,395.3,46.9,1,0.0,0,2.32,18.1,26.3,76.9,84.5
2026-07-09,MN01,441.8,363.7,78.1,1,10.3,2,0.13,23.5,26.7,78.9,89.8
2026-07-10,MN01,441.4,407.1,34.3,0,0.0,0,1.47,8.0,21.6,65.1,93.5
2026-07-11,MN01,441.0,437.2,3.8,0,0.0,0,0.07,13.8,21.6,57.0,91.8
2026-07-12,MN01,440.6,424.6,16.1,0,0.0,0,1.51,1.1,29.5,80.5,100.0
2026-07-13,MN01,440.3,394.9,45.4,1,2.8,1,3.37,25.3,24.3,72.8,96.2
2026-07-14,MN01,439.9,400.9,38.9,0,2.7,1,1.08,26.8,28.2,75.5,100.0
2026-07-15,MN01,439.5,388.7,50.8,1,7.1,2,0.6,22.9,26.8,78.2,93.3
2026-07-16,MN01,439.1,415.6,23.6,0,0.0,0,2.02,16.4,22.4,75.2,97.1
2026-07-17,MN01,438.8,394.0,44.8,1,0.0,0,4.63,0.0,26.3,69.1,92.6
2026-07-18,MN01,438.4,413.7,24.7,0,0.0,0,0.14,31.3,27.8,80.2,99.2
2026-07-19,MN01,438.0,411.6,26.5,0,0.0,0,0.3,22.7,26.3,70.9,86.4
2026-07-20,MN01,437.7,421.4,16.3,0,0.0,0,0.22,22.7,29.1,66.4,91.7
2026-07-21,MN01,437.3,369.3,68.0,1,11.2,1,1.64,16.5,33.4,71.9,93.2
2026-07-22,MN01,437.0,431.7,5.2,0,0.0,0,1.41,25.3,28.2,76.6,100.0
2026-07-23,MN01,436.6,421.6,15.0,0,0.0,0,1.22,8.7,22.8,72.0,95.6
2026-07-24,MN01,436.2,455.1,0.0,0,0.0,0,0.41,2.4,25.6,77.8,95.7
2026-07-25,MN01,435.9,365.7,70.1,1,7.0,1,2.44,7.8,20.8,70.2,100.0
2026-07-26,MN01,435.5,435.5,0.0,0,0.0,0,0.28,11.5,28.4,68.5,94.1
2026-07-27,MN01,435.2,391.3,43.8,1,0.6,1,0.68,34.9,26.2,96.2,96.4
2026-07-28,MN01,434.8,401.3,33.6,0,0.0,0,0.47,27.5,27.4,59.6,97.4
2026-07-29,MN01,434.5,388.7,45.8,1,0.0,0,4.35,30.0,22.2,72.6,100.0
2026-07-30,MN01,434.2,428.2,6.0,0,4.8,1,0.15,12.8,27.7,70.1,96.7
2026-07-31,MN01,433.8,360.4,73.4,1,7.4,1,3.91,26.7,21.8,70.4,93.7
2026-08-01,MN01,433.5,440.2,0.0,0,2.4,1,0.12,12.4,22.9,53.4,95.3
2026-08-02,MN01,433.2,424.3,8.9,0,0.0,0,0.19,10.7,29.5,80.9,95.7
2026-08-03,MN01,432.8,428.2,4.7,0,0.0,0,0.05,8.9,22.4,62.8,90.1
2026-08-04,MN01,432.5,412.8,19.7,0,0.0,0,0.24,26.0,30.3,69.1,84.4
2026-08-05,MN01,432.2,402.3,29.9,0,0.0,0,3.41,19.6,26.4,80.0,100.0
2026-08-06,MN01,431.9,384.6,47.3,1,0.0,0,0.07,24.3,27.0,92.3,85.1
2026-08-07,MN01,431.6,325.0,106.6,1,2.7,1,0.93,30.9,20.4,63.2,80.7
2026-08-08,MN01,431.3,419.6,11.6,0,0.0,0,2.47,13.8,20.7,82.6,92.9
2026-08-09,MN01,431.0,443.3,0.0,0,0.0,0,0.12,18.4,24.5,75.5,85.3
2026-08-10,MN01,430.7,376.9,53.7,1,5.2,1,1.67,19.0,30.7,90.8,100.0
2026-08-11,MN01,430.4,397.9,32.5,0,6.7,1,0.49,16.9,25.6,78.5,90.1
2026-08-12,MN01,430.1,372.9,57.2,1,6.8,1,0.01,25.5,34.2,74.8,93.9
2026-08-13,MN01,429.8,412.1,17.7,0,2.4,1,0.99,20.9,26.9,67.0,90.0
2026-08-14,MN01,429.5,355.8,73.7,1,5.3,1,1.29,15.7,25.6,76.7,82.0
2026-08-15,MN01,429.2,443.3,0.0,0,0.0,0,0.76,11.5,25.8,76.1,88.5
2026-08-16,MN01,429.0,397.8,31.2,0,0.0,0,2.25,22.3,29.2,77.5,99.7
2026-08-17,MN01,428.7,415.4,13.3,0,0.0,0,0.34,13.1,29.0,80.2,99.4
2026-08-18,MN01,428.4,433.7,0.0,0,0.0,0,0.29,22.2,20.4,76.4,97.0
2026-08-19,MN01,428.2,392.8,35.4,0,0.0,0,1.03,29.4,25.8,98.0,88.4
2026-08-20,MN01,427.9,409.5,18.5,0,0.0,0,0.34,8.1,33.2,71.2,90.8
2026-08-21,MN01,427.7,391.1,36.6,0,4.6,1,0.56,21.9,27.0,98.0,100.0
2026-08-22,MN01,427.4,366.0,61.4,1,5.1,1,1.13,13.6,22.0,74.3,85.0
2026-08-23,MN01,427.2,348.0,79.2,1,0.0,0,2.3,28.6,24.9,66.0,82.9
2024-08-24,MN02,407.8,379.4,28.5,0,0.0,0,1.98,18.0,31.3,84.7,97.1
2024-08-25,MN02,407.6,404.7,2.9,0,0.0,0,0.34,20.0,31.1,80.3,100.0
2024-08-26,MN02,407.4,372.0,35.4,0,0.0,0,5.65,7.3,36.0,80.1,94.2
2024-08-27,MN02,407.2,408.1,0.0,0,0.0,0,0.8,0.0,32.0,85.9,96.1
2024-08-28,MN02,407.0,327.3,79.7,1,12.9,2,1.04,12.2,25.7,73.1,89.7
2024-08-29,MN02,406.8,407.3,0.0,0,0.0,0,1.44,15.2,24.0,86.5,87.8
2024-08-30,MN02,406.6,386.5,20.2,0,0.0,0,2.49,13.9,25.6,71.8,92.5
2024-08-31,MN02,406.5,414.0,0.0,0,0.0,0,1.57,20.4,35.2,88.0,97.8
2024-09-01,MN02,406.3,377.4,28.9,0,4.0,1,2.16,14.5,22.6,79.9,90.9
2024-09-02,MN02,406.1,375.3,30.8,0,0.0,0,4.2,15.1,28.2,66.5,92.9
2024-09-03,MN02,405.9,357.0,48.9,1,5.2,1,1.07,12.0,29.9,51.9,91.3
2024-09-04,MN02,405.8,402.6,3.2,0,0.0,0,0.13,4.0,33.3,52.3,95.8
2024-09-05,MN02,405.6,406.4,0.0,0,0.0,0,0.02,0.8,27.9,81.8,96.2
2024-09-06,MN02,405.5,393.5,12.0,0,0.0,0,0.55,10.7,24.9,77.2,92.7
2024-09-07,MN02,405.4,332.5,72.8,1,3.0,1,0.74,18.1,22.0,78.8,80.2
2024-09-08,MN02,405.2,395.2,10.1,0,0.0,0,1.27,0.0,22.4,69.1,100.0
2024-09-09,MN02,405.1,373.2,31.9,0,6.2,1,0.11,24.8,22.1,76.7,96.4
2024-09-10,MN02,405.0,355.4,49.6,1,7.5,1,1.72,10.0,32.5,78.2,94.0
2024-09-11,MN02,404.8,403.5,1.4,0,0.0,0,0.2,11.0,22.4,75.5,100.0
2024-09-12,MN02,404.7,359.9,44.8,1,0.0,0,1.04,37.5,27.1,78.2,100.0
2024-09-13,MN02,404.6,378.9,25.8,0,4.3,1,0.49,12.8,27.4,71.8,94.0
2024-09-14,MN02,404.5,369.2,35.4,0,4.8,1,0.19,24.2,26.8,78.5,94.9
2024-09-15,MN02,404.4,374.3,30.2,0,0.0,0,0.66,31.0,26.1,68.3,86.4
2024-09-16,MN02,404.4,392.4,11.9,0,0.0,0,0.17,21.7,30.0,78.7,96.2
2024-09-17,MN02,404.3,355.2,49.1,1,0.0,0,1.17,27.9,20.3,83.7,85.0
2024-09-18,MN02,404.2,339.0,65.2,1,6.7,1,2.11,0.3,29.1,86.7,99.1
2024-09-19,MN02,404.1,379.7,24.4,0,0.0,0,2.36,8.7,25.3,85.6,94.6
2024-09-20,MN02,404.1,315.9,88.2,1,5.4,1,4.85,6.5,29.8,66.9,93.1
2024-09-21,MN02,404.0,399.5,4.5,0,0.0,0,0.17,2.0,31.5,59.2,100.0
2024-09-22,MN02,404.0,396.8,7.1,0,0.0,0,1.05,7.8,26.3,65.5,85.9
2024-09-23,MN02,403.9,400.3,3.6,0,1.2,1,0.99,16.7,25.4,83.6,91.4
2024-09-24,MN02,403.9,405.6,0.0,0,0.0,0,1.26,18.7,29.2,98.0,89.9
2024-09-25,MN02,403.9,404.6,0.0,0,0.0,0,1.73,16.9,32.8,82.6,100.0
2024-09-26,MN02,403.8,348.2,55.7,1,0.0,0,0.06,1.5,31.8,93.5,82.8
2024-09-27,MN02,403.8,392.9,10.9,0,0.0,0,1.57,16.4,35.1,56.9,96.2
2024-09-28,MN02,403.8,331.8,72.0,1,5.5,1,1.0,38.5,29.5,71.1,92.7
2024-09-29,MN02,403.8,395.4,8.4,0,0.0,0,0.28,22.5,23.3,82.8,96.5
2024-09-30,MN02,403.8,396.3,7.5,0,0.0,0,0.02,18.5,23.8,85.7,87.9
2024-10-01,MN02,403.8,368.1,35.7,0,0.0,0,1.82,5.8,21.8,52.2,85.9
2024-10-02,MN02,403.8,401.1,2.7,0,0.0,0,0.63,0.0,30.8,48.7,100.0
2024-10-03,MN02,403.8,377.4,26.4,0,6.3,1,0.15,5.1,22.4,45.9,99.8
2024-10-04,MN02,403.9,394.2,9.7,0,0.0,0,0.32,3.3,21.7,43.9,100.0
2024-10-05,MN02,403.9,368.6,35.3,0,5.9,1,0.06,0.0,25.7,34.9,95.4
2024-10-06,MN02,403.9,387.0,17.0,0,0.0,0,1.5,0.0,15.5,41.3,93.8
2024-10-07,MN02,404.0,359.5,44.5,1,0.5,1,1.8,0.2,28.3,45.6,88.3
2024-10-08,MN02,404.0,384.2,19.9,0,4.1,1,0.56,0.7,29.4,44.0,93.5
2024-10-09,MN02,404.1,384.6,19.4,0,0.0,0,0.26,4.4,31.9,43.4,94.2
2024-10-10,MN02,404.2,401.3,2.9,0,0.0,0,0.85,3.6,28.5,63.8,96.3
2024-10-11,MN02,404.2,408.1,0.0,0,0.0,0,0.15,3.2,23.0,49.0,91.9
2024-10-12,MN02,404.3,373.1,31.2,0,0.0,0,1.12,5.5,23.3,39.7,84.9
2024-10-13,MN02,404.4,405.5,0.0,0,0.0,0,1.4,0.0,18.6,52.4,89.0
2024-10-14,MN02,404.5,409.6,0.0,0,0.0,0,0.03,0.1,25.1,31.3,92.8
2024-10-15,MN02,404.6,380.0,24.6,0,0.0,0,2.29,0.0,18.8,48.3,99.3
2024-10-16,MN02,404.7,394.2,10.5,0,0.0,0,0.14,2.1,19.5,54.4,93.1
2024-10-17,MN02,404.8,376.6,28.1,0,0.0,0,0.95,0.0,24.7,38.5,91.8
2024-10-18,MN02,404.9,369.2,35.6,0,0.0,0,1.11,0.0,21.8,36.0,86.6
2024-10-19,MN02,405.0,381.6,23.5,0,0.0,0,2.57,0.0,33.8,43.1,100.0
2024-10-20,MN02,405.1,411.4,0.0,0,0.0,0,0.81,0.0,21.0,39.3,92.3
2024-10-21,MN02,405.3,359.7,45.5,1,2.5,1,1.86,0.0,28.2,50.4,88.5
2024-10-22,MN02,405.4,389.3,16.1,0,0.0,0,1.57,0.0,30.0,48.7,89.3
2024-10-23,MN02,405.5,365.2,40.4,0,5.8,1,2.48,6.5,29.7,43.2,100.0
2024-10-24,MN02,405.7,426.3,0.0,0,0.0,0,0.38,0.0,17.1,28.1,92.9
2024-10-25,MN02,405.8,357.4,48.4,1,0.0,0,1.65,6.7,30.2,20.9,81.8
2024-10-26,MN02,406.0,404.2,1.8,0,0.0,0,0.52,4.6,18.5,53.6,100.0
2024-10-27,MN02,406.2,405.4,0.8,0,0.0,0,0.22,0.5,34.7,39.1,89.1
2024-10-28,MN02,406.3,388.3,18.1,0,0.0,0,0.44,0.0,24.0,37.6,93.2
2024-10-29,MN02,406.5,408.7,0.0,0,0.0,0,0.01,0.0,25.8,42.1,89.4
2024-10-30,MN02,406.7,393.7,13.0,0,0.0,0,0.54,0.0,27.1,53.2,99.0
2024-10-31,MN02,406.9,370.5,36.4,0,4.3,1,0.51,1.6,25.7,50.2,86.6
2024-11-01,MN02,407.1,360.0,47.1,1,0.0,0,0.37,0.0,31.0,53.5,81.0
2024-11-02,MN02,407.3,387.6,19.7,0,0.0,0,0.17,4.4,34.1,41.6,89.0
2024-11-03,MN02,407.5,395.1,12.4,0,0.0,0,0.48,0.0,27.3,52.8,91.5
2024-11-04,MN02,407.7,411.2,0.0,0,0.0,0,0.91,6.8,24.7,34.3,94.5
2024-11-05,MN02,407.9,372.5,35.4,0,5.5,1,0.13,1.7,32.4,43.8,90.8
2024-11-06,MN02,408.1,385.7,22.4,0,0.0,0,0.73,0.0,25.9,57.0,86.5
2024-11-07,MN02,408.4,386.7,21.7,0,0.0,0,0.18,1.1,36.9,32.1,96.0
2024-11-08,MN02,408.6,385.1,23.5,0,0.0,0,0.11,3.2,26.7,42.0,97.6
2024-11-09,MN02,408.8,401.4,7.4,0,0.0,0,2.88,0.5,25.9,39.0,90.0
2024-11-10,MN02,409.1,377.3,31.7,0,0.0,0,0.88,1.3,27.5,30.3,96.1
2024-11-11,MN02,409.3,355.4,53.9,1,9.7,2,0.2,5.7,27.1,47.4,100.0
2024-11-12,MN02,409.5,371.1,38.5,0,3.0,1,2.84,3.9,28.4,33.9,93.6
2024-11-13,MN02,409.8,398.2,11.6,0,0.0,0,1.11,6.2,32.0,66.4,92.9
2024-11-14,MN02,410.1,376.8,33.2,0,5.4,1,1.09,4.1,29.5,61.2,90.4
2024-11-15,MN02,410.3,386.7,23.6,0,0.0,0,0.99,2.0,29.0,46.1,96.0
2024-11-16,MN02,410.6,392.2,18.4,0,0.0,0,0.25,2.8,28.4,69.5,92.5
2024-11-17,MN02,410.9,372.6,38.3,0,7.3,1,1.83,3.6,25.8,35.8,93.3
2024-11-18,MN02,411.1,402.0,9.2,0,0.0,0,1.02,2.3,18.3,57.0,98.7
2024-11-19,MN02,411.4,377.5,34.0,0,0.0,0,0.24,1.5,24.6,47.5,83.2
2024-11-20,MN02,411.7,379.5,32.1,0,0.0,0,0.1,1.9,27.5,47.4,84.9
2024-11-21,MN02,412.0,398.9,13.1,0,0.0,0,0.64,2.8,26.3,52.2,98.2
2024-11-22,MN02,412.3,369.9,42.3,1,3.9,1,0.3,0.6,28.7,49.4,85.0
2024-11-23,MN02,412.6,420.8,0.0,0,0.0,0,0.09,5.1,27.4,41.4,92.8
2024-11-24,MN02,412.9,387.6,25.3,0,0.0,0,1.62,0.0,29.5,44.6,100.0
2024-11-25,MN02,413.2,355.0,58.1,1,5.8,1,1.41,3.0,24.5,50.3,88.4
2024-11-26,MN02,413.5,392.8,20.6,0,0.0,0,1.97,4.2,32.6,53.2,95.6
2024-11-27,MN02,413.8,389.6,24.2,0,0.0,0,1.49,0.0,21.6,34.2,95.0
2024-11-28,MN02,414.1,388.7,25.4,0,0.0,0,4.48,4.4,33.1,67.0,95.5
2024-11-29,MN02,414.4,372.3,42.1,1,0.0,0,2.11,5.0,28.1,38.6,89.2
2024-11-30,MN02,414.7,363.9,50.8,1,5.5,1,1.14,1.9,26.7,47.4,100.0
2024-12-01,MN02,415.0,391.4,23.6,0,0.0,0,0.38,4.2,22.0,52.2,90.4
2024-12-02,MN02,415.4,374.0,41.4,0,0.0,0,0.26,1.7,27.1,45.2,80.8
2024-12-03,MN02,415.7,373.8,41.9,1,5.9,1,0.66,1.8,25.3,55.0,86.6
2024-12-04,MN02,416.0,394.1,21.9,0,0.0,0,0.43,3.9,32.6,54.5,100.0
2024-12-05,MN02,416.4,368.6,47.7,1,7.8,2,0.07,3.2,20.3,60.6,100.0
2024-12-06,MN02,416.7,398.0,18.7,0,0.0,0,1.26,3.3,29.1,37.0,85.0
2024-12-07,MN02,417.0,376.4,40.6,0,4.8,1,0.54,0.0,27.0,37.5,93.9
2024-12-08,MN02,417.4,401.9,15.5,0,3.4,1,0.69,0.0,25.0,48.8,89.0
2024-12-09,MN02,417.7,401.8,15.9,0,0.0,0,0.62,0.1,24.7,37.2,100.0
2024-12-10,MN02,418.1,396.6,21.5,0,0.0,0,2.04,6.4,23.0,43.9,97.1
2024-12-11,MN02,418.4,389.9,28.5,0,0.0,0,1.93,6.3,28.4,45.5,86.8
2024-12-12,MN02,418.8,360.3,58.5,1,0.0,0,7.23,0.1,26.3,41.5,98.8
2024-12-13,MN02,419.1,398.9,20.2,0,0.0,0,2.09,0.0,29.4,42.9,98.1
2024-12-14,MN02,419.5,382.4,37.1,0,0.0,0,0.94,4.3,33.7,34.0,99.7
2024-12-15,MN02,419.8,423.1,0.0,0,0.0,0,1.19,5.0,31.2,39.8,94.6
2024-12-16,MN02,420.2,427.2,0.0,0,0.0,0,0.59,6.5,23.4,47.7,100.0
2024-12-17,MN02,420.5,428.0,0.0,0,0.0,0,0.41,0.0,25.0,44.3,94.2
2024-12-18,MN02,420.9,413.3,7.6,0,0.0,0,0.12,5.6,23.2,45.7,100.0
2024-12-19,MN02,421.3,426.3,0.0,0,0.0,0,0.29,0.0,24.8,51.4,93.8
2024-12-20,MN02,421.6,407.5,14.1,0,0.0,0,0.17,1.9,17.2,39.6,87.0
2024-12-21,MN02,422.0,426.0,0.0,0,0.0,0,0.8,0.0,24.1,43.9,96.2
2024-12-22,MN02,422.3,396.7,25.7,0,0.0,0,0.31,3.9,20.9,45.5,87.3
2024-12-23,MN02,422.7,439.5,0.0,0,0.0,0,0.36,2.6,26.2,31.7,100.0
2024-12-24,MN02,423.1,380.4,42.7,1,0.0,0,5.47,2.1,30.9,39.9,96.4
2024-12-25,MN02,423.4,381.0,42.4,1,0.0,0,2.3,4.7,27.3,44.6,87.4
2024-12-26,MN02,423.8,315.3,108.5,1,17.8,3,0.52,0.4,26.7,39.8,86.7
2024-12-27,MN02,424.2,416.7,7.4,0,0.0,0,3.34,1.1,27.2,46.0,88.6
2024-12-28,MN02,424.5,380.0,44.5,1,4.6,1,0.72,3.4,29.6,43.5,90.9
2024-12-29,MN02,424.9,424.3,0.6,0,0.0,0,0.91,7.0,28.6,51.0,93.1
2024-12-30,MN02,425.3,363.0,62.2,1,9.3,2,0.67,0.0,29.6,54.9,95.2
2024-12-31,MN02,425.6,429.9,0.0,0,0.0,0,0.33,3.8,27.4,31.2,94.0
2025-01-01,MN02,425.4,371.9,53.5,1,6.3,1,0.39,0.8,21.5,58.2,98.8
2025-01-02,MN02,425.8,368.2,57.5,1,7.2,1,1.47,0.0,29.2,41.8,89.8
2025-01-03,MN02,426.1,400.2,25.9,0,0.0,0,1.32,1.2,23.1,23.4,86.7
2025-01-04,MN02,426.5,416.4,10.1,0,0.0,0,0.61,0.9,33.6,54.4,92.4
2025-01-05,MN02,426.9,440.2,0.0,0,0.0,0,0.56,7.0,27.4,50.9,92.9
2025-01-06,MN02,427.2,419.7,7.6,0,0.0,0,0.13,5.3,26.4,30.7,86.7
2025-01-07,MN02,427.6,411.4,16.3,0,0.0,0,0.86,4.6,22.3,57.8,90.9
2025-01-08,MN02,428.0,411.9,16.0,0,0.0,0,0.34,3.0,23.2,43.8,91.2
2025-01-09,MN02,428.3,395.7,32.7,0,5.2,1,2.52,3.0,29.0,43.6,92.7
2025-01-10,MN02,428.7,421.9,6.7,0,0.0,0,0.36,0.0,22.6,51.6,87.7
2025-01-11,MN02,429.1,387.3,41.7,0,5.3,1,1.34,1.7,26.4,24.0,94.3
2025-01-12,MN02,429.4,410.5,18.9,0,0.0,0,0.01,5.0,29.1,29.7,94.0
2025-01-13,MN02,429.8,409.1,20.7,0,4.5,1,0.06,4.6,25.4,50.2,99.1
2025-01-14,MN02,430.1,440.6,0.0,0,0.0,0,0.38,0.3,30.6,48.7,98.6
2025-01-15,MN02,430.5,415.9,14.6,0,0.0,0,0.25,2.9,22.2,26.4,89.3
2025-01-16,MN02,430.8,413.7,17.2,0,0.0,0,0.97,8.9,29.4,51.1,88.1
2025-01-17,MN02,431.2,371.0,60.2,1,11.1,2,0.88,0.2,26.7,50.8,91.3
2025-01-18,MN02,431.5,329.4,102.2,1,0.0,0,6.28,0.8,19.7,54.4,77.9
2025-01-19,MN02,431.9,387.7,44.1,1,0.0,0,1.97,0.0,19.9,53.7,89.4
2025-01-20,MN02,432.2,408.6,23.6,0,0.0,0,3.3,0.0,24.9,47.2,94.0
2025-01-21,MN02,432.6,390.3,42.3,0,5.6,1,1.97,2.3,30.9,35.8,100.0
2025-01-22,MN02,432.9,401.2,31.7,0,0.0,0,3.43,0.0,27.5,70.7,100.0
2025-01-23,MN02,433.3,410.4,22.9,0,0.0,0,2.09,0.0,27.6,35.8,87.9
2025-01-24,MN02,433.6,413.8,19.8,0,0.0,0,0.08,1.2,30.6,46.4,86.1
2025-01-25,MN02,433.9,355.7,78.2,1,12.3,2,1.12,0.0,20.1,46.3,96.2
2025-01-26,MN02,434.3,367.2,67.1,1,0.0,0,0.81,3.6,33.9,40.9,77.1
2025-01-27,MN02,434.6,403.5,31.1,0,0.0,0,1.65,1.8,30.1,57.8,88.1
2025-01-28,MN02,434.9,353.9,81.0,1,9.8,2,0.69,4.4,26.7,61.7,92.6
2025-01-29,MN02,435.2,407.2,28.1,0,2.9,1,0.53,3.0,24.2,47.4,92.5
2025-01-30,MN02,435.6,400.5,35.1,0,3.8,1,0.57,0.0,28.9,50.6,92.6
2025-01-31,MN02,435.9,413.1,22.8,0,0.0,0,0.21,6.1,21.7,47.1,88.1
2025-02-01,MN02,436.2,407.6,28.6,0,0.0,0,1.58,2.9,26.7,30.9,86.4
2025-02-02,MN02,436.5,404.7,31.8,0,4.1,1,0.8,4.9,26.7,55.5,100.0
2025-02-03,MN02,436.8,426.7,10.1,0,6.0,1,0.17,6.0,28.0,54.3,100.0
2025-02-04,MN02,437.1,436.5,0.6,0,0.0,0,1.25,3.8,21.7,39.4,96.6
2025-02-05,MN02,437.4,438.1,0.0,0,0.0,0,0.09,0.0,32.1,36.5,90.8
2025-02-06,MN02,437.7,399.7,38.0,0,2.6,1,0.14,4.6,29.9,67.2,89.9
2025-02-07,MN02,438.0,439.6,0.0,0,0.0,0,1.14,3.1,15.0,53.9,96.7
2025-02-08,MN02,438.3,395.6,42.7,0,7.1,1,1.77,0.3,18.1,20.0,92.6
2025-02-09,MN02,438.6,437.0,1.5,0,0.0,0,0.64,4.7,23.2,39.8,99.2
2025-02-10,MN02,438.9,362.6,76.3,1,0.0,0,0.84,0.0,30.6,63.6,77.3
2025-02-11,MN02,439.1,391.9,47.2,1,5.1,1,0.17,5.4,29.8,46.8,100.0
2025-02-12,MN02,439.4,451.1,0.0,0,0.0,0,0.27,0.0,28.9,29.2,88.5
2025-02-13,MN02,439.7,380.4,59.3,1,12.3,2,0.04,2.7,25.6,39.7,94.9
2025-02-14,MN02,439.9,440.3,0.0,0,0.0,0,0.97,2.1,28.1,42.7,87.4
2025-02-15,MN02,440.2,457.4,0.0,0,0.0,0,0.36,1.2,21.7,61.4,100.0
2025-02-16,MN02,440.4,422.0,18.5,0,0.0,0,0.37,10.5,29.6,50.4,85.9
2025-02-17,MN02,440.7,415.6,25.1,0,0.0,0,0.2,3.1,26.6,23.4,85.4
2025-02-18,MN02,440.9,424.4,16.5,0,0.0,0,0.85,0.4,21.2,32.0,99.0
2025-02-19,MN02,441.2,395.0,46.2,1,6.9,1,0.73,4.5,24.8,44.2,90.2
2025-02-20,MN02,441.4,381.4,60.1,1,4.3,1,0.22,3.9,30.2,39.7,87.2
2025-02-21,MN02,441.7,420.3,21.3,0,0.0,0,0.15,2.4,29.9,53.7,92.1
2025-02-22,MN02,441.9,409.7,32.2,0,0.0,0,2.14,0.0,25.6,59.0,89.4
2025-02-23,MN02,442.1,432.6,9.5,0,0.0,0,0.08,0.0,22.0,49.1,91.4
2025-02-24,MN02,442.3,406.5,35.8,0,4.1,1,0.38,6.5,31.9,53.2,98.7
2025-02-25,MN02,442.5,434.8,7.7,0,0.0,0,0.41,2.5,27.4,47.4,93.3
2025-02-26,MN02,442.7,409.3,33.5,0,7.0,1,0.38,6.9,35.4,42.1,100.0
2025-02-27,MN02,442.9,366.3,76.7,1,7.1,1,3.0,1.9,25.7,36.3,100.0
2025-02-28,MN02,443.1,411.9,31.2,0,0.0,0,2.1,0.0,26.4,48.2,86.6
2025-03-01,MN02,443.3,449.5,0.0,0,0.0,0,0.04,3.8,21.3,23.3,87.0
2025-03-02,MN02,443.5,382.3,61.2,1,2.7,1,6.32,2.0,24.3,42.2,100.0
2025-03-03,MN02,443.7,418.7,24.9,0,0.0,0,0.73,0.0,27.8,41.3,88.8
2025-03-04,MN02,443.9,436.6,7.2,0,0.0,0,1.21,2.0,36.1,60.9,93.9
2025-03-05,MN02,444.0,428.9,15.1,0,0.0,0,1.16,5.0,29.4,42.3,98.6
2025-03-06,MN02,444.2,423.1,21.1,0,0.0,0,0.66,3.3,32.4,43.4,93.2
2025-03-07,MN02,444.3,419.1,25.2,0,0.0,0,0.15,3.2,30.4,29.5,82.4
2025-03-08,MN02,444.5,429.5,15.0,0,0.0,0,2.76,0.7,26.5,51.0,99.4
2025-03-09,MN02,444.6,433.8,10.8,0,4.4,1,0.03,0.0,22.5,56.4,91.7
2025-03-10,MN02,444.8,425.2,19.6,0,0.0,0,1.76,0.0,24.6,39.8,94.5
2025-03-11,MN02,444.9,401.3,43.6,0,2.0,1,1.46,0.0,33.8,59.0,100.0
2025-03-12,MN02,445.0,397.8,47.2,1,9.4,1,0.97,5.6,26.3,43.3,95.2
2025-03-13,MN02,445.2,450.1,0.0,0,0.0,0,0.67,0.0,36.3,35.7,91.1
2025-03-14,MN02,445.3,371.4,73.9,1,7.3,1,1.1,0.6,25.9,34.9,86.5
2025-03-15,MN02,445.4,433.3,12.1,0,0.0,0,0.01,5.8,23.9,35.7,85.9
2025-03-16,MN02,445.5,387.0,58.5,1,8.8,1,0.23,0.0,41.9,29.1,89.8
2025-03-17,MN02,445.6,433.6,12.0,0,0.0,0,0.55,1.3,24.1,31.8,100.0
2025-03-18,MN02,445.7,404.8,40.9,0,0.0,0,3.17,3.4,21.6,35.7,96.4
2025-03-19,MN02,445.8,403.0,42.7,0,4.4,1,0.47,2.8,26.3,25.0,81.9
2025-03-20,MN02,445.8,450.6,0.0,0,0.0,0,0.88,0.7,22.5,58.6,96.0
2025-03-21,MN02,445.9,425.1,20.8,0,0.0,0,2.32,3.5,27.1,44.7,93.5
2025-03-22,MN02,446.0,471.0,0.0,0,0.0,0,0.31,0.0,27.3,56.8,100.0
2025-03-23,MN02,446.0,408.3,37.7,0,0.0,0,1.33,0.4,28.0,39.1,85.3
2025-03-24,MN02,446.1,453.0,0.0,0,0.0,0,0.74,1.3,30.5,63.1,99.2
2025-03-25,MN02,446.1,414.7,31.4,0,0.0,0,1.77,5.2,22.1,37.4,87.7
2025-03-26,MN02,446.2,452.1,0.0,0,0.0,0,0.04,0.6,26.3,43.7,100.0
2025-03-27,MN02,446.2,428.8,17.4,0,0.0,0,2.1,0.0,28.2,34.1,86.6
2025-03-28,MN02,446.3,410.8,35.5,0,0.0,0,4.45,1.3,23.1,30.7,95.3
2025-03-29,MN02,446.3,421.7,24.6,0,0.0,0,0.7,4.9,27.2,44.0,91.6
2025-03-30,MN02,446.3,321.2,125.1,1,25.6,3,0.22,4.1,29.4,61.9,100.0
2025-03-31,MN02,446.3,388.9,57.4,1,0.0,0,6.79,1.4,28.4,41.8,90.5
2025-04-01,MN02,446.3,450.9,0.0,0,0.0,0,0.47,0.7,33.2,38.3,87.3
2025-04-02,MN02,446.3,449.0,0.0,0,0.0,0,0.19,0.0,29.6,40.4,100.0
2025-04-03,MN02,446.3,435.0,11.3,0,0.0,0,1.64,0.1,35.8,56.3,93.0
2025-04-04,MN02,446.3,342.1,104.2,1,12.2,2,4.81,1.2,33.7,54.1,95.9
2025-04-05,MN02,446.3,396.1,50.1,1,3.8,1,1.17,0.0,28.6,49.1,84.7
2025-04-06,MN02,446.2,426.2,20.0,0,0.0,0,1.09,3.2,36.4,44.1,84.4
2025-04-07,MN02,446.2,396.8,49.4,1,7.0,1,0.6,2.9,43.4,43.1,99.3
2025-04-08,MN02,446.2,412.4,33.7,0,5.9,1,0.62,0.0,27.1,40.2,90.3
2025-04-09,MN02,446.1,432.2,13.9,0,5.6,1,0.85,0.0,34.8,31.9,93.5
2025-04-10,MN02,446.1,426.2,19.9,0,0.0,0,1.9,0.0,37.1,59.6,87.3
2025-04-11,MN02,446.0,435.9,10.1,0,0.0,0,0.19,7.4,36.8,55.7,92.9
2025-04-12,MN02,445.9,429.4,16.5,0,0.0,0,0.65,2.3,31.7,41.2,95.1
2025-04-13,MN02,445.9,404.3,41.5,0,0.0,0,2.53,3.5,32.2,30.9,96.5
2025-04-14,MN02,445.8,466.7,0.0,0,0.0,0,0.05,2.4,28.0,46.3,91.0
2025-04-15,MN02,445.7,432.4,13.3,0,0.0,0,0.76,0.1,39.3,39.1,100.0
2025-04-16,MN02,445.6,420.1,25.5,0,0.0,0,4.34,1.9,36.6,38.2,100.0
2025-04-17,MN02,445.5,431.6,13.9,0,0.0,0,0.22,2.2,36.3,22.6,91.0
2025-04-18,MN02,445.4,436.4,9.0,0,0.0,0,1.5,1.2,29.0,49.5,100.0
2025-04-19,MN02,445.3,421.3,24.0,0,0.0,0,0.86,4.0,40.7,39.8,93.8
2025-04-20,MN02,445.2,463.3,0.0,0,0.0,0,0.62,1.8,30.8,53.1,92.5
2025-04-21,MN02,445.1,400.7,44.4,0,0.0,0,3.55,3.9,42.2,34.2,90.7
2025-04-22,MN02,444.9,369.3,75.7,1,9.0,1,0.92,2.2,39.7,51.9,100.0
2025-04-23,MN02,444.8,429.2,15.6,0,2.6,1,1.09,1.4,29.1,48.4,89.7
2025-04-24,MN02,444.7,422.9,21.7,0,0.0,0,2.67,2.3,34.2,44.9,100.0
2025-04-25,MN02,444.5,420.5,24.1,0,5.2,1,0.07,4.7,34.4,64.8,93.1
2025-04-26,MN02,444.4,444.6,0.0,0,0.0,0,1.36,5.8,29.2,44.7,100.0
2025-04-27,MN02,444.2,449.3,0.0,0,0.0,0,0.43,0.2,32.4,53.4,95.3
2025-04-28,MN02,444.1,457.6,0.0,0,0.0,0,0.26,1.5,36.5,29.5,99.4
2025-04-29,MN02,443.9,411.0,32.9,0,0.0,0,1.39,0.0,31.3,53.5,97.2
2025-04-30,MN02,443.7,375.1,68.6,1,0.0,0,3.75,0.0,33.0,49.9,80.4
2025-05-01,MN02,443.5,421.5,22.0,0,0.0,0,3.58,3.5,37.3,41.6,99.1
2025-05-02,MN02,443.4,369.2,74.2,1,0.0,0,3.12,1.4,32.7,41.7,80.9
2025-05-03,MN02,443.2,452.7,0.0,0,0.0,0,0.26,9.3,35.2,39.1,98.3
2025-05-04,MN02,443.0,350.1,92.8,1,5.9,1,5.71,2.8,38.2,55.7,86.8
2025-05-05,MN02,442.8,396.6,46.2,1,0.0,0,1.33,2.3,36.5,56.9,83.7
2025-05-06,MN02,442.6,432.4,10.1,0,0.0,0,0.05,3.9,38.1,62.5,97.9
2025-05-07,MN02,442.4,438.0,4.3,0,0.0,0,0.42,2.7,34.1,50.3,100.0
2025-05-08,MN02,442.1,434.4,7.7,0,0.0,0,0.57,0.6,45.0,52.5,90.3
2025-05-09,MN02,441.9,375.4,66.5,1,0.0,0,4.77,3.2,37.2,42.3,83.1
2025-05-10,MN02,441.7,440.5,1.2,0,0.0,0,0.78,0.7,32.8,42.7,91.0
2025-05-11,MN02,441.5,429.2,12.3,0,2.9,1,0.01,2.0,37.0,38.5,91.0
2025-05-12,MN02,441.2,410.0,31.3,0,3.8,1,0.91,0.0,30.4,54.9,92.1
2025-05-13,MN02,441.0,423.7,17.3,0,0.0,0,1.6,2.4,38.0,62.3,100.0
2025-05-14,MN02,440.8,431.9,8.9,0,0.0,0,1.0,0.3,36.2,49.6,99.3
2025-05-15,MN02,440.5,420.6,19.9,0,0.0,0,0.4,6.7,33.3,53.8,88.6
2025-05-16,MN02,440.2,369.3,71.0,1,12.1,2,0.57,0.0,36.7,38.3,88.2
2025-05-17,MN02,440.0,417.5,22.5,0,3.4,1,1.79,4.5,25.1,48.0,100.0
2025-05-18,MN02,439.7,393.1,46.6,1,0.0,0,2.9,3.7,27.6,56.4,91.4
2025-05-19,MN02,439.5,437.5,2.0,0,0.0,0,1.17,0.1,34.4,46.2,93.9
2025-05-20,MN02,439.2,423.2,16.0,0,0.0,0,1.71,6.1,35.0,45.0,87.1
2025-05-21,MN02,438.9,425.9,13.0,0,0.0,0,0.48,4.0,30.7,53.9,94.9
2025-05-22,MN02,438.6,430.3,8.3,0,0.0,0,0.65,0.0,26.8,51.0,93.8
2025-05-23,MN02,438.3,393.9,44.5,1,6.3,1,0.65,4.2,32.1,38.2,96.6
2025-05-24,MN02,438.1,397.0,41.0,0,0.0,0,0.05,5.4,28.7,29.2,79.3
2025-05-25,MN02,437.8,431.3,6.5,0,0.0,0,0.51,1.8,31.4,36.9,96.1
2025-05-26,MN02,437.5,407.9,29.5,0,5.7,1,0.76,0.3,44.0,45.4,94.8
2025-05-27,MN02,437.2,413.4,23.8,0,0.0,0,0.12,1.3,28.2,54.2,98.6
2025-05-28,MN02,436.9,399.5,37.4,0,0.0,0,0.85,0.0,35.8,36.3,88.2
2025-05-29,MN02,436.6,424.6,11.9,0,0.0,0,1.33,8.2,33.8,40.4,94.1
2025-05-30,MN02,436.3,421.8,14.5,0,0.0,0,0.89,4.3,31.3,24.2,100.0
2025-05-31,MN02,435.9,415.3,20.6,0,0.0,0,0.48,0.0,38.0,47.4,97.2
2025-06-01,MN02,435.6,408.4,27.2,0,0.0,0,4.17,19.8,27.2,76.8,98.6
2025-06-02,MN02,435.3,390.0,45.3,1,3.8,1,1.42,29.1,31.9,65.6,92.8
2025-06-03,MN02,435.0,358.9,76.1,1,0.0,0,3.02,10.4,27.6,73.4,83.5
2025-06-04,MN02,434.7,449.5,0.0,0,0.0,0,0.41,12.4,28.0,68.8,90.9
2025-06-05,MN02,434.3,398.1,36.3,0,0.0,0,1.12,25.3,26.3,91.8,90.3
2025-06-06,MN02,434.0,447.3,0.0,0,0.0,0,0.53,7.6,25.8,71.5,94.7
2025-06-07,MN02,433.7,459.5,0.0,0,0.0,0,0.25,3.5,25.1,61.8,99.2
2025-06-08,MN02,433.3,432.5,0.9,0,0.0,0,0.04,17.8,28.2,77.5,94.2
2025-06-09,MN02,433.0,404.8,28.2,0,0.0,0,1.86,20.3,24.1,64.2,88.5
2025-06-10,MN02,432.7,426.4,6.2,0,0.0,0,2.34,17.8,24.0,68.1,90.4
2025-06-11,MN02,432.3,392.0,40.3,0,4.6,1,0.32,12.9,29.0,91.6,91.2
2025-06-12,MN02,432.0,423.1,8.9,0,0.0,0,0.84,10.9,23.2,83.8,97.9
2025-06-13,MN02,431.6,382.5,49.1,1,5.3,1,2.0,11.6,23.3,64.9,94.2
2025-06-14,MN02,431.3,422.3,9.0,0,0.0,0,0.05,19.2,26.5,88.9,97.9
2025-06-15,MN02,430.9,426.7,4.2,0,0.0,0,0.14,18.0,22.2,71.3,93.1
2025-06-16,MN02,430.6,365.4,65.2,1,6.9,1,0.07,29.8,20.9,68.5,99.3
2025-06-17,MN02,430.2,412.7,17.5,0,0.0,0,0.58,5.8,34.1,71.6,96.1
2025-06-18,MN02,429.9,406.8,23.1,0,0.0,0,0.54,12.2,25.2,71.1,85.2
2025-06-19,MN02,429.5,360.0,69.5,1,3.5,1,0.34,28.3,27.4,79.8,88.2
2025-06-20,MN02,429.1,440.3,0.0,0,0.0,0,0.74,24.1,32.4,77.2,97.8
2025-06-21,MN02,428.8,333.1,95.7,1,0.0,0,2.28,29.9,34.1,67.1,82.0
2025-06-22,MN02,428.4,379.4,49.0,1,0.0,0,1.73,36.3,24.1,77.6,90.0
2025-06-23,MN02,428.0,441.4,0.0,0,0.0,0,0.49,9.9,26.6,65.5,90.9
2025-06-24,MN02,427.7,388.9,38.8,0,4.3,1,0.92,16.1,23.1,67.9,83.5
2025-06-25,MN02,427.3,425.8,1.5,0,0.0,0,1.04,8.4,26.9,71.9,96.6
2025-06-26,MN02,427.0,415.2,11.8,0,4.3,1,1.02,9.1,24.4,75.6,90.6
2025-06-27,MN02,426.6,425.7,0.9,0,0.0,0,0.42,0.0,26.0,71.9,100.0
2025-06-28,MN02,426.2,446.4,0.0,0,0.0,0,0.76,14.8,25.5,65.4,95.7
2025-06-29,MN02,425.9,411.3,14.6,0,0.0,0,1.73,2.5,23.8,68.9,90.3
2025-06-30,MN02,425.5,408.1,17.4,0,0.0,0,2.37,16.2,27.1,72.1,100.0
2025-07-01,MN02,425.1,347.0,78.1,1,5.3,1,3.91,20.5,24.2,78.8,86.9
2025-07-02,MN02,424.8,437.6,0.0,0,0.0,0,0.01,18.4,29.5,74.7,100.0
2025-07-03,MN02,424.4,413.6,10.7,0,0.0,0,1.05,17.3,32.5,72.5,95.2
2025-07-04,MN02,424.0,371.4,52.6,1,3.1,1,0.19,19.5,22.7,80.6,87.2
2025-07-05,MN02,423.7,392.5,31.1,0,0.0,0,1.49,31.6,23.0,70.6,94.6
2025-07-06,MN02,423.3,420.4,2.9,0,0.0,0,2.44,16.6,25.3,84.7,94.4
2025-07-07,MN02,422.9,387.0,35.9,0,0.0,0,4.07,12.4,31.1,76.3,100.0
2025-07-08,MN02,422.6,391.6,31.0,0,0.0,0,1.43,23.3,30.5,63.0,88.2
2025-07-09,MN02,422.2,387.9,34.3,0,6.3,1,0.56,15.2,26.3,71.9,95.9
2025-07-10,MN02,421.8,364.5,57.4,1,5.7,1,1.29,31.3,23.7,77.3,93.2
2025-07-11,MN02,421.5,430.4,0.0,0,0.0,0,1.41,17.2,28.1,72.4,100.0
2025-07-12,MN02,421.1,406.4,14.8,0,0.0,0,0.45,13.8,32.0,67.9,93.9
2025-07-13,MN02,420.8,377.9,42.9,1,0.0,0,0.82,18.6,28.9,64.8,82.3
2025-07-14,MN02,420.4,365.4,55.1,1,5.0,1,1.49,28.3,30.3,62.0,97.4
2025-07-15,MN02,420.0,411.8,8.2,0,0.0,0,1.28,21.4,31.2,81.2,95.4
2025-07-16,MN02,419.7,430.4,0.0,0,0.0,0,0.39,9.9,20.3,87.3,100.0
2025-07-17,MN02,419.3,398.1,21.2,0,0.0,0,2.41,19.0,31.4,87.0,97.3
2025-07-18,MN02,419.0,423.8,0.0,0,0.0,0,0.26,0.0,34.3,71.4,90.3
2025-07-19,MN02,418.6,351.2,67.5,1,8.7,1,1.2,14.2,21.8,74.6,95.2
2025-07-20,MN02,418.3,399.1,19.1,0,0.0,0,0.57,16.1,23.5,82.8,89.5
2025-07-21,MN02,417.9,411.2,6.8,0,0.0,0,1.15,11.4,20.2,72.1,92.6
2025-07-22,MN02,417.6,415.1,2.5,0,0.0,0,1.26,14.9,31.8,54.8,93.7
2025-07-23,MN02,417.3,397.7,19.5,0,0.0,0,0.17,14.4,23.8,88.2,88.4
2025-07-24,MN02,416.9,369.6,47.3,1,0.0,0,0.05,37.3,22.4,77.6,96.0
2025-07-25,MN02,416.6,393.8,22.8,0,0.0,0,1.65,15.8,33.4,87.7,98.8
2025-07-26,MN02,416.2,367.3,48.9,1,6.1,1,0.2,11.4,21.1,70.6,95.1
2025-07-27,MN02,415.9,358.6,57.3,1,6.9,1,0.34,21.3,26.2,83.5,96.8
2025-07-28,MN02,415.6,404.3,11.3,0,0.0,0,1.66,7.5,23.1,84.8,98.0
2025-07-29,MN02,415.3,364.5,50.8,1,3.6,1,1.65,4.4,31.9,80.2,87.6
2025-07-30,MN02,414.9,428.1,0.0,0,0.0,0,1.06,18.2,28.0,77.8,100.0
2025-07-31,MN02,414.6,373.7,40.9,0,0.0,0,1.23,38.2,24.1,80.8,94.8
2025-08-01,MN02,414.3,390.8,23.5,0,0.0,0,0.61,0.0,29.2,77.5,85.5
2025-08-02,MN02,414.0,401.6,12.4,0,0.0,0,0.5,10.6,31.2,72.3,100.0
2025-08-03,MN02,413.7,398.2,15.4,0,0.0,0,1.98,16.3,29.3,85.0,100.0
2025-08-04,MN02,413.4,346.4,66.9,1,7.0,1,0.95,28.3,29.8,56.3,89.3
2025-08-05,MN02,413.1,372.9,40.1,0,0.0,0,0.22,24.3,30.7,60.1,99.2
2025-08-06,MN02,412.8,390.4,22.4,0,0.0,0,0.66,22.4,24.3,72.5,100.0
2025-08-07,MN02,412.5,390.6,21.8,0,0.0,0,4.27,6.3,30.8,55.0,92.0
2025-08-08,MN02,412.2,361.0,51.2,1,0.0,0,0.04,27.3,25.2,69.0,87.3
2025-08-09,MN02,411.9,416.3,0.0,0,0.0,0,0.2,16.5,34.7,71.9,100.0
2025-08-10,MN02,411.6,366.5,45.1,1,0.0,0,3.37,27.4,29.6,79.0,96.6
2025-08-11,MN02,411.3,406.8,4.5,0,0.0,0,1.05,19.2,27.3,76.2,94.3
2025-08-12,MN02,411.0,402.7,8.4,0,0.0,0,0.61,17.7,22.9,84.1,100.0
2025-08-13,MN02,410.8,396.7,14.0,0,0.0,0,0.45,6.8,20.8,81.0,93.6
2025-08-14,MN02,410.5,375.2,35.3,0,0.0,0,0.25,32.7,21.7,66.8,90.5
2025-08-15,MN02,410.2,349.9,60.3,1,0.0,0,0.8,35.1,23.7,90.6,92.1
2025-08-16,MN02,410.0,362.8,47.2,1,6.8,1,0.51,24.1,32.7,57.1,92.8
2025-08-17,MN02,409.7,387.3,22.4,0,0.0,0,1.89,17.6,31.4,71.6,92.8
2025-08-18,MN02,409.5,400.7,8.8,0,0.0,0,1.78,8.0,25.3,75.5,93.9
2025-08-19,MN02,409.2,382.7,26.5,0,0.0,0,0.05,18.3,22.8,78.1,94.4
2025-08-20,MN02,409.0,390.6,18.3,0,0.0,0,0.54,30.7,29.7,51.3,99.0
2025-08-21,MN02,408.7,411.6,0.0,0,0.0,0,0.5,15.6,25.6,63.9,89.7
2025-08-22,MN02,408.5,379.2,29.3,0,0.0,0,1.57,18.6,27.1,73.9,100.0
2025-08-23,MN02,408.3,364.4,43.8,1,0.0,0,1.68,34.9,23.0,86.9,100.0
2025-08-24,MN02,408.0,387.2,20.9,0,0.0,0,1.18,16.6,24.8,73.5,97.5
2025-08-25,MN02,407.8,334.0,73.9,1,10.5,2,2.48,0.0,26.3,83.0,91.5
2025-08-26,MN02,407.6,379.9,27.7,0,0.0,0,1.73,20.0,24.5,72.0,94.0
2025-08-27,MN02,407.4,375.3,32.2,0,0.0,0,2.21,28.6,26.8,81.1,100.0
2025-08-28,MN02,407.2,353.7,53.5,1,6.9,1,0.58,24.4,36.0,75.2,94.1
2025-08-29,MN02,407.0,334.5,72.5,1,7.8,2,2.54,9.6,26.1,76.4,90.0
2025-08-30,MN02,406.8,405.5,1.3,0,0.0,0,0.51,1.1,29.0,87.7,96.3
2025-08-31,MN02,406.6,393.0,13.7,0,4.7,1,0.16,7.5,22.3,77.9,90.5
2025-09-01,MN02,406.5,372.6,33.9,0,4.3,2,0.5,23.7,26.5,80.3,100.0
2025-09-02,MN02,406.3,389.2,17.1,0,0.0,0,0.2,18.5,17.2,84.0,95.7
2025-09-03,MN02,406.1,388.3,17.8,0,0.0,0,0.51,18.4,24.8,75.0,96.3
2025-09-04,MN02,405.9,381.6,24.3,0,0.0,0,0.31,27.5,22.9,83.0,99.4
2025-09-05,MN02,405.8,426.2,0.0,0,0.0,0,0.24,11.3,33.5,63.3,95.6
2025-09-06,MN02,405.6,333.8,71.9,1,0.0,0,2.6,43.6,20.0,75.5,100.0
2025-09-07,MN02,405.5,383.3,22.2,0,0.0,0,1.92,13.5,28.9,66.3,88.0
2025-09-08,MN02,405.4,339.5,65.8,1,9.2,2,2.13,19.3,24.3,66.5,91.8
2025-09-09,MN02,405.2,409.5,0.0,0,0.0,0,0.7,18.4,27.2,80.7,95.8
2025-09-10,MN02,405.1,338.4,66.7,1,7.4,1,2.54,15.0,28.6,77.0,93.5
2025-09-11,MN02,405.0,322.8,82.2,1,6.9,1,2.28,25.6,30.5,68.5,84.9
2025-09-12,MN02,404.8,386.6,18.2,0,0.0,0,3.29,0.0,23.2,78.6,96.8
2025-09-13,MN02,404.7,320.6,84.2,1,0.0,0,5.12,36.0,23.3,76.0,87.1
2025-09-14,MN02,404.6,364.9,39.7,0,2.7,1,0.58,9.7,24.9,85.6,96.2
2025-09-15,MN02,404.5,310.4,94.2,1,7.0,1,5.18,27.4,22.7,97.3,87.2
2025-09-16,MN02,404.4,373.2,31.2,0,0.0,0,1.03,2.3,31.0,88.4,92.3
2025-09-17,MN02,404.4,402.8,1.6,0,0.0,0,0.86,6.1,30.7,68.1,92.5
2025-09-18,MN02,404.3,394.4,9.8,0,0.0,0,2.48,18.7,26.6,67.5,100.0
2025-09-19,MN02,404.2,335.5,68.7,1,0.0,0,0.38,37.3,24.4,65.0,99.1
2025-09-20,MN02,404.1,322.9,81.3,1,5.0,1,1.55,16.5,26.7,73.9,83.7
2025-09-21,MN02,404.1,387.7,16.4,0,0.0,0,1.09,16.2,30.2,71.7,90.9
2025-09-22,MN02,404.0,345.0,59.0,1,3.8,1,0.02,16.1,23.5,76.4,78.5
2025-09-23,MN02,404.0,339.6,64.4,1,0.0,0,1.01,34.2,19.0,74.3,87.6
2025-09-24,MN02,403.9,381.6,22.3,0,0.0,0,1.7,18.2,24.6,73.3,97.9
2025-09-25,MN02,403.9,414.6,0.0,0,0.0,0,1.29,9.5,31.6,85.2,100.0
2025-09-26,MN02,403.9,395.7,8.2,0,3.2,1,0.1,17.7,20.6,68.0,96.4
2025-09-27,MN02,403.8,314.6,89.3,1,0.0,0,4.7,24.5,27.3,85.5,81.8
2025-09-28,MN02,403.8,382.7,21.1,0,0.0,0,2.37,23.5,25.3,87.7,90.6
2025-09-29,MN02,403.8,409.9,0.0,0,0.0,0,1.47,12.6,30.1,62.9,95.3
2025-09-30,MN02,403.8,298.0,105.8,1,5.8,1,0.6,31.5,30.0,97.3,82.2
2025-10-01,MN02,403.8,393.4,10.4,0,0.0,0,1.54,0.0,22.8,39.7,100.0
2025-10-02,MN02,403.8,371.1,32.7,0,0.0,0,4.53,0.9,28.7,42.5,94.6
2025-10-03,MN02,403.8,401.9,1.9,0,0.0,0,0.31,2.3,32.7,52.3,95.4
2025-10-04,MN02,403.8,377.5,26.3,0,4.1,1,0.01,2.1,30.9,41.4,89.2
2025-10-05,MN02,403.9,365.8,38.0,0,0.0,0,1.46,0.0,25.3,30.5,86.7
2025-10-06,MN02,403.9,368.9,35.0,0,0.0,0,3.0,2.9,28.8,72.1,98.6
2025-10-07,MN02,403.9,408.5,0.0,0,0.0,0,0.09,7.0,32.4,51.0,88.5
2025-10-08,MN02,404.0,385.5,18.5,0,0.0,0,1.4,1.7,21.8,49.7,100.0
2025-10-09,MN02,404.0,364.4,39.7,0,5.0,1,1.07,0.6,20.0,24.4,97.6
2025-10-10,MN02,404.1,366.6,37.5,0,0.0,0,0.63,0.4,29.3,35.1,78.5
2025-10-11,MN02,404.2,395.5,8.7,0,0.0,0,1.54,5.8,27.0,49.1,90.8
2025-10-12,MN02,404.2,390.2,14.0,0,0.0,0,0.51,1.5,31.4,51.1,93.1
2025-10-13,MN02,404.3,347.0,57.3,1,6.9,1,0.3,0.1,24.2,32.2,82.9
2025-10-14,MN02,404.4,371.5,32.9,0,2.1,1,4.5,0.0,25.8,42.4,94.4
2025-10-15,MN02,404.5,409.2,0.0,0,1.0,1,1.15,6.4,33.4,30.8,95.4
2025-10-16,MN02,404.6,368.1,36.4,0,0.0,0,0.23,0.0,25.3,60.0,88.4
2025-10-17,MN02,404.7,389.0,15.6,0,0.0,0,0.88,3.9,31.7,25.5,91.5
2025-10-18,MN02,404.8,365.6,39.2,0,6.6,1,0.18,1.5,28.3,45.5,91.4
2025-10-19,MN02,404.9,400.3,4.6,0,0.0,0,0.04,0.0,27.1,53.9,95.2
2025-10-20,MN02,405.0,374.1,30.9,0,0.9,1,1.75,4.0,27.3,62.5,93.7
2025-10-21,MN02,405.1,366.8,38.3,0,6.5,1,1.44,6.0,29.0,54.6,96.1
2025-10-22,MN02,405.3,373.0,32.3,0,0.0,0,0.87,0.0,26.7,34.8,86.3
2025-10-23,MN02,405.4,361.5,43.9,1,0.0,0,0.39,9.0,38.1,42.9,83.0
2025-10-24,MN02,405.5,400.2,5.3,0,0.0,0,0.58,2.7,27.4,46.2,97.7
2025-10-25,MN02,405.7,408.6,0.0,0,0.0,0,1.12,2.8,19.7,63.7,100.0
2025-10-26,MN02,405.8,359.7,46.2,1,4.5,1,0.84,2.0,25.0,31.4,84.4
2025-10-27,MN02,406.0,397.1,8.9,0,0.0,0,0.75,3.4,26.1,56.3,94.7
2025-10-28,MN02,406.2,354.2,52.0,1,6.5,1,1.26,3.1,25.7,29.0,100.0
2025-10-29,MN02,406.3,391.5,14.9,0,0.0,0,0.76,4.0,24.0,65.4,91.3
2025-10-30,MN02,406.5,372.1,34.4,0,5.0,1,0.21,3.1,25.9,46.3,99.1
2025-10-31,MN02,406.7,380.7,26.0,0,0.0,0,1.08,0.0,23.9,43.2,86.3
2025-11-01,MN02,406.9,404.6,2.3,0,0.0,0,0.83,0.0,27.5,51.8,91.7
2025-11-02,MN02,407.1,408.8,0.0,0,0.0,0,0.97,4.3,32.6,41.6,95.6
2025-11-03,MN02,407.3,383.9,23.4,0,0.0,0,1.7,0.0,26.9,40.6,91.3
2025-11-04,MN02,407.5,407.6,0.0,0,0.0,0,0.1,3.3,28.8,20.0,96.8
2025-11-05,MN02,407.7,374.0,33.7,0,0.0,0,0.38,0.0,32.2,55.8,83.6
2025-11-06,MN02,407.9,404.9,3.0,0,0.0,0,2.57,1.1,35.7,48.1,93.2
2025-11-07,MN02,408.1,374.0,34.1,0,4.3,1,0.35,0.0,21.7,40.9,96.7
2025-11-08,MN02,408.4,416.4,0.0,0,0.0,0,1.04,2.3,32.7,37.4,89.1
2025-11-09,MN02,408.6,361.6,47.0,1,6.9,1,0.79,1.3,34.9,34.0,100.0
2025-11-10,MN02,408.8,399.5,9.3,0,0.0,0,0.91,0.0,20.8,41.4,87.7
2025-11-11,MN02,409.1,390.4,18.6,0,0.0,0,3.42,7.1,28.5,43.9,92.9
2025-11-12,MN02,409.3,400.9,8.4,0,0.0,0,0.53,2.6,30.7,47.4,93.0
2025-11-13,MN02,409.5,386.4,23.2,0,0.0,0,1.71,1.8,21.6,59.6,97.9
2025-11-14,MN02,409.8,389.4,20.3,0,0.0,0,0.33,0.2,30.1,48.8,96.4
2025-11-15,MN02,410.1,431.9,0.0,0,0.0,0,0.27,3.3,24.6,43.4,99.8
2025-11-16,MN02,410.3,389.2,21.1,0,4.3,1,0.96,0.3,32.4,34.8,93.8
2025-11-17,MN02,410.6,382.6,28.0,0,5.5,1,0.48,0.0,22.3,57.6,96.2
2025-11-18,MN02,410.9,414.4,0.0,0,0.0,0,0.58,1.0,25.5,25.3,100.0
2025-11-19,MN02,411.1,357.8,53.3,1,0.0,0,4.15,8.1,21.3,55.8,100.0
2025-11-20,MN02,411.4,422.8,0.0,0,0.0,0,0.36,2.0,27.1,44.4,100.0
2025-11-21,MN02,411.7,390.2,21.5,0,0.0,0,0.04,1.9,26.1,52.7,93.7
2025-11-22,MN02,412.0,422.2,0.0,0,0.0,0,0.14,2.5,25.1,46.6,100.0
2025-11-23,MN02,412.3,396.7,15.6,0,0.0,0,1.96,2.2,22.7,30.9,91.2
2025-11-24,MN02,412.6,362.8,49.7,1,0.0,0,1.3,6.9,25.8,43.7,84.9
2025-11-25,MN02,412.9,380.1,32.8,0,3.8,1,1.15,2.8,24.8,49.3,95.6
2025-11-26,MN02,413.2,392.5,20.6,0,0.0,0,0.53,1.0,24.8,44.7,87.8
2025-11-27,MN02,413.5,372.4,41.0,0,0.0,0,1.94,2.7,31.0,55.6,85.1
2025-11-28,MN02,413.8,355.2,58.6,1,0.0,0,2.78,9.6,21.7,72.0,87.3
2025-11-29,MN02,414.1,392.9,21.2,0,0.0,0,4.48,4.7,29.8,34.1,96.9
2025-11-30,MN02,414.4,403.3,11.1,0,0.0,0,0.11,2.2,25.7,36.0,100.0
2025-12-01,MN02,414.7,388.5,26.3,0,0.0,0,1.16,2.7,31.2,54.1,95.6
2025-12-02,MN02,415.0,324.8,90.2,1,14.3,2,1.75,0.0,31.0,50.7,93.5
2025-12-03,MN02,415.4,378.0,37.4,0,0.0,0,2.87,8.4,27.0,39.7,100.0
2025-12-04,MN02,415.7,368.9,46.8,1,6.2,1,0.76,0.0,27.0,32.4,92.2
2025-12-05,MN02,416.0,349.2,66.8,1,0.0,0,2.61,0.0,26.1,49.5,79.7
2025-12-06,MN02,416.4,372.6,43.8,1,0.0,0,4.39,3.6,30.1,52.4,99.0
2025-12-07,MN02,416.7,337.8,78.9,1,8.1,2,2.61,6.6,27.7,49.0,88.3
2025-12-08,MN02,417.0,361.1,55.9,1,7.4,2,1.33,3.9,24.3,46.4,96.7
2025-12-09,MN02,417.4,418.8,0.0,0,0.0,0,0.3,4.6,28.0,39.2,89.7
2025-12-10,MN02,417.7,352.3,65.4,1,9.9,2,1.89,3.6,30.2,35.1,88.7
2025-12-11,MN02,418.1,376.4,41.6,0,2.9,1,3.12,1.8,23.5,45.9,97.0
2025-12-12,MN02,418.4,407.1,11.3,0,0.0,0,0.83,4.4,27.6,40.4,98.1
2025-12-13,MN02,418.8,420.5,0.0,0,0.0,0,0.02,1.8,25.0,51.1,98.6
2025-12-14,MN02,419.1,400.7,18.4,0,2.1,1,0.53,0.0,21.8,47.6,92.6
2025-12-15,MN02,419.5,449.5,0.0,0,0.0,0,0.79,4.1,29.3,42.5,92.7
2025-12-16,MN02,419.8,424.5,0.0,0,0.0,0,0.39,0.5,18.7,62.0,92.3
2025-12-17,MN02,420.2,393.3,26.9,0,0.0,0,3.9,7.5,35.1,26.6,98.9
2025-12-18,MN02,420.5,398.4,22.1,0,4.1,1,0.48,4.7,33.0,33.3,99.4
2025-12-19,MN02,420.9,410.4,10.5,0,1.3,1,0.2,0.0,28.7,45.7,100.0
2025-12-20,MN02,421.3,369.1,52.1,1,0.0,0,1.46,4.7,31.7,50.3,80.0
2025-12-21,MN02,421.6,381.0,40.6,0,6.4,1,1.61,2.8,28.4,52.0,88.4
2025-12-22,MN02,422.0,395.4,26.6,0,5.4,1,0.61,2.9,17.7,27.2,96.4
2025-12-23,MN02,422.3,434.5,0.0,0,0.0,0,0.02,6.7,19.7,50.6,95.9
2025-12-24,MN02,422.7,385.0,37.7,0,7.0,1,1.82,2.8,21.6,53.6,89.4
2025-12-25,MN02,423.1,391.0,32.0,0,0.0,0,2.15,5.8,29.8,52.8,89.4
2025-12-26,MN02,423.4,353.2,70.3,1,10.2,1,2.68,0.0,26.1,52.9,94.4
2025-12-27,MN02,423.8,401.7,22.1,0,0.0,0,1.48,9.1,25.2,60.7,90.6
2025-12-28,MN02,424.2,399.3,24.8,0,0.0,0,1.45,2.1,24.8,30.5,87.7
2025-12-29,MN02,424.5,433.9,0.0,0,0.0,0,0.22,1.7,21.6,35.0,100.0
2025-12-30,MN02,424.9,354.9,70.0,1,10.0,2,0.49,0.0,23.1,56.6,100.0
2025-12-31,MN02,425.3,428.0,0.0,0,0.0,0,0.85,0.0,25.4,41.7,100.0
2026-01-01,MN02,425.4,402.2,23.2,0,0.0,0,0.43,7.1,30.8,47.3,91.5
2026-01-02,MN02,425.8,423.8,2.0,0,0.0,0,0.59,4.3,24.7,42.1,100.0
2026-01-03,MN02,426.1,401.4,24.7,0,0.0,0,2.26,4.7,24.8,50.2,100.0
2026-01-04,MN02,426.5,426.0,0.5,0,0.0,0,0.72,3.9,30.7,37.2,92.3
2026-01-05,MN02,426.9,431.0,0.0,0,0.0,0,1.74,3.6,25.9,58.1,98.7
2026-01-06,MN02,427.2,425.1,2.1,0,0.0,0,1.01,0.0,23.6,39.6,98.7
2026-01-07,MN02,427.6,414.8,12.8,0,4.5,1,2.09,0.0,23.0,53.2,93.0
2026-01-08,MN02,428.0,397.7,30.3,0,6.2,1,0.85,0.0,27.9,39.8,100.0
2026-01-09,MN02,428.3,390.2,38.1,0,3.9,1,2.13,0.0,24.7,52.5,100.0
2026-01-10,MN02,428.7,377.5,51.2,1,0.0,0,0.24,0.0,20.5,36.2,81.6
2026-01-11,MN02,429.1,416.6,12.5,0,0.0,0,1.45,0.5,30.5,53.3,100.0
2026-01-12,MN02,429.4,435.5,0.0,0,0.0,0,0.92,0.8,31.8,63.9,93.0
2026-01-13,MN02,429.8,428.6,1.2,0,0.0,0,0.24,5.7,19.8,50.9,90.8
2026-01-14,MN02,430.1,448.7,0.0,0,0.0,0,0.79,3.6,24.7,43.7,98.4
2026-01-15,MN02,430.5,406.1,24.4,0,0.0,0,1.11,3.1,31.6,41.8,87.3
2026-01-16,MN02,430.8,405.3,25.5,0,0.0,0,3.46,5.5,21.3,44.7,89.7
2026-01-17,MN02,431.2,392.1,39.1,0,0.0,0,0.17,2.6,24.4,48.2,82.8
2026-01-18,MN02,431.5,410.9,20.6,0,0.0,0,1.45,6.2,18.0,32.4,88.1
2026-01-19,MN02,431.9,415.4,16.5,0,0.0,0,1.55,0.0,24.6,57.8,96.2
2026-01-20,MN02,432.2,424.5,7.7,0,0.0,0,0.91,7.5,31.0,43.7,90.5
2026-01-21,MN02,432.6,416.3,16.3,0,0.0,0,0.72,5.9,25.3,41.7,92.6
2026-01-22,MN02,432.9,408.9,24.0,0,0.0,0,0.98,2.2,18.3,55.5,89.9
2026-01-23,MN02,433.3,405.3,27.9,0,2.1,1,0.21,8.2,26.5,22.7,100.0
2026-01-24,MN02,433.6,374.9,58.7,1,8.1,1,1.13,0.0,22.2,47.6,92.5
2026-01-25,MN02,433.9,418.6,15.3,0,0.0,0,3.7,0.6,33.8,35.2,91.1
2026-01-26,MN02,434.3,388.7,45.6,1,6.5,1,1.08,1.6,18.3,46.9,99.7
2026-01-27,MN02,434.6,413.8,20.8,0,0.0,0,0.75,7.1,21.8,38.7,98.4
2026-01-28,MN02,434.9,376.3,58.6,1,4.7,1,0.17,5.9,28.3,29.2,85.2
2026-01-29,MN02,435.2,366.3,69.0,1,3.8,1,1.34,0.7,25.2,59.0,78.4
2026-01-30,MN02,435.6,416.4,19.2,0,0.0,0,2.74,5.6,27.7,29.8,85.6
2026-01-31,MN02,435.9,383.2,52.7,1,0.0,0,1.46,2.4,26.8,40.6,83.4
2026-02-01,MN02,436.2,425.4,10.8,0,0.0,0,0.23,0.0,24.3,59.6,100.0
2026-02-02,MN02,436.5,443.1,0.0,0,0.0,0,0.28,2.7,28.5,47.0,93.7
2026-02-03,MN02,436.8,389.3,47.5,1,2.8,1,1.67,3.3,28.5,58.9,92.9
2026-02-04,MN02,437.1,388.5,48.6,1,0.0,0,0.94,5.4,30.8,43.8,83.1
2026-02-05,MN02,437.4,414.6,22.8,0,0.0,0,0.86,0.0,29.8,48.7,85.3
2026-02-06,MN02,437.7,411.3,26.4,0,0.0,0,2.68,2.7,26.8,42.5,93.8
2026-02-07,MN02,438.0,419.8,18.2,0,0.0,0,0.89,0.0,27.1,55.2,90.1
2026-02-08,MN02,438.3,430.9,7.4,0,0.0,0,0.23,0.0,28.1,59.0,92.6
2026-02-09,MN02,438.6,428.2,10.4,0,0.0,0,0.16,0.0,28.8,50.1,87.8
2026-02-10,MN02,438.9,438.1,0.8,0,0.0,0,0.4,3.1,26.6,71.2,90.9
2026-02-11,MN02,439.1,428.0,11.1,0,0.0,0,0.01,0.0,23.9,68.2,85.4
2026-02-12,MN02,439.4,432.2,7.2,0,0.0,0,0.43,1.9,25.0,50.7,90.5
2026-02-13,MN02,439.7,388.8,50.9,1,5.9,1,1.55,0.0,24.8,52.1,100.0
2026-02-14,MN02,439.9,417.3,22.6,0,0.0,0,0.4,8.0,29.4,46.7,93.7
2026-02-15,MN02,440.2,343.0,97.2,1,15.4,3,1.94,6.4,32.0,59.3,92.7
2026-02-16,MN02,440.4,382.3,58.1,1,6.4,1,0.2,3.9,26.2,51.6,87.0
2026-02-17,MN02,440.7,434.7,6.0,0,0.0,0,1.67,1.5,21.0,36.2,97.7
2026-02-18,MN02,440.9,426.9,14.1,0,0.0,0,0.86,2.9,25.1,27.9,92.7
2026-02-19,MN02,441.2,428.4,12.8,0,0.0,0,0.39,0.7,20.4,44.5,92.5
2026-02-20,MN02,441.4,390.2,51.2,1,0.0,0,0.62,0.2,24.4,55.2,82.4
2026-02-21,MN02,441.7,374.7,66.9,1,4.4,1,0.79,3.7,24.7,38.8,87.5
2026-02-22,MN02,441.9,426.8,15.1,0,0.0,0,0.64,5.9,24.5,37.2,90.6
2026-02-23,MN02,442.1,411.1,31.0,0,0.0,0,2.38,4.6,24.1,55.6,94.3
2026-02-24,MN02,442.3,412.2,30.1,0,0.0,0,1.22,5.1,28.8,40.9,92.2
2026-02-25,MN02,442.5,407.3,35.2,0,0.0,0,0.81,1.7,22.4,32.2,86.8
2026-02-26,MN02,442.7,377.2,65.6,1,7.9,1,1.14,0.0,26.9,40.9,92.0
2026-02-27,MN02,442.9,394.8,48.2,1,5.4,1,0.79,3.1,33.3,30.8,95.9
2026-02-28,MN02,443.1,416.2,26.9,0,6.3,1,0.2,0.9,30.7,59.9,100.0
2026-03-01,MN02,443.3,407.7,35.6,0,1.6,1,2.26,0.0,30.4,54.1,91.4
2026-03-02,MN02,443.5,419.8,23.7,0,0.0,0,0.96,2.7,22.5,47.2,89.0
2026-03-03,MN02,443.7,383.0,60.7,1,9.5,1,0.16,4.8,25.0,50.6,97.6
2026-03-04,MN02,443.9,390.6,53.3,1,0.0,0,0.36,0.0,27.5,41.6,83.7
2026-03-05,MN02,444.0,409.4,34.7,0,0.0,0,0.2,0.6,26.7,37.5,82.6
2026-03-06,MN02,444.2,393.7,50.5,1,9.8,1,0.34,0.0,30.0,37.2,88.5
2026-03-07,MN02,444.3,416.6,27.8,0,7.8,1,0.04,0.0,28.5,51.2,91.5
2026-03-08,MN02,444.5,428.2,16.3,0,0.0,0,0.29,5.4,24.6,63.0,100.0
2026-03-09,MN02,444.6,456.6,0.0,0,0.0,0,1.52,4.3,25.3,36.6,97.9
2026-03-10,MN02,444.8,413.8,30.9,0,0.0,0,1.45,3.4,30.3,34.3,95.7
2026-03-11,MN02,444.9,444.5,0.4,0,0.0,0,0.24,0.7,26.5,45.1,91.7
2026-03-12,MN02,445.0,405.2,39.9,0,4.8,1,0.2,0.0,29.3,47.2,98.3
2026-03-13,MN02,445.2,436.2,9.0,0,0.0,0,0.53,3.6,25.6,46.9,86.6
2026-03-14,MN02,445.3,418.0,27.2,0,7.1,2,1.06,0.6,25.8,48.0,89.0
2026-03-15,MN02,445.4,382.5,62.9,1,6.8,1,0.56,5.3,27.2,43.6,90.4
2026-03-16,MN02,445.5,431.4,14.1,0,2.1,1,0.21,0.0,25.7,24.4,86.5
2026-03-17,MN02,445.6,441.1,4.4,0,0.0,0,0.74,2.8,21.8,43.5,93.7
2026-03-18,MN02,445.7,455.1,0.0,0,0.0,0,0.74,0.0,24.9,47.2,90.4
2026-03-19,MN02,445.8,434.1,11.6,0,0.0,0,0.0,2.8,27.1,45.7,88.0
2026-03-20,MN02,445.8,432.8,13.1,0,0.0,0,0.79,0.0,28.0,25.2,96.3
2026-03-21,MN02,445.9,414.7,31.2,0,0.0,0,1.9,0.7,30.2,35.8,99.7
2026-03-22,MN02,446.0,419.1,26.8,0,3.6,1,0.32,4.8,29.4,42.7,100.0
2026-03-23,MN02,446.0,386.9,59.1,1,0.0,0,5.06,0.0,21.7,38.2,90.3
2026-03-24,MN02,446.1,448.5,0.0,0,0.0,0,1.44,10.6,19.2,35.2,96.6
2026-03-25,MN02,446.1,430.7,15.4,0,0.0,0,0.04,1.6,29.4,47.8,90.6
2026-03-26,MN02,446.2,431.1,15.0,0,3.5,1,0.1,1.2,32.9,66.3,91.7
2026-03-27,MN02,446.2,468.7,0.0,0,0.0,0,0.15,2.9,19.3,64.5,90.5
2026-03-28,MN02,446.3,393.3,52.9,1,6.1,1,0.54,2.9,30.0,47.0,87.7
2026-03-29,MN02,446.3,349.8,96.5,1,0.0,0,1.66,0.0,27.1,64.9,72.0
2026-03-30,MN02,446.3,433.2,13.1,0,0.0,0,1.55,4.3,22.8,53.7,94.1
2026-03-31,MN02,446.3,417.7,28.6,0,3.8,1,0.91,0.0,22.6,30.6,87.6
2026-04-01,MN02,446.3,442.7,3.6,0,0.0,0,0.08,5.0,36.0,55.2,89.4
2026-04-02,MN02,446.3,402.1,44.2,0,0.0,0,1.93,0.5,32.0,56.2,96.5
2026-04-03,MN02,446.3,416.6,29.7,0,3.4,1,0.38,4.8,33.9,49.4,94.4
2026-04-04,MN02,446.3,415.4,30.9,0,0.0,0,3.01,0.0,26.2,28.0,93.3
2026-04-05,MN02,446.3,420.3,25.9,0,4.5,1,0.38,2.8,28.9,49.9,99.3
2026-04-06,MN02,446.2,413.7,32.6,0,0.0,0,2.93,0.4,30.2,50.6,92.5
2026-04-07,MN02,446.2,440.1,6.1,0,0.0,0,1.03,5.6,32.5,45.8,91.7
2026-04-08,MN02,446.2,439.4,6.7,0,4.7,1,0.25,4.0,35.7,49.8,94.6
2026-04-09,MN02,446.1,428.5,17.6,0,0.0,0,0.39,2.9,27.0,45.7,92.8
2026-04-10,MN02,446.1,385.0,61.1,1,8.3,1,3.65,0.0,26.8,39.7,93.7
2026-04-11,MN02,446.0,422.2,23.8,0,0.0,0,2.45,5.3,39.5,53.2,89.7
2026-04-12,MN02,445.9,408.6,37.3,0,4.5,1,0.67,5.8,31.1,44.0,90.4
2026-04-13,MN02,445.9,435.7,10.2,0,0.0,0,0.79,5.6,38.2,53.7,89.2
2026-04-14,MN02,445.8,417.1,28.7,0,0.0,0,1.65,0.6,36.2,52.3,98.2
2026-04-15,MN02,445.7,348.5,97.2,1,13.4,2,1.98,1.1,30.9,38.2,100.0
2026-04-16,MN02,445.6,413.9,31.7,0,0.0,0,1.26,3.2,36.3,48.4,86.5
2026-04-17,MN02,445.5,427.2,18.3,0,0.0,0,1.06,1.3,34.2,24.8,93.1
2026-04-18,MN02,445.4,397.7,47.7,1,6.6,1,0.2,0.5,32.3,35.3,100.0
2026-04-19,MN02,445.3,372.6,72.7,1,0.0,0,0.2,0.0,27.1,48.0,78.5
2026-04-20,MN02,445.2,388.7,56.5,1,4.0,1,3.09,0.4,37.1,37.9,96.9
2026-04-21,MN02,445.1,427.4,17.7,0,3.2,1,0.83,2.4,36.1,49.1,96.9
2026-04-22,MN02,444.9,440.6,4.3,0,0.0,0,0.44,0.0,30.5,56.2,91.7
2026-04-23,MN02,444.8,445.6,0.0,0,0.0,0,0.06,0.4,32.7,57.2,99.3
2026-04-24,MN02,444.7,432.3,12.4,0,0.0,0,0.12,1.3,37.1,36.5,87.2
2026-04-25,MN02,444.5,433.3,11.3,0,0.0,0,0.14,4.1,29.4,51.2,93.5
2026-04-26,MN02,444.4,411.4,33.0,0,0.5,1,2.32,0.6,33.7,44.7,92.7
2026-04-27,MN02,444.2,417.5,26.7,0,0.0,0,1.5,4.8,30.2,31.7,91.1
2026-04-28,MN02,444.1,437.6,6.4,0,0.0,0,0.12,3.2,29.9,45.8,92.0
2026-04-29,MN02,443.9,443.6,0.2,0,0.0,0,0.86,4.1,31.9,53.7,99.4
2026-04-30,MN02,443.7,418.0,25.7,0,4.3,1,1.29,4.5,39.9,40.6,100.0
2026-05-01,MN02,443.5,429.2,14.3,0,0.0,0,0.51,0.9,31.6,31.3,94.5
2026-05-02,MN02,443.4,387.9,55.5,1,6.5,1,0.11,0.0,37.4,49.6,86.9
2026-05-03,MN02,443.2,421.8,21.4,0,0.0,0,0.47,3.0,41.5,51.5,100.0
2026-05-04,MN02,443.0,431.7,11.3,0,0.0,0,2.32,3.5,35.9,42.0,96.8
2026-05-05,MN02,442.8,406.0,36.8,0,4.4,1,1.15,1.0,30.0,33.7,100.0
2026-05-06,MN02,442.6,405.3,37.3,0,0.0,0,5.1,8.2,33.1,49.5,92.3
2026-05-07,MN02,442.4,397.4,44.9,1,0.0,0,1.31,6.2,31.6,26.7,86.6
2026-05-08,MN02,442.1,428.6,13.5,0,0.0,0,0.22,0.0,35.6,51.9,90.0
2026-05-09,MN02,441.9,430.9,11.1,0,0.0,0,0.11,4.9,39.5,47.1,87.7
2026-05-10,MN02,441.7,421.5,20.2,0,0.0,0,2.1,4.1,29.6,46.2,90.2
2026-05-11,MN02,441.5,443.8,0.0,0,0.0,0,2.19,0.7,33.0,33.8,88.7
2026-05-12,MN02,441.2,432.2,9.0,0,0.0,0,1.23,0.0,34.9,35.6,100.0
2026-05-13,MN02,441.0,405.4,35.6,0,3.9,1,0.98,0.0,36.7,35.1,96.1
2026-05-14,MN02,440.8,461.6,0.0,0,0.0,0,0.13,1.4,34.6,49.4,91.8
2026-05-15,MN02,440.5,431.5,9.0,0,0.0,0,0.53,3.9,37.8,32.8,90.4
2026-05-16,MN02,440.2,435.8,4.4,0,0.0,0,1.64,4.4,32.8,28.0,90.3
2026-05-17,MN02,440.0,396.3,43.7,0,0.0,0,0.31,0.0,35.1,48.8,78.8
2026-05-18,MN02,439.7,419.2,20.6,0,0.0,0,0.67,0.8,34.2,53.7,93.3
2026-05-19,MN02,439.5,369.1,70.3,1,5.5,1,4.82,0.0,35.8,65.7,91.2
2026-05-20,MN02,439.2,410.3,28.9,0,4.2,1,0.19,3.2,34.3,48.5,100.0
2026-05-21,MN02,438.9,379.5,59.4,1,0.0,0,1.17,0.8,43.4,28.2,85.8
2026-05-22,MN02,438.6,393.2,45.4,1,1.6,1,1.14,4.2,38.3,63.4,81.6
2026-05-23,MN02,438.3,414.3,24.1,0,0.0,0,0.75,6.6,39.3,29.4,87.4
2026-05-24,MN02,438.1,328.9,109.2,1,6.9,1,6.88,0.0,27.7,36.5,89.7
2026-05-25,MN02,437.8,394.6,43.2,0,0.0,0,3.6,3.6,35.4,41.7,87.6
2026-05-26,MN02,437.5,430.2,7.3,0,0.0,0,0.65,3.1,37.2,38.5,99.5
2026-05-27,MN02,437.2,420.8,16.3,0,0.0,0,0.91,0.7,41.5,30.5,93.6
2026-05-28,MN02,436.9,401.8,35.1,0,0.0,0,1.23,0.0,33.0,62.7,92.7
2026-05-29,MN02,436.6,429.0,7.5,0,0.0,0,0.94,0.5,31.3,44.8,100.0
2026-05-30,MN02,436.3,421.7,14.6,0,0.0,0,1.74,1.0,33.0,37.2,90.4
2026-05-31,MN02,435.9,410.2,25.7,0,0.0,0,0.36,2.5,30.0,46.8,90.6
2026-06-01,MN02,435.6,373.3,62.3,1,5.3,1,0.19,25.0,23.7,79.5,84.3
2026-06-02,MN02,435.3,424.6,10.7,0,0.0,0,1.14,15.2,27.6,78.2,94.7
2026-06-03,MN02,435.0,414.2,20.8,0,0.0,0,0.37,27.2,24.8,67.9,90.4
2026-06-04,MN02,434.7,383.5,51.2,1,0.0,0,1.06,30.0,25.5,68.1,87.5
2026-06-05,MN02,434.3,408.0,26.3,0,7.4,1,0.98,8.3,25.7,71.8,93.9
2026-06-06,MN02,434.0,438.7,0.0,0,0.0,0,0.7,9.7,19.6,84.0,94.5
2026-06-07,MN02,433.7,414.2,19.5,0,1.5,1,1.1,13.9,24.4,60.2,89.4
2026-06-08,MN02,433.3,388.2,45.1,1,3.6,1,2.85,5.5,24.8,84.3,87.9
2026-06-09,MN02,433.0,436.0,0.0,0,0.0,0,1.07,9.3,21.9,59.4,96.8
2026-06-10,MN02,432.7,428.1,4.5,0,0.0,0,3.11,18.1,26.0,89.3,90.4
2026-06-11,MN02,432.3,381.1,51.2,1,0.0,0,0.96,26.3,22.8,78.7,84.1
2026-06-12,MN02,432.0,402.9,29.0,0,0.0,0,1.85,21.2,23.5,72.0,85.3
2026-06-13,MN02,431.6,394.6,37.1,0,0.0,0,0.56,27.6,32.4,71.5,98.7
2026-06-14,MN02,431.3,411.0,20.2,0,0.0,0,1.17,4.5,29.1,48.3,98.9
2026-06-15,MN02,430.9,381.4,49.5,1,6.8,2,1.22,8.7,29.2,72.3,99.0
2026-06-16,MN02,430.6,415.9,14.6,0,0.0,0,0.82,15.0,25.9,85.7,89.7
2026-06-17,MN02,430.2,426.8,3.4,0,0.0,0,0.85,13.5,26.0,77.7,94.1
2026-06-18,MN02,429.9,439.6,0.0,0,0.0,0,0.51,13.1,32.9,79.9,94.0
2026-06-19,MN02,429.5,349.2,80.3,1,2.9,1,1.64,30.2,21.2,78.5,87.4
2026-06-20,MN02,429.1,417.1,12.0,0,0.0,0,0.14,18.6,35.9,91.6,92.4
2026-06-21,MN02,428.8,402.1,26.7,0,0.0,0,1.11,29.3,26.9,61.2,89.8
2026-06-22,MN02,428.4,429.8,0.0,0,0.0,0,0.26,13.4,31.3,80.4,100.0
2026-06-23,MN02,428.0,409.8,18.3,0,0.0,0,1.37,14.7,25.7,89.5,93.3
2026-06-24,MN02,427.7,409.0,18.7,0,0.0,0,1.42,12.4,24.1,78.0,96.8
2026-06-25,MN02,427.3,375.0,52.3,1,6.4,1,1.22,22.4,20.9,43.2,95.3
2026-06-26,MN02,427.0,401.1,25.8,0,0.0,0,1.88,28.3,30.4,80.6,98.8
2026-06-27,MN02,426.6,359.5,67.1,1,0.0,0,3.9,19.2,23.6,73.0,86.8
2026-06-28,MN02,426.2,423.7,2.6,0,0.0,0,0.47,13.0,24.9,74.4,96.7
2026-06-29,MN02,425.9,411.2,14.7,0,3.9,1,1.17,15.4,22.2,83.7,100.0
2026-06-30,MN02,425.5,408.7,16.8,0,0.0,0,0.81,26.9,19.3,89.3,91.6
2026-07-01,MN02,425.1,405.2,19.9,0,0.0,0,0.55,17.2,27.3,70.5,91.3
2026-07-02,MN02,424.8,394.9,29.9,0,0.0,0,2.32,6.0,30.3,98.0,88.2
2026-07-03,MN02,424.4,409.3,15.1,0,0.0,0,1.46,18.0,23.6,64.9,95.3
2026-07-04,MN02,424.0,381.1,42.9,1,0.0,0,0.7,36.0,30.2,67.0,91.2
2026-07-05,MN02,423.7,382.3,41.4,0,0.0,0,1.0,30.3,30.2,62.4,100.0
2026-07-06,MN02,423.3,394.7,28.6,0,0.0,0,0.82,27.9,23.3,79.2,100.0
2026-07-07,MN02,422.9,407.3,15.7,0,0.0,0,0.88,2.5,22.5,76.9,89.9
2026-07-08,MN02,422.6,393.3,29.3,0,0.0,0,0.23,29.1,25.9,88.4,99.3
2026-07-09,MN02,422.2,393.9,28.3,0,2.9,1,1.6,23.9,28.7,75.5,95.9
2026-07-10,MN02,421.8,431.0,0.0,0,0.0,0,0.95,21.2,25.2,76.3,92.2
2026-07-11,MN02,421.5,330.1,91.4,1,13.7,2,0.46,10.6,28.0,73.2,91.4
2026-07-12,MN02,421.1,404.7,16.4,0,0.0,0,0.94,4.8,26.7,68.4,96.8
2026-07-13,MN02,420.8,368.0,52.7,1,0.0,0,3.42,7.4,30.1,78.0,97.8
2026-07-14,MN02,420.4,393.8,26.6,0,0.0,0,2.95,5.1,30.2,76.9,93.5
2026-07-15,MN02,420.0,408.7,11.4,0,0.0,0,0.22,11.9,24.2,70.3,96.7
2026-07-16,MN02,419.7,347.4,72.3,1,12.1,2,1.84,4.3,31.7,79.4,89.3
2026-07-17,MN02,419.3,429.0,0.0,0,0.0,0,0.17,21.8,28.0,65.6,93.4
2026-07-18,MN02,419.0,397.9,21.1,0,0.0,0,2.75,25.8,30.7,79.4,99.0
2026-07-19,MN02,418.6,400.1,18.5,0,0.0,0,1.22,20.8,23.9,71.5,98.1
2026-07-20,MN02,418.3,396.6,21.7,0,0.0,0,0.72,22.5,24.9,73.7,84.4
2026-07-21,MN02,417.9,413.8,4.1,0,0.0,0,0.72,20.1,31.9,85.2,91.1
2026-07-22,MN02,417.6,416.7,0.9,0,0.0,0,0.53,18.5,23.1,76.8,85.7
2026-07-23,MN02,417.3,329.7,87.6,1,14.6,2,0.29,15.3,36.6,75.8,99.9
2026-07-24,MN02,416.9,370.6,46.3,1,0.0,0,3.31,28.1,30.0,66.2,93.6
2026-07-25,MN02,416.6,393.2,23.4,0,0.0,0,1.06,29.6,28.1,76.5,100.0
2026-07-26,MN02,416.2,377.7,38.5,0,0.0,0,1.33,17.1,31.3,81.5,83.1
2026-07-27,MN02,415.9,373.6,42.4,1,0.0,0,3.52,34.3,23.4,72.9,94.0
2026-07-28,MN02,415.6,418.3,0.0,0,0.0,0,0.75,0.0,24.4,63.1,98.1
2026-07-29,MN02,415.3,349.6,65.6,1,3.8,1,0.63,18.3,26.0,61.3,82.2
2026-07-30,MN02,414.9,377.0,37.9,0,0.0,0,0.87,29.7,30.0,70.0,86.9
2026-07-31,MN02,414.6,374.4,40.3,0,0.0,0,0.02,25.3,21.5,77.2,85.3
2026-08-01,MN02,414.3,418.6,0.0,0,0.0,0,0.36,24.1,29.7,69.4,97.5
2026-08-02,MN02,414.0,297.2,116.8,1,1.8,1,6.61,38.1,27.0,74.0,92.0
2026-08-03,MN02,413.7,407.6,6.1,0,0.0,0,0.82,20.0,22.3,87.8,90.2
2026-08-04,MN02,413.4,409.1,4.2,0,2.6,1,0.02,18.1,27.6,76.8,96.4
2026-08-05,MN02,413.1,427.1,0.0,0,0.0,0,1.22,1.6,28.8,68.6,86.9
2026-08-06,MN02,412.8,400.1,12.7,0,0.0,0,0.81,4.2,29.5,67.0,100.0
2026-08-07,MN02,412.5,386.7,25.8,0,0.0,0,2.7,1.2,32.1,73.6,91.0
2026-08-08,MN02,412.2,381.6,30.6,0,0.0,0,1.29,27.1,24.2,70.4,93.8
2026-08-09,MN02,411.9,382.6,29.3,0,0.0,0,0.22,23.5,25.3,68.1,97.6
2026-08-10,MN02,411.6,367.1,44.5,1,0.0,0,0.79,26.1,31.5,83.7,92.3
2026-08-11,MN02,411.3,389.4,21.9,0,0.0,0,1.42,8.5,33.0,79.9,98.6
2026-08-12,MN02,411.0,394.0,17.0,0,0.0,0,0.59,23.1,36.6,82.0,100.0
2026-08-13,MN02,410.8,386.5,24.3,0,0.0,0,0.33,12.3,26.3,67.1,88.0
2026-08-14,MN02,410.5,405.5,5.0,0,0.0,0,1.06,13.9,21.5,81.5,89.3
2026-08-15,MN02,410.2,404.4,5.8,0,0.0,0,0.85,22.5,26.1,69.0,97.6
2026-08-16,MN02,410.0,340.5,69.5,1,9.7,2,1.59,1.8,24.5,74.2,95.7
2026-08-17,MN02,409.7,406.3,3.4,0,0.0,0,0.38,14.8,30.6,65.6,96.9
2026-08-18,MN02,409.5,366.2,43.3,1,0.0,0,1.54,27.9,35.6,85.7,90.0
2026-08-19,MN02,409.2,377.5,31.7,0,0.0,0,0.56,16.3,28.7,78.1,82.8
2026-08-20,MN02,409.0,362.1,46.9,1,1.5,1,0.17,28.7,28.3,85.5,87.6
2026-08-21,MN02,408.7,397.9,10.8,0,0.0,0,0.51,8.3,21.8,65.9,94.7
2026-08-22,MN02,408.5,372.2,36.3,0,0.0,0,2.62,8.5,27.2,58.5,95.4
2026-08-23,MN02,408.3,367.9,40.4,0,0.0,0,1.82,24.8,30.4,78.6,86.2
2024-08-24,MN03,286.4,269.4,17.1,0,0.0,0,2.09,2.6,29.6,71.9,87.3
2024-08-25,MN03,286.3,270.4,15.9,0,0.0,0,0.29,10.6,29.8,76.8,87.1
2024-08-26,MN03,286.1,265.6,20.5,0,8.6,1,0.42,4.8,24.7,64.7,96.4
2024-08-27,MN03,286.0,231.0,55.0,1,4.0,1,2.19,22.3,30.6,56.8,82.8
2024-08-28,MN03,285.8,240.8,45.0,1,6.8,1,2.78,24.5,23.7,80.1,99.6
2024-08-29,MN03,285.7,276.4,9.3,0,0.0,0,0.47,19.3,25.8,70.2,87.9
2024-08-30,MN03,285.6,263.4,22.2,0,4.9,1,1.25,19.4,29.9,67.7,92.9
2024-08-31,MN03,285.4,281.2,4.3,0,0.0,0,0.24,1.9,29.9,80.4,94.1
2024-09-01,MN03,285.3,222.6,62.7,1,8.3,1,4.13,19.7,32.9,82.8,87.5
2024-09-02,MN03,285.2,268.6,16.6,0,0.0,0,1.02,23.0,23.6,59.6,88.6
2024-09-03,MN03,285.1,255.7,29.4,1,0.0,0,1.95,9.7,28.4,71.1,83.6
2024-09-04,MN03,285.0,262.8,22.2,0,4.2,1,1.32,11.6,30.9,69.8,100.0
2024-09-05,MN03,284.9,250.7,34.2,1,8.4,1,0.43,16.9,27.1,71.4,94.1
2024-09-06,MN03,284.8,275.7,9.0,0,0.0,0,0.1,23.7,21.5,67.9,95.3
2024-09-07,MN03,284.7,271.9,12.7,0,0.0,0,0.8,29.5,21.0,72.6,89.8
2024-09-08,MN03,284.6,265.0,19.6,0,0.0,0,0.5,17.0,29.3,83.1,100.0
2024-09-09,MN03,284.5,217.8,66.7,1,8.8,1,2.68,24.6,22.6,69.9,85.5
2024-09-10,MN03,284.4,278.0,6.4,0,0.0,0,1.58,17.3,24.5,83.2,100.0
2024-09-11,MN03,284.3,248.0,36.3,1,4.0,1,2.27,26.8,25.9,84.6,94.7
2024-09-12,MN03,284.2,268.9,15.3,0,0.0,0,0.78,22.3,26.7,68.7,90.3
2024-09-13,MN03,284.2,242.8,41.4,1,9.5,1,0.07,23.1,28.8,84.1,93.8
2024-09-14,MN03,284.1,248.3,35.8,1,7.2,2,0.64,22.9,27.9,83.4,92.2
2024-09-15,MN03,284.0,255.5,28.5,1,0.0,0,0.34,37.4,26.3,71.3,98.1
2024-09-16,MN03,284.0,249.9,34.1,1,5.6,1,2.21,19.3,28.4,70.8,95.7
2024-09-17,MN03,283.9,279.3,4.6,0,2.2,1,0.42,8.2,26.2,79.6,89.8
2024-09-18,MN03,283.9,267.2,16.7,0,0.0,0,1.68,3.7,37.2,61.5,93.3
2024-09-19,MN03,283.8,253.4,30.4,1,4.5,1,0.53,27.2,28.8,73.7,90.8
2024-09-20,MN03,283.8,292.0,0.0,0,0.0,0,0.39,11.8,24.2,70.4,88.6
2024-09-21,MN03,283.7,273.7,10.0,0,0.0,0,0.35,9.3,27.6,80.0,85.2
2024-09-22,MN03,283.7,229.8,53.9,1,2.8,1,4.07,20.7,29.4,66.1,88.5
2024-09-23,MN03,283.7,265.7,18.0,0,0.0,0,1.45,9.7,26.9,86.2,88.6
2024-09-24,MN03,283.6,272.2,11.5,0,0.0,0,0.39,23.5,24.4,79.2,85.4
2024-09-25,MN03,283.6,266.9,16.7,0,0.0,0,1.79,1.0,32.7,80.2,91.6
2024-09-26,MN03,283.6,283.4,0.2,0,0.0,0,0.07,6.2,27.9,93.9,98.5
2024-09-27,MN03,283.6,296.9,0.0,0,0.0,0,0.03,15.5,20.1,66.3,88.8
2024-09-28,MN03,283.6,273.4,10.2,0,0.0,0,0.25,18.8,24.3,64.4,87.7
2024-09-29,MN03,283.6,268.1,15.5,0,0.0,0,0.8,24.6,21.7,74.8,87.4
2024-09-30,MN03,283.6,277.6,6.0,0,0.0,0,0.39,9.1,25.2,68.6,95.0
2024-10-01,MN03,283.6,262.3,21.3,0,0.0,0,3.3,3.6,35.1,59.3,95.0
2024-10-02,MN03,283.6,249.5,34.1,1,0.0,0,3.81,0.0,21.8,57.6,94.0
2024-10-03,MN03,283.6,259.3,24.4,0,6.3,1,1.69,3.8,23.2,35.8,97.2
2024-10-04,MN03,283.6,241.3,42.3,1,10.3,2,0.7,0.0,28.7,44.3,98.1
2024-10-05,MN03,283.6,254.5,29.1,1,0.0,0,1.1,1.5,27.1,54.6,84.5
2024-10-06,MN03,283.7,268.6,15.1,0,3.4,1,0.56,4.4,30.4,45.1,94.5
2024-10-07,MN03,283.7,289.1,0.0,0,0.0,0,0.69,0.0,19.9,36.7,93.7
2024-10-08,MN03,283.7,284.2,0.0,0,0.0,0,0.96,0.4,29.5,59.6,93.4
2024-10-09,MN03,283.8,245.0,38.8,1,6.8,1,3.06,1.9,25.4,66.5,100.0
2024-10-10,MN03,283.8,277.5,6.3,0,3.1,1,0.83,3.3,28.9,48.2,96.4
2024-10-11,MN03,283.9,244.0,39.9,1,5.4,1,2.38,0.8,23.1,39.6,95.2
2024-10-12,MN03,283.9,279.3,4.6,0,0.0,0,1.24,6.6,24.3,42.1,85.2
2024-10-13,MN03,284.0,290.0,0.0,0,0.0,0,0.75,0.0,26.9,20.9,89.9
2024-10-14,MN03,284.1,248.4,35.6,1,0.0,0,4.81,0.1,26.4,56.1,96.1
2024-10-15,MN03,284.1,274.8,9.3,0,0.0,0,0.68,1.4,24.7,30.3,88.5
2024-10-16,MN03,284.2,272.7,11.5,0,0.0,0,0.61,4.3,21.2,50.9,90.2
2024-10-17,MN03,284.3,284.1,0.2,0,0.0,0,0.38,2.5,20.8,33.9,96.3
2024-10-18,MN03,284.3,259.0,25.3,0,1.4,1,0.44,3.0,25.7,38.7,96.0
2024-10-19,MN03,284.4,273.5,11.0,0,0.0,0,0.79,0.0,30.1,22.7,97.0
2024-10-20,MN03,284.5,280.1,4.4,0,0.0,0,0.77,0.0,24.8,36.2,96.1
2024-10-21,MN03,284.6,269.8,14.8,0,0.0,0,0.92,1.7,21.7,63.2,92.7
2024-10-22,MN03,284.7,270.1,14.6,0,0.0,0,2.52,0.0,28.5,58.2,91.7
2024-10-23,MN03,284.8,274.6,10.2,0,0.0,0,0.68,3.0,28.0,44.0,89.3
2024-10-24,MN03,284.9,274.6,10.3,0,0.0,0,0.27,1.5,29.2,53.6,85.6
2024-10-25,MN03,285.0,266.9,18.2,0,0.0,0,2.29,3.4,25.6,49.3,91.8
2024-10-26,MN03,285.1,268.0,17.2,0,0.0,0,0.54,2.9,30.8,49.2,85.2
2024-10-27,MN03,285.2,271.4,13.9,0,0.0,0,0.47,1.4,36.9,36.6,98.0
2024-10-28,MN03,285.4,257.9,27.5,0,5.3,1,1.42,4.6,24.6,37.0,100.0
2024-10-29,MN03,285.5,282.0,3.5,0,0.0,0,0.34,6.0,26.2,46.4,91.6
2024-10-30,MN03,285.6,247.7,37.9,1,0.0,0,2.92,0.0,27.1,31.7,84.7
2024-10-31,MN03,285.7,240.7,45.1,1,5.1,1,0.45,1.2,31.8,26.1,86.7
2024-11-01,MN03,285.9,265.3,20.6,0,0.0,0,2.82,4.6,32.7,21.1,93.0
2024-11-02,MN03,286.0,257.9,28.2,0,5.4,1,0.38,8.2,34.3,41.7,90.5
2024-11-03,MN03,286.2,295.5,0.0,0,0.0,0,1.62,3.1,26.4,54.6,100.0
2024-11-04,MN03,286.3,266.8,19.5,0,7.9,2,0.41,6.2,29.5,39.7,91.4
2024-11-05,MN03,286.5,247.9,38.6,1,8.4,1,1.6,6.3,29.8,46.9,95.1
2024-11-06,MN03,286.6,263.2,23.5,0,5.4,1,0.0,0.3,31.0,58.3,91.9
2024-11-07,MN03,286.8,291.0,0.0,0,0.0,0,0.18,0.0,24.6,43.6,92.7
2024-11-08,MN03,286.9,284.5,2.4,0,0.0,0,0.06,6.3,23.4,49.4,91.8
2024-11-09,MN03,287.1,289.4,0.0,0,0.0,0,0.8,3.2,19.0,48.2,90.5
2024-11-10,MN03,287.3,263.6,23.7,0,0.0,0,0.82,0.6,22.1,37.8,85.5
2024-11-11,MN03,287.4,256.8,30.7,1,4.2,1,4.51,2.7,32.0,45.9,89.7
2024-11-12,MN03,287.6,278.0,9.6,0,0.0,0,0.28,0.0,29.0,45.3,100.0
2024-11-13,MN03,287.8,266.0,21.8,0,7.2,1,1.01,0.0,23.3,47.3,89.2
2024-11-14,MN03,288.0,274.1,13.9,0,0.0,0,0.73,3.7,28.5,53.7,84.1
2024-11-15,MN03,288.2,268.6,19.5,0,2.5,1,2.23,0.0,28.6,40.1,100.0
2024-11-16,MN03,288.3,298.3,0.0,0,0.0,0,0.55,0.0,25.9,38.4,92.7
2024-11-17,MN03,288.5,275.5,13.0,0,0.0,0,1.41,6.0,27.3,49.7,89.4
2024-11-18,MN03,288.7,252.0,36.7,1,5.1,1,0.21,2.7,29.0,44.3,89.7
2024-11-19,MN03,288.9,267.2,21.7,0,0.0,0,3.49,0.0,37.8,30.9,100.0
2024-11-20,MN03,289.1,259.1,30.0,1,0.0,0,0.99,0.4,29.5,34.3,80.1
2024-11-21,MN03,289.3,295.1,0.0,0,0.0,0,0.08,0.0,24.6,32.2,91.5
2024-11-22,MN03,289.5,266.6,23.0,0,0.0,0,3.55,0.0,33.7,49.6,94.9
2024-11-23,MN03,289.7,277.6,12.1,0,3.8,1,1.82,4.7,31.0,39.9,91.1
2024-11-24,MN03,289.9,269.5,20.4,0,3.7,1,2.09,6.3,27.8,50.8,90.5
2024-11-25,MN03,290.2,294.5,0.0,0,0.0,0,0.42,0.5,33.3,47.1,100.0
2024-11-26,MN03,290.4,240.7,49.6,1,9.1,1,2.16,5.4,31.1,50.8,100.0
2024-11-27,MN03,290.6,279.8,10.8,0,0.0,0,1.23,1.3,29.4,54.8,89.9
2024-11-28,MN03,290.8,261.2,29.6,1,8.0,1,1.39,2.1,24.2,43.6,98.7
2024-11-29,MN03,291.0,227.1,63.9,1,3.4,1,1.76,0.6,31.0,41.8,74.3
2024-11-30,MN03,291.3,285.4,5.9,0,0.0,0,0.49,5.5,26.9,56.3,100.0
2024-12-01,MN03,291.5,260.1,31.4,1,4.1,1,1.93,2.7,23.0,66.6,94.7
2024-12-02,MN03,291.7,270.7,21.0,0,0.0,0,1.47,2.1,28.9,44.8,82.4
2024-12-03,MN03,291.9,260.3,31.6,1,2.5,1,0.64,1.9,27.2,44.8,83.3
2024-12-04,MN03,292.2,294.5,0.0,0,0.0,0,0.14,8.9,24.7,54.3,97.2
2024-12-05,MN03,292.4,267.8,24.6,0,5.2,1,1.99,0.0,23.5,25.9,96.4
2024-12-06,MN03,292.6,283.4,9.3,0,0.0,0,3.93,2.9,22.2,54.0,100.0
2024-12-07,MN03,292.9,276.4,16.5,0,0.0,0,0.5,1.1,23.9,45.5,84.6
2024-12-08,MN03,293.1,277.7,15.4,0,0.0,0,3.61,0.0,30.2,31.1,93.5
2024-12-09,MN03,293.4,233.7,59.7,1,7.6,1,4.45,2.5,25.1,42.6,88.8
2024-12-10,MN03,293.6,281.0,12.6,0,0.0,0,0.89,4.3,29.7,43.2,93.4
2024-12-11,MN03,293.8,296.6,0.0,0,0.0,0,0.75,8.0,33.0,42.1,100.0
2024-12-12,MN03,294.1,274.1,20.0,0,0.0,0,5.1,0.0,28.6,36.4,91.0
2024-12-13,MN03,294.3,237.0,57.4,1,14.1,2,0.85,0.7,26.1,50.2,89.8
2024-12-14,MN03,294.6,269.8,24.8,0,0.0,0,2.28,0.0,25.8,46.3,88.3
2024-12-15,MN03,294.8,281.2,13.6,0,0.0,0,0.14,1.5,23.4,61.8,95.7
2024-12-16,MN03,295.1,290.4,4.7,0,0.0,0,2.5,2.3,22.8,40.7,100.0
2024-12-17,MN03,295.3,273.5,21.8,0,0.0,0,2.34,7.2,29.6,40.3,90.9
2024-12-18,MN03,295.6,285.1,10.5,0,0.0,0,1.56,8.4,27.5,39.6,97.2
2024-12-19,MN03,295.8,287.0,8.8,0,0.0,0,0.33,0.0,23.6,45.4,100.0
2024-12-20,MN03,296.1,268.6,27.5,0,0.0,0,3.71,4.0,38.2,29.1,96.0
2024-12-21,MN03,296.3,271.9,24.4,0,6.6,1,0.32,0.0,28.4,37.8,94.8
2024-12-22,MN03,296.6,297.4,0.0,0,0.0,0,0.27,2.2,26.5,51.8,94.4
2024-12-23,MN03,296.9,291.7,5.1,0,0.0,0,0.55,3.1,32.4,51.5,86.5
2024-12-24,MN03,297.1,283.9,13.2,0,0.0,0,0.58,0.0,25.8,47.2,95.2
2024-12-25,MN03,297.4,269.7,27.7,0,5.8,1,1.24,4.1,29.0,48.4,94.8
2024-12-26,MN03,297.6,287.1,10.5,0,0.0,0,0.53,0.1,28.4,47.0,90.6
2024-12-27,MN03,297.9,261.0,36.9,1,0.0,0,0.31,1.8,25.2,33.3,80.9
2024-12-28,MN03,298.1,279.6,18.5,0,3.5,1,0.01,0.0,24.6,49.0,84.8
2024-12-29,MN03,298.4,297.6,0.8,0,0.0,0,1.03,0.0,28.2,37.1,100.0
2024-12-30,MN03,298.7,291.4,7.3,0,0.0,0,3.23,0.0,29.4,49.4,100.0
2024-12-31,MN03,298.9,272.7,26.2,0,6.8,2,1.39,5.3,24.7,43.4,95.5
2025-01-01,MN03,298.8,281.4,17.3,0,0.0,0,0.08,0.2,24.4,55.9,90.9
2025-01-02,MN03,299.0,293.3,5.7,0,0.0,0,0.58,2.2,26.6,32.9,96.2
2025-01-03,MN03,299.3,302.3,0.0,0,0.0,0,1.75,0.4,27.5,50.6,92.5
2025-01-04,MN03,299.5,246.0,53.6,1,0.0,0,5.99,0.0,31.4,44.7,92.9
2025-01-05,MN03,299.8,304.6,0.0,0,0.0,0,0.69,4.4,22.9,40.1,86.6
2025-01-06,MN03,300.0,269.0,31.0,1,10.0,2,0.04,3.2,27.0,43.4,92.4
2025-01-07,MN03,300.3,284.5,15.8,0,0.0,0,0.22,6.4,18.6,57.1,92.3
2025-01-08,MN03,300.6,298.9,1.6,0,0.0,0,1.03,5.2,25.1,55.9,100.0
2025-01-09,MN03,300.8,295.8,5.0,0,3.0,1,0.73,7.4,24.1,51.8,100.0
2025-01-10,MN03,301.1,282.6,18.5,0,0.0,0,2.71,2.0,36.3,41.6,97.1
2025-01-11,MN03,301.3,278.9,22.5,0,0.0,0,4.27,0.3,25.7,46.8,91.4
2025-01-12,MN03,301.6,257.7,43.8,1,3.4,1,1.85,4.6,28.1,46.4,98.1
2025-01-13,MN03,301.8,274.1,27.7,0,0.0,0,1.57,2.9,23.1,39.3,98.3
2025-01-14,MN03,302.1,280.9,21.2,0,0.0,0,2.57,4.0,33.5,46.3,89.0
2025-01-15,MN03,302.3,291.9,10.4,0,0.0,0,0.78,7.8,25.3,54.2,85.9
2025-01-16,MN03,302.6,278.1,24.5,0,4.9,1,0.42,0.3,30.2,65.8,92.6
2025-01-17,MN03,302.8,287.0,15.8,0,0.0,0,1.72,0.4,23.5,39.8,95.6
2025-01-18,MN03,303.1,311.2,0.0,0,0.0,0,0.55,1.6,34.3,61.8,92.7
2025-01-19,MN03,303.3,278.3,25.0,0,1.7,1,1.22,6.6,22.1,51.2,85.8
2025-01-20,MN03,303.5,286.3,17.2,0,0.0,0,0.14,0.0,23.7,40.9,88.8
2025-01-21,MN03,303.8,255.1,48.7,1,5.9,1,2.31,5.4,30.2,43.9,94.0
2025-01-22,MN03,304.0,304.9,0.0,0,0.0,0,0.01,0.0,25.6,37.7,87.2
2025-01-23,MN03,304.3,268.5,35.7,1,4.9,1,0.49,2.9,24.9,52.5,87.7
2025-01-24,MN03,304.5,293.1,11.4,0,0.0,0,0.48,0.0,28.3,37.9,88.7
2025-01-25,MN03,304.7,316.9,0.0,0,0.0,0,0.1,0.0,27.7,51.2,91.8
2025-01-26,MN03,305.0,249.3,55.7,1,6.9,1,2.31,5.7,28.7,62.7,98.3
2025-01-27,MN03,305.2,282.7,22.5,0,0.0,0,2.14,3.3,25.3,38.8,96.9
2025-01-28,MN03,305.4,268.7,36.8,1,5.3,1,2.06,5.5,26.7,40.1,94.0
2025-01-29,MN03,305.7,293.0,12.7,0,2.4,1,1.67,5.8,27.3,62.1,97.5
2025-01-30,MN03,305.9,265.7,40.2,1,9.1,1,0.62,4.4,27.2,22.1,98.7
2025-01-31,MN03,306.1,239.3,66.8,1,7.5,2,5.0,0.0,25.5,56.6,97.9
2025-02-01,MN03,306.3,298.3,8.0,0,0.0,0,1.57,0.0,28.6,50.9,95.5
2025-02-02,MN03,306.5,299.6,7.0,0,0.0,0,1.37,0.0,27.2,57.3,92.8
2025-02-03,MN03,306.8,263.9,42.9,1,0.0,0,0.12,7.1,24.6,49.5,78.4
2025-02-04,MN03,307.0,271.3,35.7,1,0.0,0,3.41,7.6,26.3,36.1,95.3
2025-02-05,MN03,307.2,284.9,22.3,0,4.2,1,1.1,0.0,26.3,41.5,96.9
2025-02-06,MN03,307.4,296.6,10.8,0,5.6,1,0.08,0.3,25.7,42.5,93.5
2025-02-07,MN03,307.6,301.5,6.1,0,0.0,0,1.06,8.8,28.8,46.2,98.4
2025-02-08,MN03,307.8,262.6,45.2,1,0.0,0,3.06,1.5,24.9,36.5,86.8
2025-02-09,MN03,308.0,277.1,30.9,1,4.1,1,1.22,1.7,19.9,40.9,95.0
2025-02-10,MN03,308.2,281.6,26.6,0,3.8,1,1.15,3.3,24.6,48.4,94.6
2025-02-11,MN03,308.4,323.5,0.0,0,0.0,0,0.93,0.0,30.4,51.5,92.8
2025-02-12,MN03,308.6,297.3,11.3,0,0.0,0,1.21,3.1,22.2,42.1,96.7
2025-02-13,MN03,308.8,295.8,13.0,0,0.0,0,0.59,2.7,26.3,40.1,97.1
2025-02-14,MN03,309.0,305.5,3.4,0,0.0,0,0.42,4.9,24.0,46.4,98.3
2025-02-15,MN03,309.1,296.2,12.9,0,0.0,0,2.01,3.5,33.2,49.7,88.0
2025-02-16,MN03,309.3,287.0,22.3,0,0.0,0,0.8,7.9,27.0,42.7,95.8
2025-02-17,MN03,309.5,309.7,0.0,0,0.0,0,0.84,0.7,28.8,51.8,93.9
2025-02-18,MN03,309.7,318.4,0.0,0,0.0,0,0.02,4.6,27.3,66.0,95.9
2025-02-19,MN03,309.8,304.6,5.2,0,0.0,0,0.11,0.8,28.2,47.7,86.0
2025-02-20,MN03,310.0,310.7,0.0,0,0.0,0,0.33,0.0,22.6,44.1,100.0
2025-02-21,MN03,310.2,293.0,17.2,0,5.1,1,1.83,0.0,21.0,41.5,94.1
2025-02-22,MN03,310.3,322.3,0.0,0,0.0,0,1.29,0.0,27.3,56.7,90.9
2025-02-23,MN03,310.5,284.7,25.8,0,0.0,0,3.08,0.2,24.4,43.9,94.2
2025-02-24,MN03,310.6,259.8,50.8,1,5.7,1,0.82,0.0,35.2,36.9,81.0
2025-02-25,MN03,310.8,270.1,40.7,1,0.0,0,2.82,2.0,21.2,74.1,82.3
2025-02-26,MN03,310.9,293.1,17.8,0,3.2,1,0.66,3.4,30.3,50.5,88.8
2025-02-27,MN03,311.1,294.2,16.8,0,0.0,0,1.43,2.3,30.1,54.8,100.0
2025-02-28,MN03,311.2,272.9,38.3,1,0.0,0,3.07,0.0,30.1,43.8,91.5
2025-03-01,MN03,311.3,298.2,13.2,0,0.0,0,1.55,0.0,25.9,48.1,87.1
2025-03-02,MN03,311.5,304.7,6.8,0,0.0,0,0.72,0.0,32.2,34.9,92.6
2025-03-03,MN03,311.6,301.6,10.0,0,0.0,0,2.42,6.9,29.3,45.8,97.5
2025-03-04,MN03,311.7,280.3,31.4,1,4.7,1,1.2,0.0,30.0,34.6,100.0
2025-03-05,MN03,311.8,254.3,57.5,1,0.0,0,2.07,1.0,22.5,48.6,76.1
2025-03-06,MN03,311.9,306.8,5.2,0,0.0,0,0.41,2.2,27.3,49.4,97.5
2025-03-07,MN03,312.1,257.1,55.0,1,10.6,2,0.78,3.0,26.4,46.3,88.7
2025-03-08,MN03,312.2,282.6,29.6,0,0.0,0,3.79,0.0,28.5,38.5,100.0
2025-03-09,MN03,312.3,290.4,21.9,0,1.1,1,2.88,2.5,21.6,49.2,90.9
2025-03-10,MN03,312.4,280.2,32.1,1,7.6,1,0.63,3.3,29.3,61.0,86.0
2025-03-11,MN03,312.4,308.0,4.5,0,0.0,0,0.1,1.7,26.3,38.7,93.0
2025-03-12,MN03,312.5,308.0,4.6,0,0.0,0,0.45,0.0,27.8,45.8,100.0
2025-03-13,MN03,312.6,294.2,18.4,0,4.5,1,1.93,1.3,24.0,56.9,93.2
2025-03-14,MN03,312.7,253.9,58.9,1,14.9,2,0.03,1.7,25.5,31.4,94.7
2025-03-15,MN03,312.8,309.7,3.1,0,0.0,0,0.95,3.8,28.1,37.8,100.0
2025-03-16,MN03,312.9,313.1,0.0,0,0.0,0,0.29,0.0,19.6,38.6,94.7
2025-03-17,MN03,312.9,254.9,58.1,1,0.0,0,1.3,6.7,28.8,53.9,76.5
2025-03-18,MN03,313.0,309.9,3.1,0,0.0,0,1.98,2.5,29.0,49.2,98.7
2025-03-19,MN03,313.0,302.5,10.6,0,4.5,1,0.18,3.2,18.9,39.6,93.6
2025-03-20,MN03,313.1,305.3,7.8,0,0.0,0,0.7,2.3,24.8,37.6,94.6
2025-03-21,MN03,313.2,328.0,0.0,0,0.0,0,0.23,0.0,28.9,42.5,95.3
2025-03-22,MN03,313.2,315.4,0.0,0,0.0,0,1.59,0.0,25.6,38.9,89.6
2025-03-23,MN03,313.2,312.3,1.0,0,0.0,0,1.0,1.5,29.8,44.7,90.8
2025-03-24,MN03,313.3,273.3,40.0,1,9.4,1,1.78,0.0,23.4,40.3,98.9
2025-03-25,MN03,313.3,281.7,31.6,1,5.3,1,0.03,2.6,29.8,29.1,94.8
2025-03-26,MN03,313.3,234.2,79.1,1,4.1,1,1.11,4.3,32.5,52.1,78.5
2025-03-27,MN03,313.4,297.8,15.6,0,0.0,0,0.95,0.7,27.7,41.8,94.7
2025-03-28,MN03,313.4,302.5,10.8,0,0.0,0,2.35,1.5,33.8,29.1,99.1
2025-03-29,MN03,313.4,324.3,0.0,0,0.0,0,2.24,3.0,23.5,49.1,89.3
2025-03-30,MN03,313.4,325.3,0.0,0,0.0,0,0.13,3.5,30.6,47.8,96.9
2025-03-31,MN03,313.4,286.9,26.6,0,0.0,0,4.36,0.0,25.7,66.3,93.6
2025-04-01,MN03,313.4,295.9,17.5,0,0.0,0,0.44,0.7,34.8,34.3,100.0
2025-04-02,MN03,313.4,263.9,49.5,1,7.6,2,2.67,2.6,39.0,55.4,86.7
2025-04-03,MN03,313.4,297.0,16.5,0,0.0,0,1.22,0.0,30.4,40.1,87.2
2025-04-04,MN03,313.4,256.3,57.1,1,14.0,2,1.33,0.0,31.2,52.9,96.5
2025-04-05,MN03,313.4,310.7,2.7,0,0.0,0,1.03,6.5,37.1,50.0,98.3
2025-04-06,MN03,313.4,229.3,84.1,1,7.8,1,8.93,4.7,27.1,46.3,92.9
2025-04-07,MN03,313.4,297.8,15.5,0,0.0,0,1.11,5.2,30.7,48.2,91.5
2025-04-08,MN03,313.3,245.8,67.5,1,16.0,3,0.87,7.0,34.1,55.1,89.6
2025-04-09,MN03,313.3,249.2,64.1,1,5.7,1,1.39,1.6,36.2,38.4,81.2
2025-04-10,MN03,313.3,309.7,3.5,0,0.0,0,0.64,0.3,27.5,43.4,92.7
2025-04-11,MN03,313.2,319.9,0.0,0,0.0,0,1.11,0.2,31.7,39.3,92.2
2025-04-12,MN03,313.2,280.3,32.8,1,0.0,0,0.19,1.5,46.0,42.3,82.9
2025-04-13,MN03,313.1,299.1,14.0,0,0.0,0,0.11,2.6,35.0,34.4,99.1
2025-04-14,MN03,313.1,279.0,34.0,1,0.0,0,1.56,0.0,36.1,44.5,81.3
2025-04-15,MN03,313.0,299.0,14.0,0,0.0,0,1.87,3.0,35.0,42.0,100.0
2025-04-16,MN03,312.9,299.9,13.1,0,0.0,0,0.13,6.3,34.4,45.4,96.1
2025-04-17,MN03,312.9,306.7,6.2,0,2.4,1,0.06,3.0,40.3,20.0,91.0
2025-04-18,MN03,312.8,258.2,54.6,1,6.8,2,0.9,1.2,36.6,48.1,80.7
2025-04-19,MN03,312.7,279.8,32.9,1,0.0,0,0.41,0.0,31.6,49.5,78.8
2025-04-20,MN03,312.6,295.5,17.1,0,0.0,0,3.12,6.2,29.6,21.4,100.0
2025-04-21,MN03,312.6,289.4,23.2,0,3.9,1,0.54,3.7,32.7,58.6,90.3
2025-04-22,MN03,312.5,299.3,13.2,0,0.0,0,0.13,1.0,34.6,44.8,87.9
2025-04-23,MN03,312.4,301.0,11.4,0,1.4,1,0.58,5.0,35.2,48.9,96.5
2025-04-24,MN03,312.3,275.6,36.7,1,5.7,1,1.67,0.3,33.5,37.1,97.4
2025-04-25,MN03,312.2,271.9,40.3,1,7.8,2,1.34,1.1,34.1,27.6,96.7
2025-04-26,MN03,312.1,276.3,35.7,1,0.0,0,3.12,0.8,37.0,37.3,93.4
2025-04-27,MN03,312.0,280.5,31.5,1,0.0,0,1.68,5.9,28.0,42.0,87.8
2025-04-28,MN03,311.9,305.6,6.3,0,0.0,0,3.8,0.0,31.5,44.6,100.0
2025-04-29,MN03,311.7,288.6,23.2,0,2.0,1,1.66,4.8,35.4,72.1,100.0
2025-04-30,MN03,311.6,300.7,10.9,0,0.0,0,0.55,5.5,32.6,38.3,96.9
2025-05-01,MN03,311.5,311.1,0.4,0,0.0,0,1.38,0.0,38.8,40.7,93.5
2025-05-02,MN03,311.4,302.7,8.7,0,0.0,0,0.17,0.4,28.3,64.8,89.4
2025-05-03,MN03,311.2,284.9,26.3,0,6.4,1,1.51,0.8,31.4,22.2,98.6
2025-05-04,MN03,311.1,287.9,23.2,0,5.7,1,1.83,1.6,30.0,51.3,90.7
2025-05-05,MN03,311.0,285.3,25.6,0,0.0,0,4.84,0.3,41.6,37.0,100.0
2025-05-06,MN03,310.8,313.2,0.0,0,0.0,0,1.04,0.0,35.9,29.8,93.9
2025-05-07,MN03,310.7,305.9,4.7,0,0.0,0,0.64,10.7,35.6,62.0,94.1
2025-05-08,MN03,310.5,312.0,0.0,0,0.0,0,0.68,1.9,39.6,45.5,92.9
2025-05-09,MN03,310.4,300.9,9.5,0,0.0,0,1.77,2.1,37.9,38.5,91.9
2025-05-10,MN03,310.2,270.1,40.1,1,8.1,1,0.06,1.1,36.1,43.0,93.2
2025-05-11,MN03,310.0,250.9,59.1,1,15.9,3,0.83,0.2,36.7,45.0,100.0
2025-05-12,MN03,309.9,299.8,10.1,0,0.0,0,0.16,1.2,35.1,62.9,91.7
2025-05-13,MN03,309.7,281.8,27.9,0,8.3,2,0.66,0.0,39.6,47.8,96.3
2025-05-14,MN03,309.5,294.0,15.6,0,4.7,1,1.69,0.0,30.8,45.8,100.0
2025-05-15,MN03,309.4,299.3,10.0,0,0.0,0,0.07,4.9,34.8,32.8,98.4
2025-05-16,MN03,309.2,287.8,21.3,0,3.9,1,2.27,6.3,24.7,55.1,92.0
2025-05-17,MN03,309.0,310.0,0.0,0,0.0,0,0.05,1.8,32.0,55.1,95.3
2025-05-18,MN03,308.8,262.1,46.8,1,11.4,2,2.26,0.1,33.5,38.4,98.7
2025-05-19,MN03,308.6,314.5,0.0,0,0.0,0,0.25,0.8,39.2,41.9,100.0
2025-05-20,MN03,308.4,307.9,0.5,0,0.0,0,0.46,4.2,33.0,43.1,94.9
2025-05-21,MN03,308.2,253.3,54.9,1,0.0,0,5.82,2.3,34.1,44.5,83.6
2025-05-22,MN03,308.0,289.0,19.0,0,0.0,0,0.72,2.4,33.0,59.2,92.8
2025-05-23,MN03,307.8,278.4,29.5,0,5.3,1,0.55,1.3,32.9,41.6,99.6
2025-05-24,MN03,307.6,306.6,1.0,0,0.0,0,0.79,0.0,36.0,62.5,99.1
2025-05-25,MN03,307.4,318.0,0.0,0,0.0,0,0.47,0.0,31.8,64.6,89.8
2025-05-26,MN03,307.2,277.7,29.5,0,5.3,1,0.92,3.5,41.1,26.5,91.2
2025-05-27,MN03,307.0,292.3,14.7,0,0.0,0,1.66,3.4,25.7,52.5,92.3
2025-05-28,MN03,306.8,278.7,28.1,0,2.4,1,1.27,6.8,32.5,44.0,88.5
2025-05-29,MN03,306.6,297.3,9.3,0,0.0,0,0.42,2.3,38.4,38.7,100.0
2025-05-30,MN03,306.4,287.1,19.2,0,5.4,1,0.87,6.5,35.8,41.5,92.6
2025-05-31,MN03,306.2,295.0,11.2,0,0.0,0,1.42,2.6,33.2,30.2,97.0
2025-06-01,MN03,305.9,287.1,18.9,0,6.3,1,0.11,15.8,25.3,88.8,100.0
2025-06-02,MN03,305.7,297.0,8.7,0,0.0,0,0.61,15.6,27.1,68.2,88.9
2025-06-03,MN03,305.5,272.2,33.3,1,8.1,1,0.15,14.4,19.3,92.9,92.5
2025-06-04,MN03,305.3,261.8,43.5,1,0.0,0,1.21,27.2,29.6,80.2,83.9
2025-06-05,MN03,305.0,307.3,0.0,0,0.0,0,0.07,22.8,27.5,57.3,92.5
2025-06-06,MN03,304.8,308.7,0.0,0,0.0,0,0.59,13.0,28.6,77.8,93.6
2025-06-07,MN03,304.6,245.8,58.7,1,4.5,1,2.12,33.3,24.0,74.7,93.0
2025-06-08,MN03,304.3,300.9,3.4,0,0.0,0,0.78,21.3,34.3,78.6,96.6
2025-06-09,MN03,304.1,244.8,59.3,1,0.0,0,0.25,37.2,24.1,74.0,83.5
2025-06-10,MN03,303.8,277.0,26.9,0,0.0,0,1.14,14.2,19.8,40.7,85.7
2025-06-11,MN03,303.6,269.2,34.4,1,0.0,0,1.08,28.1,19.7,59.5,88.6
2025-06-12,MN03,303.4,286.4,16.9,0,0.0,0,1.28,22.7,24.6,83.5,96.1
2025-06-13,MN03,303.1,268.0,35.1,1,0.0,0,1.56,10.4,26.7,81.3,81.9
2025-06-14,MN03,302.9,278.4,24.5,0,0.0,0,1.98,19.9,29.1,69.4,89.0
2025-06-15,MN03,302.6,266.0,36.6,1,3.7,1,0.5,27.5,28.7,55.2,100.0
2025-06-16,MN03,302.4,264.2,38.2,1,0.0,0,1.06,29.7,28.1,64.5,100.0
2025-06-17,MN03,302.1,306.9,0.0,0,0.0,0,1.1,6.8,26.8,74.2,88.3
2025-06-18,MN03,301.9,287.6,14.3,0,0.0,0,0.29,28.9,31.4,79.1,87.3
2025-06-19,MN03,301.6,286.4,15.3,0,0.0,0,0.63,0.0,23.0,61.2,94.3
2025-06-20,MN03,301.4,299.7,1.7,0,0.0,0,0.21,12.1,28.1,81.7,91.9
2025-06-21,MN03,301.1,301.6,0.0,0,0.0,0,0.11,17.1,23.3,81.7,94.8
2025-06-22,MN03,300.9,279.8,21.1,0,0.0,0,1.66,18.9,24.8,81.9,92.0
2025-06-23,MN03,300.6,276.9,23.7,0,9.1,2,0.28,16.1,26.8,61.1,95.7
2025-06-24,MN03,300.4,244.0,56.4,1,8.0,1,0.86,11.1,29.1,77.6,83.5
2025-06-25,MN03,300.1,298.4,1.7,0,0.0,0,2.09,6.4,29.9,91.3,100.0
2025-06-26,MN03,299.8,282.6,17.2,0,0.0,0,0.26,26.2,27.8,56.3,94.8
2025-06-27,MN03,299.6,278.8,20.8,0,3.1,1,0.74,17.8,25.9,95.2,89.2
2025-06-28,MN03,299.3,232.2,67.1,1,5.5,1,3.54,29.0,29.1,91.8,88.0
2025-06-29,MN03,299.1,253.8,45.3,1,8.6,2,0.46,0.0,24.5,68.8,96.3
2025-06-30,MN03,298.8,259.9,39.0,1,0.0,0,3.93,10.2,30.2,71.0,88.3
2025-07-01,MN03,298.6,278.0,20.5,0,0.0,0,0.08,16.2,18.7,64.9,83.2
2025-07-02,MN03,298.3,278.1,20.2,0,0.0,0,2.18,12.8,23.1,59.0,89.8
2025-07-03,MN03,298.0,254.8,43.3,1,3.8,1,0.18,3.9,23.2,67.7,84.6
2025-07-04,MN03,297.8,268.3,29.5,0,6.0,1,0.01,16.3,22.0,89.6,87.2
2025-07-05,MN03,297.5,293.5,4.0,0,0.0,0,1.16,20.1,24.9,94.7,88.2
2025-07-06,MN03,297.3,268.1,29.2,0,7.0,1,0.61,19.7,29.2,82.5,89.5
2025-07-07,MN03,297.0,261.6,35.4,1,0.0,0,1.74,0.0,32.0,64.7,81.8
2025-07-08,MN03,296.8,277.2,19.6,0,0.0,0,1.0,27.4,22.3,87.3,88.7
2025-07-09,MN03,296.5,268.3,28.2,0,3.1,1,0.7,15.6,22.1,84.7,85.6
2025-07-10,MN03,296.2,275.6,20.6,0,0.0,0,2.06,22.6,15.8,79.5,100.0
2025-07-11,MN03,296.0,284.8,11.2,0,0.0,0,3.08,24.7,27.7,76.5,87.8
2025-07-12,MN03,295.7,289.9,5.9,0,0.0,0,1.78,17.0,24.1,67.7,98.6
2025-07-13,MN03,295.5,267.7,27.7,0,0.0,0,2.51,20.4,31.8,54.1,100.0
2025-07-14,MN03,295.2,297.6,0.0,0,0.0,0,0.57,23.7,25.7,75.6,93.3
2025-07-15,MN03,295.0,264.3,30.7,1,3.8,1,0.35,21.6,18.0,81.3,93.6
2025-07-16,MN03,294.7,250.6,44.2,1,3.8,1,1.43,13.5,23.1,70.5,88.0
2025-07-17,MN03,294.5,245.5,49.0,1,0.0,0,3.49,18.2,33.9,80.0,80.6
2025-07-18,MN03,294.2,285.0,9.3,0,0.0,0,0.77,15.4,27.2,68.2,83.6
2025-07-19,MN03,294.0,256.1,37.9,1,0.0,0,1.95,10.6,26.4,54.1,78.2
2025-07-20,MN03,293.8,283.2,10.5,0,0.0,0,1.57,13.3,29.6,72.9,100.0
2025-07-21,MN03,293.5,198.7,94.8,1,8.9,1,3.96,43.5,27.3,77.2,100.0
2025-07-22,MN03,293.3,262.0,31.3,1,0.0,0,1.61,9.8,30.9,77.4,82.0
2025-07-23,MN03,293.0,278.8,14.2,0,2.9,1,0.14,13.2,26.5,70.3,95.9
2025-07-24,MN03,292.8,281.9,10.9,0,0.0,0,0.33,23.2,27.1,93.5,94.6
2025-07-25,MN03,292.6,271.3,21.2,0,0.0,0,4.08,0.0,24.7,70.3,93.2
2025-07-26,MN03,292.3,278.9,13.5,0,0.0,0,1.49,8.8,33.6,71.0,96.6
2025-07-27,MN03,292.1,249.1,43.0,1,8.1,2,2.15,15.0,23.5,86.0,88.7
2025-07-28,MN03,291.9,199.6,92.2,1,14.3,3,3.76,31.0,28.8,90.1,88.3
2025-07-29,MN03,291.6,246.7,45.0,1,0.0,0,0.23,18.5,27.5,72.8,73.9
2025-07-30,MN03,291.4,276.8,14.6,0,0.0,0,0.81,21.9,28.5,72.7,99.6
2025-07-31,MN03,291.2,284.2,7.0,0,1.6,1,1.16,6.2,27.9,64.3,96.4
2025-08-01,MN03,290.9,260.8,30.2,1,6.8,1,1.05,0.0,20.9,79.8,90.0
2025-08-02,MN03,290.7,254.6,36.1,1,9.2,2,2.03,17.9,23.8,69.2,91.1
2025-08-03,MN03,290.5,221.4,69.1,1,0.0,0,2.65,46.6,21.0,74.6,97.0
2025-08-04,MN03,290.3,280.6,9.7,0,0.0,0,0.09,21.6,28.7,64.8,96.6
2025-08-05,MN03,290.1,280.2,9.8,0,0.0,0,0.83,5.3,23.1,70.2,98.2
2025-08-06,MN03,289.9,252.5,37.4,1,4.3,1,1.26,22.5,27.7,61.1,98.8
2025-08-07,MN03,289.7,236.8,52.9,1,0.0,0,3.05,40.5,23.6,84.5,94.3
2025-08-08,MN03,289.5,272.5,16.9,0,0.0,0,0.97,21.2,22.7,62.0,84.7
2025-08-09,MN03,289.2,275.1,14.1,0,0.0,0,0.44,31.9,22.9,93.7,91.3
2025-08-10,MN03,289.0,251.1,37.9,1,0.0,0,5.08,28.6,34.0,85.0,88.0
2025-08-11,MN03,288.9,271.8,17.1,0,0.0,0,0.12,28.0,27.9,50.1,89.7
2025-08-12,MN03,288.7,285.2,3.5,0,1.8,1,0.9,0.0,22.1,78.4,100.0
2025-08-13,MN03,288.5,289.7,0.0,0,0.0,0,1.89,13.0,26.1,78.3,95.9
2025-08-14,MN03,288.3,267.2,21.1,0,3.1,1,0.34,21.0,26.1,73.4,98.5
2025-08-15,MN03,288.1,282.8,5.3,0,0.0,0,0.31,14.0,25.7,82.3,87.7
2025-08-16,MN03,287.9,251.3,36.6,1,0.0,0,2.07,5.9,34.2,87.9,83.5
2025-08-17,MN03,287.7,264.6,23.2,0,0.0,0,0.73,3.5,24.6,60.8,83.6
2025-08-18,MN03,287.5,240.6,46.9,1,6.8,1,0.28,13.8,32.7,75.4,84.6
2025-08-19,MN03,287.4,253.2,34.2,1,7.6,1,0.66,21.6,31.2,80.8,100.0
2025-08-20,MN03,287.2,281.8,5.4,0,0.0,0,0.13,21.6,34.0,82.4,88.4
2025-08-21,MN03,287.0,219.1,67.9,1,11.7,2,0.85,20.6,31.2,54.1,79.8
2025-08-22,MN03,286.9,253.5,33.4,1,5.3,1,0.14,30.3,26.8,85.0,90.5
2025-08-23,MN03,286.7,224.5,62.2,1,13.5,2,0.09,0.0,31.6,77.0,84.9
2025-08-24,MN03,286.6,217.9,68.7,1,0.0,0,4.03,43.0,26.2,57.2,93.3
2025-08-25,MN03,286.4,256.1,30.3,1,0.0,0,1.92,18.0,27.4,83.6,82.9
2025-08-26,MN03,286.3,255.9,30.4,1,5.1,1,1.21,26.8,26.1,65.3,97.7
2025-08-27,MN03,286.1,234.5,51.6,1,5.5,1,0.7,23.1,21.4,60.4,83.5
2025-08-28,MN03,286.0,253.4,32.6,1,0.0,0,2.49,4.0,27.5,65.9,82.4
2025-08-29,MN03,285.8,237.1,48.8,1,4.9,1,0.84,27.0,26.2,78.9,99.2
2025-08-30,MN03,285.7,283.1,2.6,0,0.0,0,0.32,8.9,28.0,85.5,92.2
2025-08-31,MN03,285.6,260.0,25.5,0,0.0,0,2.39,29.0,30.1,70.1,95.8
2025-09-01,MN03,285.4,299.0,0.0,0,0.0,0,0.14,19.3,25.2,83.9,91.4
2025-09-02,MN03,285.3,273.7,11.6,0,0.0,0,0.05,28.6,25.6,65.1,90.4
2025-09-03,MN03,285.2,285.9,0.0,0,1.6,1,0.27,10.9,27.4,75.8,100.0
2025-09-04,MN03,285.1,274.4,10.7,0,0.0,0,0.34,16.9,28.5,64.2,95.1
2025-09-05,MN03,285.0,273.5,11.5,0,0.0,0,0.42,32.3,29.0,92.8,97.7
2025-09-06,MN03,284.9,244.6,40.3,1,7.5,1,0.75,33.7,21.8,72.9,93.3
2025-09-07,MN03,284.8,253.8,30.9,1,0.0,0,0.13,33.1,26.3,84.9,84.9
2025-09-08,MN03,284.7,229.2,55.4,1,8.0,2,2.12,23.7,30.7,78.7,95.3
2025-09-09,MN03,284.6,282.3,2.2,0,0.0,0,2.43,0.0,25.4,75.6,90.8
2025-09-10,MN03,284.5,260.3,24.2,0,4.2,1,0.7,8.3,25.9,56.6,94.5
2025-09-11,MN03,284.4,276.4,8.0,0,0.0,0,2.38,15.5,24.4,66.7,100.0
2025-09-12,MN03,284.3,256.0,28.3,0,0.0,0,0.25,28.7,29.8,78.2,89.0
2025-09-13,MN03,284.2,254.1,30.1,1,0.0,0,0.21,32.7,28.6,71.3,95.1
2025-09-14,MN03,284.2,274.9,9.3,0,0.0,0,0.31,24.2,25.5,75.9,91.6
2025-09-15,MN03,284.1,258.9,25.2,0,0.0,0,2.02,26.5,29.0,84.4,96.4
2025-09-16,MN03,284.0,268.6,15.5,0,0.0,0,1.31,2.9,24.3,79.7,95.1
2025-09-17,MN03,284.0,274.2,9.7,0,0.0,0,0.2,1.3,29.7,74.9,93.1
2025-09-18,MN03,283.9,262.2,21.7,0,5.9,1,0.09,12.9,32.5,85.0,97.4
2025-09-19,MN03,283.9,241.0,42.8,1,4.4,1,0.71,4.0,32.3,84.8,84.7
2025-09-20,MN03,283.8,279.6,4.2,0,0.0,0,0.29,20.7,21.5,68.9,96.7
2025-09-21,MN03,283.8,265.5,18.3,0,0.0,0,1.31,29.9,22.2,50.2,89.1
2025-09-22,MN03,283.7,272.0,11.7,0,0.0,0,0.48,5.8,22.1,71.1,98.5
2025-09-23,MN03,283.7,252.6,31.1,1,5.7,1,0.91,28.6,26.6,73.3,96.1
2025-09-24,MN03,283.7,280.1,3.6,0,0.0,0,0.12,15.4,28.0,68.2,88.8
2025-09-25,MN03,283.6,275.7,8.0,0,0.0,0,0.93,19.6,27.9,59.7,98.5
2025-09-26,MN03,283.6,257.1,26.5,0,5.6,1,0.8,2.6,33.9,71.4,97.3
2025-09-27,MN03,283.6,246.8,36.8,1,7.8,1,0.03,0.0,25.8,63.1,84.7
2025-09-28,MN03,283.6,289.7,0.0,0,0.0,0,0.3,8.2,31.3,68.9,91.1
2025-09-29,MN03,283.6,291.2,0.0,0,0.0,0,0.08,18.1,24.7,73.2,91.4
2025-09-30,MN03,283.6,236.5,47.1,1,2.9,1,4.89,14.8,25.0,70.5,94.8
2025-10-01,MN03,283.6,253.4,30.2,1,6.4,1,1.05,1.8,26.5,32.1,91.2
2025-10-02,MN03,283.6,278.5,5.1,0,0.0,0,0.74,2.5,27.7,52.0,91.5
2025-10-03,MN03,283.6,278.2,5.4,0,0.0,0,0.05,4.3,28.0,47.0,90.2
2025-10-04,MN03,283.6,292.0,0.0,0,0.0,0,0.32,9.6,28.5,38.4,94.6
2025-10-05,MN03,283.6,275.9,7.7,0,0.0,0,1.4,2.6,26.8,31.0,90.5
2025-10-06,MN03,283.6,254.7,28.9,1,5.3,1,0.9,5.9,31.4,47.3,90.1
2025-10-07,MN03,283.7,224.4,59.2,1,13.1,3,2.26,6.1,29.7,48.9,95.6
2025-10-08,MN03,283.7,255.5,28.2,0,0.0,0,2.71,4.1,29.4,30.3,100.0
2025-10-09,MN03,283.7,285.6,0.0,0,0.0,0,0.32,1.8,24.1,45.3,92.5
2025-10-10,MN03,283.8,280.2,3.6,0,0.0,0,0.71,3.2,21.7,51.7,91.7
2025-10-11,MN03,283.8,267.5,16.3,0,6.6,1,1.56,1.1,22.7,34.8,100.0
2025-10-12,MN03,283.9,267.3,16.6,0,4.1,1,1.18,5.8,24.2,47.5,95.4
2025-10-13,MN03,283.9,282.3,1.6,0,0.0,0,0.29,0.8,34.4,39.6,100.0
2025-10-14,MN03,284.0,258.3,25.7,0,0.0,0,0.35,0.0,28.3,35.9,83.3
2025-10-15,MN03,284.1,226.0,58.1,1,14.6,2,1.72,0.4,24.1,46.8,92.0
2025-10-16,MN03,284.1,234.1,50.0,1,7.4,1,4.12,0.0,28.1,46.6,91.5
2025-10-17,MN03,284.2,270.2,14.0,0,0.0,0,1.29,0.0,20.1,53.8,86.4
2025-10-18,MN03,284.3,286.4,0.0,0,0.0,0,0.55,5.4,31.2,56.4,91.2
2025-10-19,MN03,284.3,240.2,44.1,1,5.2,1,2.38,0.0,27.9,37.4,90.1
2025-10-20,MN03,284.4,289.3,0.0,0,0.0,0,1.07,6.3,20.7,41.2,91.0
2025-10-21,MN03,284.5,250.7,33.8,1,4.0,1,0.75,4.1,22.5,46.4,87.9
2025-10-22,MN03,284.6,261.4,23.2,0,4.9,1,1.4,3.0,26.3,38.6,100.0
2025-10-23,MN03,284.7,275.4,9.3,0,0.0,0,0.47,3.9,32.7,21.5,97.2
2025-10-24,MN03,284.8,259.3,25.5,0,2.5,1,0.85,1.5,24.3,48.2,88.2
2025-10-25,MN03,284.9,282.4,2.6,0,0.0,0,2.1,6.2,33.1,53.0,97.8
2025-10-26,MN03,285.0,262.5,22.6,0,4.5,1,0.72,3.6,22.8,49.6,94.0
2025-10-27,MN03,285.1,297.1,0.0,0,0.0,0,0.48,0.0,24.7,54.0,100.0
2025-10-28,MN03,285.2,223.8,61.4,1,5.1,1,0.05,4.5,29.8,36.9,78.3
2025-10-29,MN03,285.4,264.4,21.0,0,2.0,1,1.14,5.5,23.5,61.0,88.4
2025-10-30,MN03,285.5,268.2,17.3,0,0.0,0,2.61,4.3,33.0,42.1,93.5
2025-10-31,MN03,285.6,266.4,19.2,0,6.3,1,0.2,2.2,32.2,23.4,97.6
2025-11-01,MN03,285.7,263.3,22.4,0,0.0,0,0.52,6.7,27.9,45.4,93.4
2025-11-02,MN03,285.9,284.8,1.1,0,0.0,0,0.52,3.0,26.7,34.7,91.5
2025-11-03,MN03,286.0,235.6,50.4,1,4.3,1,2.85,7.8,26.0,54.5,80.5
2025-11-04,MN03,286.2,287.6,0.0,0,0.0,0,0.55,0.7,23.7,66.6,90.9
2025-11-05,MN03,286.3,276.6,9.7,0,0.0,0,1.82,1.3,29.2,51.2,91.0
2025-11-06,MN03,286.5,271.3,15.2,0,0.0,0,2.06,2.0,25.3,31.6,98.0
2025-11-07,MN03,286.6,262.4,24.2,0,8.4,2,0.01,3.0,29.5,42.3,88.8
2025-11-08,MN03,286.8,267.3,19.5,0,7.5,1,0.53,8.9,33.9,46.6,99.9
2025-11-09,MN03,286.9,287.3,0.0,0,0.0,0,0.8,7.1,33.4,49.9,93.2
2025-11-10,MN03,287.1,274.1,13.0,0,0.0,0,1.67,1.5,21.3,56.1,89.6
2025-11-11,MN03,287.3,256.9,30.4,1,0.0,0,1.96,5.4,31.5,47.0,91.0
2025-11-12,MN03,287.4,286.6,0.9,0,0.0,0,0.63,5.2,22.5,36.8,99.6
2025-11-13,MN03,287.6,279.9,7.8,0,0.0,0,1.18,0.4,26.9,42.8,94.9
2025-11-14,MN03,287.8,282.9,4.9,0,3.2,1,0.18,0.0,24.1,50.3,93.0
2025-11-15,MN03,288.0,281.6,6.4,0,0.0,0,0.31,2.4,31.6,52.3,88.3
2025-11-16,MN03,288.2,291.6,0.0,0,0.0,0,0.06,0.7,28.2,39.6,93.0
2025-11-17,MN03,288.3,269.1,19.3,0,0.0,0,2.53,0.0,37.2,34.7,95.1
2025-11-18,MN03,288.5,225.0,63.5,1,11.6,2,0.17,0.4,27.9,40.1,82.1
2025-11-19,MN03,288.7,263.9,24.8,0,8.1,1,0.65,2.6,24.1,48.7,93.2
2025-11-20,MN03,288.9,296.2,0.0,0,0.0,0,0.74,2.5,34.5,38.5,95.5
2025-11-21,MN03,289.1,278.1,11.1,0,0.0,0,0.3,0.0,25.8,49.3,85.7
2025-11-22,MN03,289.3,267.1,22.2,0,0.0,0,1.62,2.3,33.2,50.4,99.8
2025-11-23,MN03,289.5,284.1,5.5,0,0.0,0,0.76,0.0,34.3,55.1,94.7
2025-11-24,MN03,289.7,274.9,14.8,0,0.0,0,0.24,0.0,34.0,22.9,91.0
2025-11-25,MN03,289.9,287.5,2.5,0,0.0,0,0.59,0.0,27.6,24.6,90.6
2025-11-26,MN03,290.2,274.1,16.1,0,0.0,0,0.44,3.4,25.5,50.6,86.1
2025-11-27,MN03,290.4,252.6,37.8,1,8.6,1,0.23,0.0,20.3,47.3,95.1
2025-11-28,MN03,290.6,270.2,20.4,0,3.6,1,2.26,5.5,24.0,30.7,95.0
2025-11-29,MN03,290.8,248.0,42.8,1,3.6,1,4.71,5.2,27.3,45.0,100.0
2025-11-30,MN03,291.0,284.2,6.8,0,0.0,0,0.39,4.9,28.3,66.3,89.0
2025-12-01,MN03,291.3,278.4,12.8,0,0.0,0,0.55,5.6,29.3,35.2,85.1
2025-12-02,MN03,291.5,290.2,1.3,0,0.0,0,1.67,0.0,29.4,40.8,89.1
2025-12-03,MN03,291.7,255.5,36.2,1,9.6,2,0.24,2.9,19.8,50.7,100.0
2025-12-04,MN03,291.9,272.0,20.0,0,6.9,1,0.99,2.5,28.2,47.7,92.2
2025-12-05,MN03,292.2,297.9,0.0,0,0.0,0,1.53,0.9,29.2,52.6,98.5
2025-12-06,MN03,292.4,293.6,0.0,0,0.0,0,0.4,0.0,28.4,36.6,95.4
2025-12-07,MN03,292.6,288.9,3.8,0,0.0,0,0.58,4.6,31.3,48.7,100.0
2025-12-08,MN03,292.9,291.3,1.6,0,0.0,0,1.29,1.0,27.1,38.3,99.7
2025-12-09,MN03,293.1,281.4,11.7,0,0.0,0,0.29,0.0,25.5,33.8,89.7
2025-12-10,MN03,293.4,265.9,27.4,0,7.8,1,2.71,7.6,25.2,32.7,90.3
2025-12-11,MN03,293.6,289.1,4.5,0,2.4,1,0.11,6.9,25.1,27.0,90.5
2025-12-12,MN03,293.8,260.6,33.3,1,7.2,1,0.15,0.0,28.4,35.7,89.4
2025-12-13,MN03,294.1,292.1,2.0,0,0.0,0,2.05,2.1,28.2,55.8,91.9
2025-12-14,MN03,294.3,267.3,27.1,0,2.0,1,3.78,2.1,17.3,48.4,92.1
2025-12-15,MN03,294.6,291.7,2.9,0,0.0,0,0.39,0.5,32.8,46.2,94.5
2025-12-16,MN03,294.8,270.9,24.0,0,0.0,0,0.83,1.0,22.8,36.6,85.7
2025-12-17,MN03,295.1,266.2,28.9,0,6.4,1,0.33,2.3,29.8,47.9,95.6
2025-12-18,MN03,295.3,288.4,7.0,0,0.0,0,0.29,0.8,35.1,31.5,88.3
2025-12-19,MN03,295.6,285.9,9.7,0,0.0,0,0.38,3.4,23.3,55.3,100.0
2025-12-20,MN03,295.8,280.5,15.3,0,0.0,0,0.09,2.3,25.0,48.3,91.7
2025-12-21,MN03,296.1,300.0,0.0,0,0.0,0,0.13,0.3,25.5,50.4,89.5
2025-12-22,MN03,296.3,293.9,2.4,0,0.0,0,0.11,0.0,23.5,56.1,86.8
2025-12-23,MN03,296.6,301.3,0.0,0,0.0,0,0.85,0.0,24.6,31.5,97.5
2025-12-24,MN03,296.9,274.2,22.6,0,0.0,0,1.4,4.6,33.7,28.0,81.5
2025-12-25,MN03,297.1,261.0,36.1,1,6.4,1,0.37,3.3,21.9,39.2,100.0
2025-12-26,MN03,297.4,272.1,25.3,0,5.5,1,0.98,0.0,37.7,54.1,100.0
2025-12-27,MN03,297.6,267.7,29.9,1,5.4,1,1.94,2.2,33.4,34.5,87.6
2025-12-28,MN03,297.9,261.7,36.2,1,4.5,1,0.2,2.2,30.2,24.8,96.6
2025-12-29,MN03,298.1,250.0,48.1,1,0.0,0,3.41,0.0,24.7,45.0,87.4
2025-12-30,MN03,298.4,320.3,0.0,0,0.0,0,0.02,0.0,30.2,35.6,99.9
2025-12-31,MN03,298.7,271.5,27.1,0,7.7,1,0.4,6.4,27.7,47.6,100.0
2026-01-01,MN03,298.8,308.6,0.0,0,0.0,0,0.27,2.3,33.2,35.1,93.6
2026-01-02,MN03,299.0,285.8,13.2,0,0.0,0,2.14,0.0,31.2,41.4,97.1
2026-01-03,MN03,299.3,290.6,8.7,0,0.0,0,0.63,5.7,26.5,65.6,100.0
2026-01-04,MN03,299.5,276.3,23.2,0,0.9,1,1.31,0.0,22.6,62.2,90.8
2026-01-05,MN03,299.8,285.7,14.1,0,0.0,0,2.96,6.1,27.0,25.7,87.8
2026-01-06,MN03,300.0,284.8,15.2,0,5.1,1,0.53,3.0,27.8,42.2,87.2
2026-01-07,MN03,300.3,248.4,51.9,1,7.8,1,1.03,4.0,18.0,40.2,89.1
2026-01-08,MN03,300.6,248.8,51.8,1,12.1,2,0.95,9.1,28.9,44.8,95.7
2026-01-09,MN03,300.8,298.7,2.1,0,0.0,0,0.15,0.0,30.6,44.3,98.9
2026-01-10,MN03,301.1,296.4,4.6,0,0.0,0,0.79,0.0,20.3,52.9,86.9
2026-01-11,MN03,301.3,250.1,51.2,1,4.1,1,4.99,2.9,27.1,25.8,96.7
2026-01-12,MN03,301.6,301.2,0.4,0,0.0,0,0.88,0.3,29.9,40.9,90.0
2026-01-13,MN03,301.8,282.4,19.4,0,0.0,0,1.11,0.0,28.1,59.5,97.0
2026-01-14,MN03,302.1,299.2,2.9,0,0.0,0,0.06,6.4,20.9,47.5,97.7
2026-01-15,MN03,302.3,295.6,6.8,0,0.0,0,0.04,2.1,18.3,40.7,99.0
2026-01-16,MN03,302.6,320.4,0.0,0,0.0,0,0.63,4.2,24.1,37.4,91.2
2026-01-17,MN03,302.8,264.8,38.0,1,4.0,1,3.16,0.0,24.3,57.6,86.4
2026-01-18,MN03,303.1,309.1,0.0,0,0.0,0,0.01,3.6,23.6,45.4,87.0
2026-01-19,MN03,303.3,290.7,12.6,0,0.0,0,0.75,0.0,27.4,39.3,87.1
2026-01-20,MN03,303.5,269.8,33.8,1,6.5,1,1.11,0.2,27.2,48.6,100.0
2026-01-21,MN03,303.8,301.1,2.7,0,2.4,1,0.43,0.9,32.8,41.0,91.7
2026-01-22,MN03,304.0,268.5,35.5,1,8.9,1,0.31,2.9,24.5,54.7,88.9
2026-01-23,MN03,304.3,294.5,9.8,0,0.0,0,2.2,6.0,27.0,46.1,91.6
2026-01-24,MN03,304.5,299.4,5.2,0,0.0,0,0.99,2.8,25.5,20.0,96.7
2026-01-25,MN03,304.7,309.5,0.0,0,0.8,1,1.04,0.9,25.6,29.5,96.0
2026-01-26,MN03,305.0,293.3,11.7,0,0.0,0,2.15,5.7,28.7,46.5,97.5
2026-01-27,MN03,305.2,292.9,12.3,0,0.0,0,1.83,0.0,34.7,37.2,89.9
2026-01-28,MN03,305.4,274.8,30.6,1,0.0,0,2.87,1.4,27.5,25.3,87.5
2026-01-29,MN03,305.7,288.4,17.3,0,3.8,1,1.18,5.3,25.8,39.1,93.4
2026-01-30,MN03,305.9,281.5,24.4,0,6.9,1,1.25,2.6,25.3,49.5,92.3
2026-01-31,MN03,306.1,302.6,3.5,0,0.0,0,0.31,1.0,25.8,53.5,98.7
2026-02-01,MN03,306.3,312.7,0.0,0,0.0,0,0.15,3.6,28.1,52.3,89.0
2026-02-02,MN03,306.5,281.9,24.6,0,3.7,1,0.07,0.0,30.2,22.1,84.5
2026-02-03,MN03,306.8,278.0,28.8,0,0.0,0,1.07,8.0,31.8,65.8,85.6
2026-02-04,MN03,307.0,293.3,13.6,0,0.0,0,1.28,0.0,26.6,32.2,92.8
2026-02-05,MN03,307.2,280.9,26.3,0,0.0,0,0.92,4.0,24.0,44.6,85.7
2026-02-06,MN03,307.4,269.4,38.0,1,7.2,1,2.47,1.1,25.7,38.3,97.3
2026-02-07,MN03,307.6,303.0,4.6,0,0.0,0,0.28,0.6,28.7,39.8,94.5
2026-02-08,MN03,307.8,308.0,0.0,0,1.8,1,0.91,3.9,31.0,46.9,93.4
2026-02-09,MN03,308.0,313.5,0.0,0,0.0,0,0.29,3.1,27.6,53.0,100.0
2026-02-10,MN03,308.2,291.3,16.9,0,0.0,0,4.24,3.8,15.3,57.4,93.8
2026-02-11,MN03,308.4,286.4,22.0,0,0.0,0,0.03,5.1,23.9,49.0,81.9
2026-02-12,MN03,308.6,301.5,7.0,0,0.0,0,1.28,7.1,28.6,44.0,95.4
2026-02-13,MN03,308.8,325.9,0.0,0,0.0,0,0.22,5.6,23.6,50.1,92.8
2026-02-14,MN03,309.0,262.9,46.0,1,7.7,1,1.81,1.0,25.8,44.7,89.2
2026-02-15,MN03,309.1,274.0,35.1,1,4.1,1,3.78,0.0,19.3,55.1,92.7
2026-02-16,MN03,309.3,288.9,20.4,0,0.0,0,3.0,0.0,27.4,31.9,87.9
2026-02-17,MN03,309.5,292.0,17.5,0,3.9,1,0.96,6.6,19.3,48.9,92.5
2026-02-18,MN03,309.7,289.5,20.2,0,3.1,1,0.19,1.0,24.1,49.4,91.5
2026-02-19,MN03,309.8,294.2,15.7,0,4.2,1,0.54,3.4,32.3,25.6,87.5
2026-02-20,MN03,310.0,278.3,31.7,1,1.3,1,0.4,3.0,29.8,42.1,84.5
2026-02-21,MN03,310.2,306.7,3.5,0,0.0,0,0.03,1.3,25.6,54.6,100.0
2026-02-22,MN03,310.3,323.4,0.0,0,0.0,0,0.1,0.0,24.9,29.8,91.0
2026-02-23,MN03,310.5,309.1,1.3,0,0.0,0,0.06,2.9,29.1,59.6,89.8
2026-02-24,MN03,310.6,284.7,26.0,0,0.0,0,4.32,3.3,26.2,41.7,92.9
2026-02-25,MN03,310.8,283.7,27.0,0,5.6,1,0.99,0.6,32.3,53.8,98.2
2026-02-26,MN03,310.9,310.0,1.0,0,0.0,0,1.06,0.0,28.5,38.8,91.6
2026-02-27,MN03,311.1,285.6,25.5,0,0.0,0,2.47,3.5,28.6,53.5,87.0
2026-02-28,MN03,311.2,270.4,40.8,1,6.2,1,1.48,0.0,29.6,43.0,92.8
2026-03-01,MN03,311.3,320.8,0.0,0,0.0,0,0.42,1.0,38.0,38.6,97.0
2026-03-02,MN03,311.5,312.8,0.0,0,0.0,0,0.03,0.0,30.1,38.5,96.6
2026-03-03,MN03,311.6,303.4,8.1,0,0.0,0,0.27,0.0,26.8,45.3,93.9
2026-03-04,MN03,311.7,263.8,47.9,1,5.5,1,1.14,1.6,31.4,48.3,85.9
2026-03-05,MN03,311.8,238.2,73.7,1,14.0,2,1.75,1.5,21.9,73.7,100.0
2026-03-06,MN03,311.9,307.0,4.9,0,0.0,0,0.52,2.5,32.5,48.9,90.8
2026-03-07,MN03,312.1,309.4,2.7,0,0.0,0,0.01,2.0,31.2,64.7,100.0
2026-03-08,MN03,312.2,273.6,38.6,1,3.6,1,3.0,1.2,21.2,59.1,85.6
2026-03-09,MN03,312.3,306.2,6.0,0,0.7,1,0.2,5.5,23.3,36.0,100.0
2026-03-10,MN03,312.4,300.6,11.7,0,0.0,0,1.15,0.0,26.9,28.9,92.2
2026-03-11,MN03,312.4,304.8,7.7,0,0.0,0,0.99,0.3,24.6,46.9,90.5
2026-03-12,MN03,312.5,294.2,18.4,0,0.0,0,0.18,4.0,21.0,41.9,93.8
2026-03-13,MN03,312.6,294.2,18.4,0,6.1,1,1.27,0.8,27.9,56.1,89.7
2026-03-14,MN03,312.7,301.1,11.6,0,0.0,0,0.17,2.4,23.9,49.0,99.2
2026-03-15,MN03,312.8,286.1,26.7,0,0.0,0,1.14,5.2,24.6,46.0,85.3
2026-03-16,MN03,312.9,292.8,20.0,0,0.0,0,0.62,0.0,21.7,56.2,88.0
2026-03-17,MN03,312.9,300.1,12.8,0,0.0,0,2.97,5.9,26.6,53.5,97.7
2026-03-18,MN03,313.0,236.1,76.9,1,13.7,2,0.13,5.3,22.7,46.5,83.5
2026-03-19,MN03,313.0,290.5,22.6,0,0.0,0,0.13,1.9,28.2,48.7,86.4
2026-03-20,MN03,313.1,283.0,30.1,0,0.0,0,0.66,0.3,24.8,41.2,82.2
2026-03-21,MN03,313.2,303.4,9.8,0,4.7,1,1.68,0.0,20.2,39.9,95.2
2026-03-22,MN03,313.2,311.6,1.6,0,0.0,0,1.8,2.9,30.7,48.0,97.7
2026-03-23,MN03,313.2,270.3,42.9,1,4.0,1,4.01,4.5,15.7,37.7,100.0
2026-03-24,MN03,313.3,296.0,17.3,0,0.0,0,1.8,0.6,27.2,52.9,100.0
2026-03-25,MN03,313.3,312.6,0.7,0,0.0,0,0.22,1.8,24.9,46.1,92.5
2026-03-26,MN03,313.3,271.0,42.4,1,4.0,1,3.46,0.9,21.4,63.6,94.6
2026-03-27,MN03,313.4,309.3,4.1,0,0.0,0,0.26,5.5,27.1,30.6,95.8
2026-03-28,MN03,313.4,295.5,17.9,0,0.0,0,0.68,0.0,32.8,40.4,86.4
2026-03-29,MN03,313.4,310.4,3.0,0,0.0,0,0.32,0.2,27.4,55.1,86.8
2026-03-30,MN03,313.4,321.7,0.0,0,0.0,0,0.63,2.9,21.9,38.5,100.0
2026-03-31,MN03,313.4,308.1,5.4,0,0.0,0,1.17,3.4,29.8,41.5,91.0
2026-04-01,MN03,313.4,293.9,19.5,0,0.0,0,0.74,7.2,33.5,47.2,88.2
2026-04-02,MN03,313.4,291.0,22.4,0,5.7,1,0.2,8.6,36.8,45.6,100.0
2026-04-03,MN03,313.4,279.4,34.0,1,9.2,2,0.75,2.5,30.0,54.8,100.0
2026-04-04,MN03,313.4,326.7,0.0,0,0.0,0,0.17,6.8,32.5,45.4,99.6
2026-04-05,MN03,313.4,280.0,33.4,1,4.5,1,1.16,1.9,32.9,33.4,91.4
2026-04-06,MN03,313.4,273.9,39.5,1,5.1,1,0.48,0.0,29.3,32.8,93.2
2026-04-07,MN03,313.4,317.0,0.0,0,0.0,0,0.49,0.0,32.1,59.6,92.1
2026-04-08,MN03,313.3,287.3,26.0,0,0.0,0,2.24,7.4,35.2,44.8,89.1
2026-04-09,MN03,313.3,305.7,7.6,0,0.0,0,1.16,3.4,31.1,47.7,92.7
2026-04-10,MN03,313.3,295.0,18.3,0,2.3,1,1.05,0.0,37.6,34.8,90.8
2026-04-11,MN03,313.2,303.0,10.2,0,0.0,0,1.35,4.2,33.0,44.4,95.7
2026-04-12,MN03,313.2,260.6,52.6,1,8.1,1,1.1,1.4,31.3,36.6,93.0
2026-04-13,MN03,313.1,301.1,12.0,0,0.0,0,0.53,6.0,39.0,46.2,90.4
2026-04-14,MN03,313.1,291.0,22.1,0,6.0,1,0.87,0.0,37.5,59.5,92.6
2026-04-15,MN03,313.0,315.2,0.0,0,0.0,0,2.42,3.7,27.1,45.8,94.6
2026-04-16,MN03,312.9,312.3,0.6,0,0.0,0,0.63,6.5,31.1,43.6,88.8
2026-04-17,MN03,312.9,232.1,80.8,1,6.1,1,1.41,0.2,36.8,54.4,78.7
2026-04-18,MN03,312.8,287.4,25.4,0,0.0,0,0.9,1.8,35.0,41.1,81.8
2026-04-19,MN03,312.7,274.3,38.4,1,0.0,0,0.83,0.0,30.8,53.4,80.2
2026-04-20,MN03,312.6,316.3,0.0,0,0.0,0,0.01,0.8,34.3,47.3,100.0
2026-04-21,MN03,312.6,294.6,18.0,0,0.0,0,2.32,3.0,30.6,64.9,86.5
2026-04-22,MN03,312.5,292.5,20.0,0,0.0,0,1.58,2.0,40.7,40.7,91.7
2026-04-23,MN03,312.4,296.4,16.0,0,0.0,0,0.14,0.3,41.7,65.4,95.5
2026-04-24,MN03,312.3,201.8,110.5,1,23.6,3,3.61,0.8,26.6,50.1,96.5
2026-04-25,MN03,312.2,253.4,58.8,1,10.5,2,1.34,0.0,33.0,60.8,83.3
2026-04-26,MN03,312.1,284.1,28.0,0,4.7,1,0.93,0.0,35.1,48.0,87.2
2026-04-27,MN03,312.0,314.3,0.0,0,0.0,0,0.59,3.1,42.0,49.3,91.7
2026-04-28,MN03,311.9,302.9,9.0,0,0.0,0,3.14,2.9,34.0,58.5,98.9
2026-04-29,MN03,311.7,282.1,29.7,0,5.1,1,2.11,2.3,39.0,35.2,96.9
2026-04-30,MN03,311.6,315.9,0.0,0,0.0,0,0.36,0.0,31.8,55.3,99.1
2026-05-01,MN03,311.5,292.5,19.0,0,0.0,0,2.44,0.0,31.1,34.0,90.2
2026-05-02,MN03,311.4,320.0,0.0,0,0.0,0,0.78,0.0,32.3,51.1,95.7
2026-05-03,MN03,311.2,306.7,4.5,0,0.0,0,0.38,4.1,26.9,55.2,98.3
2026-05-04,MN03,311.1,294.8,16.2,0,0.0,0,1.32,0.5,33.9,41.9,87.6
2026-05-05,MN03,311.0,295.6,15.4,0,0.0,0,1.75,7.6,31.8,51.1,89.1
2026-05-06,MN03,310.8,304.8,6.1,0,0.0,0,1.3,1.4,35.2,39.5,100.0
2026-05-07,MN03,310.7,297.9,12.7,0,0.0,0,0.85,1.1,32.9,64.6,93.4
2026-05-08,MN03,310.5,278.1,32.4,1,11.6,2,1.09,3.7,36.5,33.9,95.8
2026-05-09,MN03,310.4,271.8,38.5,1,4.5,1,2.38,0.2,32.2,45.2,97.4
2026-05-10,MN03,310.2,268.5,41.7,1,11.1,2,0.26,0.0,33.7,48.6,99.3
2026-05-11,MN03,310.0,291.4,18.6,0,0.0,0,2.82,8.2,36.9,65.6,89.1
2026-05-12,MN03,309.9,313.9,0.0,0,0.0,0,2.03,3.7,37.1,50.6,93.6
2026-05-13,MN03,309.7,325.2,0.0,0,0.0,0,0.52,3.9,31.3,46.2,97.6
2026-05-14,MN03,309.5,304.2,5.3,0,0.0,0,0.34,0.0,33.2,41.5,97.3
2026-05-15,MN03,309.4,318.6,0.0,0,0.0,0,0.31,1.5,35.0,37.2,99.4
2026-05-16,MN03,309.2,245.5,63.6,1,8.7,1,2.45,0.0,40.1,40.1,100.0
2026-05-17,MN03,309.0,298.8,10.2,0,0.0,0,0.95,0.0,31.5,61.2,98.0
2026-05-18,MN03,308.8,285.8,23.0,0,3.6,1,0.94,3.1,44.2,73.3,92.0
2026-05-19,MN03,308.6,290.4,18.2,0,0.0,0,0.44,0.0,36.7,46.4,85.4
2026-05-20,MN03,308.4,255.1,53.3,1,8.4,1,1.24,4.6,33.2,38.3,92.3
2026-05-21,MN03,308.2,308.9,0.0,0,0.0,0,1.38,0.0,36.3,42.6,90.7
2026-05-22,MN03,308.0,269.0,39.0,1,5.5,1,4.14,0.0,35.0,29.6,93.2
2026-05-23,MN03,307.8,303.8,4.0,0,0.0,0,0.09,4.2,29.5,59.5,87.6
2026-05-24,MN03,307.6,279.6,28.0,0,0.0,0,1.02,1.8,44.7,57.2,91.1
2026-05-25,MN03,307.4,272.4,35.0,1,3.8,1,0.61,5.9,30.4,30.5,85.2
2026-05-26,MN03,307.2,290.8,16.5,0,0.0,0,2.51,5.9,30.6,36.3,92.0
2026-05-27,MN03,307.0,288.8,18.3,0,0.0,0,2.39,0.0,36.0,28.3,85.9
2026-05-28,MN03,306.8,277.7,29.1,0,0.0,0,4.0,1.8,36.2,36.7,90.2
2026-05-29,MN03,306.6,300.8,5.8,0,2.0,1,0.24,1.4,37.4,40.6,90.6
2026-05-30,MN03,306.4,287.5,18.9,0,4.5,1,0.08,0.0,33.3,37.2,96.5
2026-05-31,MN03,306.2,292.1,14.0,0,0.0,0,2.1,2.0,32.2,55.8,83.4
2026-06-01,MN03,305.9,222.7,83.2,1,11.8,2,2.25,22.4,28.9,81.3,84.0
2026-06-02,MN03,305.7,268.5,37.2,1,0.0,0,1.09,30.0,26.0,91.5,95.2
2026-06-03,MN03,305.5,256.3,49.2,1,4.8,1,1.35,28.1,25.9,66.5,86.6
2026-06-04,MN03,305.3,302.1,3.1,0,0.0,0,0.57,14.1,34.4,69.6,98.7
2026-06-05,MN03,305.0,287.9,17.2,0,0.0,0,0.34,21.9,27.3,94.9,90.0
2026-06-06,MN03,304.8,266.7,38.1,1,4.3,1,0.54,29.7,23.0,66.2,97.7
2026-06-07,MN03,304.6,261.4,43.1,1,4.6,1,0.82,0.2,27.6,68.6,88.3
2026-06-08,MN03,304.3,282.2,22.2,0,6.6,2,0.04,19.0,30.5,89.1,100.0
2026-06-09,MN03,304.1,253.2,50.9,1,7.4,1,2.07,16.7,23.6,95.3,86.7
2026-06-10,MN03,303.8,277.8,26.0,0,0.0,0,0.07,13.3,31.0,73.0,81.9
2026-06-11,MN03,303.6,286.3,17.2,0,6.0,1,0.18,16.4,17.5,79.0,100.0
2026-06-12,MN03,303.4,284.7,18.6,0,0.0,0,0.1,28.2,37.0,77.4,87.8
2026-06-13,MN03,303.1,262.2,40.9,1,0.0,0,0.31,24.2,28.8,75.2,81.4
2026-06-14,MN03,302.9,295.0,7.9,0,0.0,0,2.24,12.5,25.3,57.7,100.0
2026-06-15,MN03,302.6,289.3,13.3,0,5.2,1,0.57,19.2,25.3,71.1,100.0
2026-06-16,MN03,302.4,294.4,7.9,0,0.0,0,2.4,12.9,29.7,60.1,91.2
2026-06-17,MN03,302.1,299.0,3.1,0,0.0,0,0.41,20.3,28.6,84.6,100.0
2026-06-18,MN03,301.9,272.0,29.9,0,5.3,1,0.74,7.9,31.3,46.5,100.0
2026-06-19,MN03,301.6,263.4,38.3,1,7.6,1,1.52,10.9,30.2,69.4,100.0
2026-06-20,MN03,301.4,286.7,14.6,0,0.0,0,3.55,4.2,32.8,79.3,98.2
2026-06-21,MN03,301.1,292.2,8.9,0,0.0,0,0.23,16.4,26.7,74.6,91.2
2026-06-22,MN03,300.9,296.4,4.5,0,0.0,0,1.69,18.3,32.6,62.8,91.8
2026-06-23,MN03,300.6,299.3,1.3,0,0.0,0,0.42,6.0,36.2,81.6,89.5
2026-06-24,MN03,300.4,289.4,10.9,0,0.0,0,1.68,4.0,23.6,73.5,100.0
2026-06-25,MN03,300.1,302.0,0.0,0,0.0,0,0.31,23.9,29.0,74.4,92.5
2026-06-26,MN03,299.8,248.9,50.9,1,12.6,2,0.78,0.7,29.1,89.8,88.7
2026-06-27,MN03,299.6,285.0,14.6,0,0.0,0,0.18,31.0,27.8,80.6,99.7
2026-06-28,MN03,299.3,282.2,17.1,0,0.0,0,0.63,31.2,27.8,74.4,97.7
2026-06-29,MN03,299.1,287.1,12.0,0,0.0,0,1.82,23.8,24.2,87.3,96.0
2026-06-30,MN03,298.8,228.9,69.9,1,7.2,1,0.88,19.3,20.3,98.0,77.1
2026-07-01,MN03,298.6,296.1,2.5,0,0.0,0,1.21,3.0,31.8,81.6,100.0
2026-07-02,MN03,298.3,263.0,35.3,1,3.7,1,1.67,22.1,26.2,68.8,94.1
2026-07-03,MN03,298.0,268.8,29.3,0,2.8,1,2.03,23.8,20.7,87.1,92.4
2026-07-04,MN03,297.8,298.5,0.0,0,0.0,0,0.41,13.0,23.3,70.7,96.0
2026-07-05,MN03,297.5,211.3,86.3,1,11.1,2,6.97,23.7,27.3,72.3,90.8
2026-07-06,MN03,297.3,253.7,43.6,1,3.5,1,3.25,12.6,20.5,66.3,87.3
2026-07-07,MN03,297.0,301.5,0.0,0,0.0,0,0.75,8.9,29.4,79.2,89.4
2026-07-08,MN03,296.8,277.3,19.4,0,0.0,0,0.18,19.0,32.9,81.0,96.8
2026-07-09,MN03,296.5,275.5,21.0,0,0.0,0,0.08,27.9,32.9,89.5,88.8
2026-07-10,MN03,296.2,269.1,27.1,0,0.0,0,1.59,20.4,23.7,60.8,85.5
2026-07-11,MN03,296.0,292.9,3.1,0,0.0,0,0.33,19.0,28.0,81.1,92.2
2026-07-12,MN03,295.7,236.3,59.5,1,13.2,2,0.15,24.8,23.7,72.4,93.0
2026-07-13,MN03,295.5,287.1,8.4,0,0.0,0,0.49,21.3,32.6,82.2,100.0
2026-07-14,MN03,295.2,276.9,18.4,0,8.3,1,0.38,0.0,32.9,61.4,95.9
2026-07-15,MN03,295.0,294.3,0.6,0,0.0,0,0.34,13.5,30.0,84.7,88.8
2026-07-16,MN03,294.7,276.1,18.6,0,7.8,1,0.05,9.1,24.6,80.4,98.4
2026-07-17,MN03,294.5,288.9,5.6,0,0.0,0,0.13,8.8,29.9,81.9,100.0
2026-07-18,MN03,294.2,272.3,21.9,0,0.0,0,2.48,18.9,30.3,96.2,91.5
2026-07-19,MN03,294.0,241.4,52.6,1,0.0,0,3.43,20.8,35.7,49.5,81.3
2026-07-20,MN03,293.8,244.4,49.4,1,6.7,1,2.14,31.5,25.6,62.3,99.9
2026-07-21,MN03,293.5,274.9,18.6,0,0.0,0,0.85,18.2,32.7,69.6,97.9
2026-07-22,MN03,293.3,258.7,34.5,1,9.3,2,0.31,19.3,32.2,78.6,90.8
2026-07-23,MN03,293.0,287.2,5.8,0,2.9,1,0.33,8.0,31.4,83.9,95.7
2026-07-24,MN03,292.8,232.4,60.4,1,0.0,0,0.95,33.7,29.3,69.7,80.5
2026-07-25,MN03,292.6,274.2,18.3,0,0.0,0,2.42,23.0,34.2,64.5,91.0
2026-07-26,MN03,292.3,285.9,6.4,0,5.8,1,0.18,17.8,34.1,81.2,100.0
2026-07-27,MN03,292.1,235.4,56.7,1,0.0,0,3.74,40.2,27.1,78.9,92.9
2026-07-28,MN03,291.9,262.2,29.7,1,13.2,2,0.2,19.1,24.0,70.4,100.0
2026-07-29,MN03,291.6,278.4,13.2,0,0.0,0,1.19,22.3,23.2,76.9,95.3
2026-07-30,MN03,291.4,280.5,10.9,0,0.0,0,0.82,27.0,28.7,54.9,100.0
2026-07-31,MN03,291.2,285.8,5.3,0,0.0,0,0.17,17.6,23.4,71.6,89.0
2026-08-01,MN03,290.9,283.4,7.5,0,0.0,0,0.56,10.7,30.8,76.6,96.1
2026-08-02,MN03,290.7,288.7,2.0,0,0.0,0,0.07,15.2,28.7,98.0,91.6
2026-08-03,MN03,290.5,221.2,69.3,1,13.7,2,2.41,29.1,27.1,67.8,93.6
2026-08-04,MN03,290.3,279.9,10.3,0,0.0,0,0.38,24.2,22.0,93.4,87.2
2026-08-05,MN03,290.1,294.4,0.0,0,0.0,0,0.89,6.1,29.7,79.9,92.1
2026-08-06,MN03,289.9,255.0,34.9,1,6.9,1,0.51,25.5,23.9,41.6,94.2
2026-08-07,MN03,289.7,289.5,0.2,0,0.0,0,0.76,19.2,33.6,74.2,95.3
2026-08-08,MN03,289.5,231.4,58.1,1,3.9,1,0.04,19.9,23.5,66.4,74.4
2026-08-09,MN03,289.2,283.4,5.8,0,0.0,0,0.25,15.6,19.8,68.2,96.3
2026-08-10,MN03,289.0,250.7,38.4,1,0.0,0,1.72,6.4,28.3,90.6,79.4
2026-08-11,MN03,288.9,250.4,38.5,1,0.0,0,1.54,19.2,30.3,69.7,83.9
2026-08-12,MN03,288.7,262.9,25.7,0,0.0,0,1.04,20.8,19.2,71.6,83.5
2026-08-13,MN03,288.5,228.3,60.2,1,0.0,0,1.86,19.8,30.4,73.9,80.8
2026-08-14,MN03,288.3,293.3,0.0,0,0.0,0,0.05,20.6,22.9,77.0,92.6
2026-08-15,MN03,288.1,216.8,71.3,1,8.3,1,1.94,26.5,29.0,88.8,85.4
2026-08-16,MN03,287.9,266.7,21.2,0,0.0,0,0.08,33.4,32.4,71.1,95.2
2026-08-17,MN03,287.7,224.0,63.7,1,0.0,0,3.48,41.1,25.9,76.4,93.2
2026-08-18,MN03,287.5,266.1,21.4,0,0.0,0,1.77,20.6,24.1,74.4,86.9
2026-08-19,MN03,287.4,257.1,30.3,1,5.0,1,0.11,21.8,24.5,63.8,93.9
2026-08-20,MN03,287.2,268.2,19.0,0,0.0,0,0.45,26.4,25.5,70.6,99.2
2026-08-21,MN03,287.0,286.9,0.1,0,0.0,0,0.41,15.5,25.3,61.2,96.8
2026-08-22,MN03,286.9,233.5,53.4,1,6.4,1,1.79,28.4,25.4,76.4,100.0
2026-08-23,MN03,286.7,253.1,33.6,1,4.0,1,1.22,24.1,28.2,90.1,85.6
2024-08-24,MN04,496.2,442.9,53.3,1,0.0,0,0.47,33.8,24.1,73.1,88.8
2024-08-25,MN04,496.0,460.4,35.5,0,0.0,0,1.12,27.7,30.9,70.7,88.4
2024-08-26,MN04,495.7,506.8,0.0,0,0.0,0,0.1,17.6,30.6,88.7,97.5
2024-08-27,MN04,495.5,460.4,35.1,0,0.0,0,1.35,27.7,26.1,84.9,100.0
2024-08-28,MN04,495.2,455.6,39.6,0,7.5,1,1.36,18.7,28.6,68.1,94.0
2024-08-29,MN04,495.0,483.4,11.6,0,0.0,0,3.19,17.4,30.5,73.4,91.2
2024-08-30,MN04,494.8,434.7,60.1,1,0.0,0,0.25,34.1,25.8,75.9,87.6
2024-08-31,MN04,494.5,448.3,46.2,0,0.0,0,0.15,21.7,22.2,73.1,84.8
2024-09-01,MN04,494.3,435.7,58.6,1,3.8,1,2.92,7.0,30.2,70.2,86.0
2024-09-02,MN04,494.1,453.0,41.1,0,0.0,0,0.39,12.9,27.4,60.1,85.7
2024-09-03,MN04,493.9,435.7,58.3,1,9.9,2,0.17,18.0,37.4,75.0,100.0
2024-09-04,MN04,493.7,437.8,56.0,1,0.0,0,0.6,9.3,27.1,73.3,79.5
2024-09-05,MN04,493.6,487.3,6.2,0,0.0,0,0.45,19.1,29.2,84.3,92.8
2024-09-06,MN04,493.4,451.2,42.2,0,0.0,0,1.79,6.5,29.0,79.5,86.4
2024-09-07,MN04,493.2,498.6,0.0,0,0.0,0,1.58,21.6,28.3,79.4,95.0
2024-09-08,MN04,493.0,482.7,10.4,0,0.0,0,0.43,6.4,20.0,68.6,95.5
2024-09-09,MN04,492.9,414.6,78.3,1,4.8,1,2.8,26.9,25.6,75.2,97.8
2024-09-10,MN04,492.7,479.5,13.2,0,0.0,0,0.26,20.3,28.5,69.2,90.5
2024-09-11,MN04,492.6,434.2,58.4,1,2.9,1,3.84,25.7,30.0,83.2,93.4
2024-09-12,MN04,492.5,465.9,26.5,0,0.0,0,0.91,24.2,31.1,63.7,91.8
2024-09-13,MN04,492.3,483.2,9.2,0,0.0,0,1.12,4.9,27.4,88.1,89.6
2024-09-14,MN04,492.2,427.1,65.1,1,0.0,0,2.26,22.2,26.1,58.2,84.1
2024-09-15,MN04,492.1,435.0,57.1,1,0.0,0,1.07,30.0,33.1,39.8,100.0
2024-09-16,MN04,492.0,466.5,25.5,0,0.0,0,0.92,15.8,25.4,78.8,92.7
2024-09-17,MN04,491.9,448.7,43.1,0,0.0,0,1.55,16.7,28.9,76.7,93.4
2024-09-18,MN04,491.8,434.6,57.2,1,0.0,0,1.92,19.9,29.6,75.4,80.2
2024-09-19,MN04,491.7,460.1,31.6,0,0.0,0,1.39,9.0,27.1,87.3,100.0
2024-09-20,MN04,491.6,426.1,65.5,1,7.4,1,2.48,22.5,32.8,74.9,98.3
2024-09-21,MN04,491.6,417.7,73.8,1,4.8,1,1.08,15.4,25.2,63.7,81.4
2024-09-22,MN04,491.5,441.1,50.4,1,5.8,1,0.46,0.6,30.2,91.9,100.0
2024-09-23,MN04,491.5,478.4,13.0,0,0.0,0,0.03,15.2,23.5,76.9,87.9
2024-09-24,MN04,491.4,469.9,21.6,0,0.0,0,1.02,25.1,15.6,65.2,99.0
2024-09-25,MN04,491.4,457.9,33.5,0,0.0,0,0.29,25.7,26.8,74.8,88.6
2024-09-26,MN04,491.4,437.6,53.7,1,0.0,0,3.13,16.0,27.5,80.4,91.7
2024-09-27,MN04,491.3,455.1,36.3,0,0.0,0,0.5,30.6,22.0,68.5,91.0
2024-09-28,MN04,491.3,485.4,5.9,0,0.0,0,0.88,0.0,19.9,79.7,100.0
2024-09-29,MN04,491.3,477.8,13.5,0,0.0,0,0.47,9.3,22.1,63.7,99.5
2024-09-30,MN04,491.3,500.7,0.0,0,0.0,0,0.65,0.0,22.8,89.0,86.0
2024-10-01,MN04,491.3,434.9,56.5,1,10.2,2,0.48,2.2,29.1,41.8,100.0
2024-10-02,MN04,491.3,461.4,29.9,0,0.0,0,3.42,0.8,27.2,55.3,97.9
2024-10-03,MN04,491.4,435.7,55.7,1,6.2,1,0.3,3.1,26.6,65.9,88.3
2024-10-04,MN04,491.4,475.6,15.8,0,0.0,0,0.09,3.7,32.1,46.6,98.9
2024-10-05,MN04,491.4,401.0,90.5,1,9.0,2,3.62,0.0,25.6,47.6,100.0
2024-10-06,MN04,491.5,413.5,78.0,1,3.5,1,2.12,0.5,25.0,46.2,81.8
2024-10-07,MN04,491.5,475.6,15.9,0,0.0,0,1.1,0.0,28.2,53.8,92.0
2024-10-08,MN04,491.6,484.9,6.7,0,0.0,0,0.98,6.2,24.4,53.4,91.5
2024-10-09,MN04,491.7,475.5,16.1,0,0.0,0,0.27,1.4,26.7,49.2,91.6
2024-10-10,MN04,491.7,448.8,43.0,0,7.4,1,0.05,7.7,32.2,32.7,97.6
2024-10-11,MN04,491.8,450.6,41.3,0,0.0,0,0.03,0.0,26.2,67.6,87.2
2024-10-12,MN04,491.9,464.5,27.4,0,0.0,0,1.41,0.4,25.9,51.9,85.0
2024-10-13,MN04,492.0,484.3,7.8,0,0.0,0,0.79,2.4,27.0,42.7,92.8
2024-10-14,MN04,492.1,407.3,84.9,1,12.9,2,0.33,4.9,32.8,36.6,100.0
2024-10-15,MN04,492.3,434.1,58.2,1,7.7,1,1.49,0.0,25.5,38.9,96.9
2024-10-16,MN04,492.4,488.8,3.5,0,0.5,1,1.5,0.5,21.7,24.9,97.2
2024-10-17,MN04,492.5,484.7,7.9,0,0.0,0,0.46,4.5,25.8,49.5,88.8
2024-10-18,MN04,492.6,502.0,0.0,0,0.0,0,0.05,4.0,32.6,51.3,86.7
2024-10-19,MN04,492.8,475.9,16.9,0,2.8,1,2.12,1.1,25.6,31.4,96.1
2024-10-20,MN04,492.9,464.2,28.8,0,0.0,0,0.54,5.8,25.9,43.2,93.0
2024-10-21,MN04,493.1,458.5,34.6,0,0.0,0,3.82,3.5,28.9,39.2,94.0
2024-10-22,MN04,493.3,447.2,46.1,0,3.9,1,1.31,3.3,25.5,47.1,96.8
2024-10-23,MN04,493.4,486.8,6.7,0,0.0,0,2.43,0.2,25.1,47.9,100.0
2024-10-24,MN04,493.6,454.9,38.7,0,5.0,1,0.16,6.4,28.0,44.5,97.4
2024-10-25,MN04,493.8,445.1,48.7,0,3.6,1,1.11,2.5,18.6,53.1,89.0
2024-10-26,MN04,494.0,498.7,0.0,0,0.0,0,0.36,0.0,23.3,51.0,100.0
2024-10-27,MN04,494.2,475.5,18.7,0,0.0,0,0.29,0.5,26.6,34.4,89.3
2024-10-28,MN04,494.4,453.5,40.9,0,0.0,0,0.21,6.5,25.5,50.5,85.1
2024-10-29,MN04,494.6,468.0,26.6,0,0.0,0,1.02,6.5,24.1,40.8,88.2
2024-10-30,MN04,494.8,502.0,0.0,0,0.0,0,0.55,8.3,23.4,44.6,96.8
2024-10-31,MN04,495.1,497.2,0.0,0,0.0,0,0.97,5.2,32.4,44.3,90.0
2024-11-01,MN04,495.3,491.8,3.5,0,0.0,0,0.42,4.8,27.9,39.7,97.7
2024-11-02,MN04,495.6,445.8,49.8,1,0.0,0,1.37,7.4,23.6,50.9,85.9
2024-11-03,MN04,495.8,476.1,19.7,0,3.4,1,1.31,6.3,25.5,53.4,100.0
2024-11-04,MN04,496.1,470.9,25.1,0,0.0,0,2.26,0.0,23.6,30.0,100.0
2024-11-05,MN04,496.3,411.5,84.9,1,9.8,2,2.47,1.9,31.0,50.4,98.6
2024-11-06,MN04,496.6,408.7,87.9,1,11.7,2,1.2,3.2,28.1,39.5,90.1
2024-11-07,MN04,496.9,497.3,0.0,0,0.0,0,1.29,7.5,26.2,60.8,90.2
2024-11-08,MN04,497.1,505.1,0.0,0,0.0,0,0.63,0.0,29.7,57.8,95.5
2024-11-09,MN04,497.4,495.0,2.4,0,1.9,1,0.43,2.5,28.6,49.5,96.7
2024-11-10,MN04,497.7,440.3,57.4,1,5.8,1,1.34,0.0,26.7,46.8,96.4
2024-11-11,MN04,498.0,406.6,91.4,1,2.8,1,4.01,8.4,29.0,46.6,81.9
2024-11-12,MN04,498.3,493.4,5.0,0,0.0,0,1.12,5.7,28.4,37.7,91.2
2024-11-13,MN04,498.6,488.4,10.2,0,0.0,0,1.97,2.4,24.6,40.3,88.4
2024-11-14,MN04,498.9,456.2,42.7,0,0.0,0,1.17,1.8,28.9,58.0,85.7
2024-11-15,MN04,499.2,427.2,72.1,1,8.0,1,2.93,2.4,20.2,47.5,93.6
2024-11-16,MN04,499.6,482.0,17.6,0,0.0,0,0.0,3.2,32.2,37.3,98.6
2024-11-17,MN04,499.9,458.0,41.9,0,0.0,0,0.8,3.0,22.2,74.5,99.4
2024-11-18,MN04,500.2,480.6,19.6,0,0.0,0,0.93,1.5,23.5,32.5,96.4
2024-11-19,MN04,500.6,494.0,6.5,0,0.0,0,0.36,1.5,29.5,45.5,91.0
2024-11-20,MN04,500.9,460.6,40.3,0,0.0,0,2.43,0.3,32.4,61.3,95.3
2024-11-21,MN04,501.3,476.4,24.9,0,4.9,1,0.2,0.0,25.1,63.8,100.0
2024-11-22,MN04,501.6,461.3,40.3,0,0.0,0,0.95,1.7,25.9,33.3,87.6
2024-11-23,MN04,502.0,490.1,11.9,0,0.0,0,0.28,0.2,28.4,47.3,82.9
2024-11-24,MN04,502.3,513.4,0.0,0,0.0,0,0.06,0.0,27.1,49.6,92.4
2024-11-25,MN04,502.7,423.2,79.5,1,4.7,1,0.58,1.8,33.0,29.0,80.1
2024-11-26,MN04,503.1,463.8,39.3,0,0.0,0,2.38,9.1,24.3,33.0,88.4
2024-11-27,MN04,503.5,452.0,51.5,1,0.0,0,4.07,5.6,33.7,60.4,100.0
2024-11-28,MN04,503.8,473.5,30.4,0,0.0,0,3.81,5.6,30.0,46.8,89.7
2024-11-29,MN04,504.2,516.3,0.0,0,0.0,0,0.05,0.0,26.3,43.8,94.4
2024-11-30,MN04,504.6,349.8,154.9,1,12.4,2,3.63,0.0,32.5,46.9,86.2
2024-12-01,MN04,505.0,443.7,61.3,1,6.7,1,0.11,2.2,21.4,61.2,86.9
2024-12-02,MN04,505.4,496.1,9.3,0,0.0,0,0.55,5.5,37.1,55.3,96.7
2024-12-03,MN04,505.8,488.1,17.7,0,0.0,0,1.08,2.0,27.7,49.3,89.1
2024-12-04,MN04,506.2,476.5,29.7,0,0.0,0,4.1,0.2,23.5,52.1,92.4
2024-12-05,MN04,506.6,462.7,43.9,0,8.6,2,0.61,1.5,26.4,52.7,98.4
2024-12-06,MN04,507.0,436.9,70.1,1,10.5,1,1.74,0.0,22.9,60.5,94.5
2024-12-07,MN04,507.4,477.0,30.4,0,0.0,0,0.12,4.2,24.1,48.2,86.1
2024-12-08,MN04,507.8,477.6,30.2,0,0.0,0,1.97,0.0,31.8,66.9,89.1
2024-12-09,MN04,508.3,505.0,3.2,0,0.0,0,0.08,1.6,26.2,55.0,100.0
2024-12-10,MN04,508.7,473.8,34.9,0,0.0,0,2.16,5.9,29.5,59.7,100.0
2024-12-11,MN04,509.1,458.5,50.6,0,6.4,1,0.09,1.9,31.7,44.2,89.4
2024-12-12,MN04,509.5,503.8,5.7,0,1.1,1,1.83,0.0,28.8,54.7,97.9
2024-12-13,MN04,509.9,445.8,64.2,1,5.2,1,0.41,2.4,31.3,46.0,88.9
2024-12-14,MN04,510.4,500.6,9.8,0,0.0,0,0.71,7.8,28.7,44.2,94.0
2024-12-15,MN04,510.8,512.7,0.0,0,0.0,0,1.05,1.6,26.8,47.1,98.1
2024-12-16,MN04,511.2,518.1,0.0,0,0.0,0,0.27,4.0,23.8,57.6,96.7
2024-12-17,MN04,511.7,467.2,44.5,0,0.0,0,4.9,3.2,26.1,41.7,95.9
2024-12-18,MN04,512.1,489.9,22.2,0,0.0,0,0.64,6.4,28.3,53.4,100.0
2024-12-19,MN04,512.5,492.3,20.2,0,0.0,0,2.0,2.0,25.5,55.7,89.3
2024-12-20,MN04,513.0,478.1,34.9,0,4.8,1,0.9,1.2,28.4,52.2,92.1
2024-12-21,MN04,513.4,464.5,49.0,0,3.5,1,0.91,3.5,22.7,45.4,91.7
2024-12-22,MN04,513.9,504.8,9.0,0,0.0,0,0.29,4.7,31.9,69.6,98.9
2024-12-23,MN04,514.3,482.4,31.9,0,0.0,0,0.86,0.0,31.2,52.9,86.4
2024-12-24,MN04,514.8,435.0,79.7,1,13.5,2,0.08,2.3,29.2,40.9,96.5
2024-12-25,MN04,515.2,457.4,57.8,1,0.0,0,5.68,5.8,28.0,27.8,92.9
2024-12-26,MN04,515.6,517.2,0.0,0,3.6,1,0.46,2.3,31.0,34.4,93.7
2024-12-27,MN04,516.1,524.3,0.0,0,0.0,0,1.41,2.6,25.8,53.6,100.0
2024-12-28,MN04,516.5,519.5,0.0,0,0.0,0,0.7,0.1,30.1,51.5,89.7
2024-12-29,MN04,517.0,511.0,5.9,0,0.0,0,0.02,2.4,29.7,55.6,91.3
2024-12-30,MN04,517.4,428.8,88.6,1,13.1,2,0.42,2.4,21.9,47.9,98.0
2024-12-31,MN04,517.9,437.9,80.0,1,0.5,1,5.0,5.4,21.3,36.4,93.7
2025-01-01,MN04,517.6,452.0,65.6,1,0.0,0,4.97,2.4,20.8,50.4,96.5
2025-01-02,MN04,518.1,500.2,17.9,0,0.0,0,0.74,4.6,26.3,28.2,99.1
2025-01-03,MN04,518.5,490.1,28.4,0,0.0,0,1.99,0.2,25.4,34.3,92.4
2025-01-04,MN04,519.0,514.4,4.6,0,0.0,0,0.14,0.0,26.1,35.1,100.0
2025-01-05,MN04,519.4,460.2,59.2,1,4.3,1,1.14,0.2,35.1,50.3,83.0
2025-01-06,MN04,519.8,512.9,7.0,0,0.0,0,0.72,6.5,29.4,39.6,96.5
2025-01-07,MN04,520.3,537.1,0.0,0,0.5,1,0.23,6.8,25.0,48.7,100.0
2025-01-08,MN04,520.7,517.0,3.7,0,0.0,0,1.97,0.0,18.0,42.5,93.7
2025-01-09,MN04,521.2,423.9,97.3,1,8.5,1,3.62,0.0,33.3,23.2,94.9
2025-01-10,MN04,521.6,536.0,0.0,0,0.0,0,0.11,0.0,22.3,44.4,92.1
2025-01-11,MN04,522.0,483.7,38.4,0,0.0,0,1.93,1.4,29.3,35.9,84.7
2025-01-12,MN04,522.5,449.9,72.6,1,4.5,1,3.41,0.2,26.3,56.8,96.3
2025-01-13,MN04,522.9,489.8,33.1,0,0.0,0,0.24,0.0,29.8,41.7,100.0
2025-01-14,MN04,523.4,519.4,3.9,0,0.0,0,0.33,4.5,27.9,39.8,85.4
2025-01-15,MN04,523.8,545.2,0.0,0,0.0,0,0.71,5.3,29.8,40.2,98.9
2025-01-16,MN04,524.2,468.3,55.9,1,0.0,0,3.31,0.0,22.1,31.3,92.5
2025-01-17,MN04,524.6,524.2,0.5,0,0.0,0,2.11,3.8,27.0,53.7,97.6
2025-01-18,MN04,525.1,500.8,24.3,0,0.0,0,0.02,5.8,30.2,45.2,88.6
2025-01-19,MN04,525.5,517.5,8.0,0,0.0,0,1.03,1.5,32.5,53.1,100.0
2025-01-20,MN04,525.9,473.0,52.9,1,4.5,1,2.12,4.4,24.5,29.8,91.4
2025-01-21,MN04,526.3,493.8,32.5,0,0.0,0,1.18,4.5,32.2,56.8,100.0
2025-01-22,MN04,526.7,533.7,0.0,0,0.0,0,1.65,1.9,22.9,61.0,99.9
2025-01-23,MN04,527.2,529.8,0.0,0,0.0,0,1.02,0.2,21.3,42.2,90.1
2025-01-24,MN04,527.6,511.5,16.1,0,0.0,0,0.48,4.1,27.9,49.8,96.8
2025-01-25,MN04,528.0,494.9,33.1,0,3.6,1,0.23,2.3,18.8,48.3,100.0
2025-01-26,MN04,528.4,484.6,43.8,0,2.4,1,0.32,1.7,29.6,67.1,100.0
2025-01-27,MN04,528.8,533.2,0.0,0,0.0,0,0.94,5.3,27.2,56.2,92.7
2025-01-28,MN04,529.2,524.5,4.6,0,0.0,0,0.14,2.7,26.2,49.6,100.0
2025-01-29,MN04,529.6,486.4,43.1,0,0.0,0,0.9,0.0,25.6,56.2,84.0
2025-01-30,MN04,530.0,462.9,67.1,1,4.4,1,1.96,1.1,24.9,52.4,92.2
2025-01-31,MN04,530.3,538.4,0.0,0,0.0,0,0.51,0.4,21.6,37.7,90.1
2025-02-01,MN04,530.7,503.3,27.4,0,0.0,0,0.35,2.1,21.3,53.9,94.1
2025-02-02,MN04,531.1,437.7,93.4,1,15.7,2,0.03,0.0,26.6,43.4,96.8
2025-02-03,MN04,531.5,510.2,21.3,0,3.3,1,0.68,4.9,28.9,41.1,100.0
2025-02-04,MN04,531.8,529.6,2.2,0,0.0,0,0.39,0.0,22.1,35.5,97.8
2025-02-05,MN04,532.2,486.5,45.7,0,5.6,1,0.67,0.4,26.7,34.2,97.7
2025-02-06,MN04,532.6,527.6,5.0,0,0.0,0,0.07,2.3,30.0,41.3,98.4
2025-02-07,MN04,532.9,515.9,17.1,0,0.0,0,3.0,1.9,30.2,66.9,91.6
2025-02-08,MN04,533.3,475.4,57.8,1,2.9,1,0.97,1.5,21.4,61.7,83.3
2025-02-09,MN04,533.6,508.9,24.7,0,6.1,1,0.15,6.1,32.6,43.5,99.4
2025-02-10,MN04,534.0,535.0,0.0,0,0.0,0,1.14,2.0,25.2,42.2,91.3
2025-02-11,MN04,534.3,515.2,19.1,0,0.0,0,0.35,1.1,32.5,38.5,86.8
2025-02-12,MN04,534.6,501.6,33.1,0,0.0,0,2.36,0.0,23.6,52.1,99.4
2025-02-13,MN04,535.0,492.9,42.1,0,0.0,0,0.14,1.5,29.1,44.9,82.6
2025-02-14,MN04,535.3,509.8,25.5,0,0.0,0,1.8,0.0,36.3,40.6,89.8
2025-02-15,MN04,535.6,454.6,81.0,1,0.0,0,3.55,4.1,27.9,38.4,82.7
2025-02-16,MN04,535.9,502.6,33.3,0,0.0,0,1.3,7.1,26.1,53.3,97.9
2025-02-17,MN04,536.2,559.4,0.0,0,0.0,0,0.11,1.8,29.0,58.0,96.8
2025-02-18,MN04,536.5,525.6,10.9,0,0.0,0,0.81,2.6,29.1,31.0,98.0
2025-02-19,MN04,536.8,495.1,41.7,0,0.0,0,1.42,0.9,29.7,34.1,88.3
2025-02-20,MN04,537.1,455.3,81.8,1,0.0,0,5.9,4.4,20.9,41.1,89.2
2025-02-21,MN04,537.4,459.8,77.6,1,9.1,2,1.41,4.6,28.9,44.8,90.3
2025-02-22,MN04,537.6,524.1,13.5,0,0.0,0,0.04,1.3,27.8,45.2,100.0
2025-02-23,MN04,537.9,449.3,88.6,1,6.5,1,1.62,7.0,26.1,44.3,87.7
2025-02-24,MN04,538.2,546.2,0.0,0,0.0,0,0.88,0.0,27.3,50.9,98.2
2025-02-25,MN04,538.4,515.3,23.2,0,0.0,0,1.92,3.2,20.3,55.9,87.8
2025-02-26,MN04,538.7,534.4,4.3,0,0.0,0,0.35,0.9,20.7,39.4,95.2
2025-02-27,MN04,538.9,488.8,50.1,0,3.3,1,0.67,0.0,28.7,54.3,100.0
2025-02-28,MN04,539.2,512.9,26.2,0,0.0,0,0.7,0.0,28.1,37.9,87.1
2025-03-01,MN04,539.4,502.8,36.6,0,0.0,0,1.86,0.8,23.5,43.7,85.2
2025-03-02,MN04,539.6,468.9,70.7,1,0.0,0,2.11,1.6,23.0,49.2,84.2
2025-03-03,MN04,539.8,493.6,46.3,0,7.0,1,0.0,2.2,24.6,36.3,95.1
2025-03-04,MN04,540.1,505.3,34.8,0,0.0,0,2.59,3.5,32.3,61.1,98.4
2025-03-05,MN04,540.3,508.6,31.7,0,0.0,0,0.96,1.7,34.0,58.4,96.4
2025-03-06,MN04,540.5,511.8,28.7,0,0.0,0,1.36,0.0,23.0,27.4,97.4
2025-03-07,MN04,540.6,510.6,30.0,0,3.3,1,0.57,0.0,25.2,61.6,89.7
2025-03-08,MN04,540.8,513.3,27.6,0,4.8,1,0.66,3.3,30.5,39.4,100.0
2025-03-09,MN04,541.0,534.3,6.7,0,0.0,0,0.01,0.0,30.1,45.8,89.9
2025-03-10,MN04,541.2,531.0,10.1,0,0.0,0,0.59,6.1,31.7,46.8,99.6
2025-03-11,MN04,541.3,495.4,45.9,0,5.7,1,0.68,1.6,19.5,42.1,100.0
2025-03-12,MN04,541.5,557.7,0.0,0,0.0,0,0.36,5.2,28.3,30.8,89.2
2025-03-13,MN04,541.6,503.0,38.7,0,0.0,0,1.31,3.0,23.6,55.0,89.3
2025-03-14,MN04,541.8,533.3,8.4,0,0.0,0,0.19,2.1,22.9,32.4,100.0
2025-03-15,MN04,541.9,465.5,76.4,1,5.1,1,0.45,8.5,23.3,43.6,85.4
2025-03-16,MN04,542.0,502.3,39.7,0,3.0,1,0.47,8.9,26.5,36.0,87.8
2025-03-17,MN04,542.2,520.0,22.2,0,0.0,0,1.32,0.9,23.6,37.0,89.0
2025-03-18,MN04,542.3,516.1,26.2,0,0.0,0,0.43,3.7,31.7,51.0,92.4
2025-03-19,MN04,542.4,512.6,29.8,0,0.0,0,0.87,3.5,30.3,29.9,93.3
2025-03-20,MN04,542.5,566.4,0.0,0,0.0,0,0.22,0.9,28.5,20.0,91.0
2025-03-21,MN04,542.6,512.5,30.0,0,0.0,0,3.33,5.5,31.3,58.6,93.4
2025-03-22,MN04,542.6,514.7,27.9,0,0.0,0,0.22,3.1,39.3,41.3,95.8
2025-03-23,MN04,542.7,489.7,53.0,0,6.6,2,0.65,1.3,27.1,45.5,93.3
2025-03-24,MN04,542.8,473.3,69.5,1,9.6,1,0.02,4.8,27.2,43.8,96.7
2025-03-25,MN04,542.8,503.5,39.4,0,0.0,0,1.57,0.0,26.1,42.7,93.5
2025-03-26,MN04,542.9,503.6,39.3,0,0.0,0,1.26,2.7,24.0,45.4,84.1
2025-03-27,MN04,542.9,527.6,15.3,0,0.0,0,1.29,2.9,30.8,55.4,96.7
2025-03-28,MN04,543.0,482.7,60.3,1,5.7,1,0.15,1.6,22.4,58.0,85.8
2025-03-29,MN04,543.0,522.4,20.6,0,0.0,0,0.77,0.4,24.6,65.4,100.0
2025-03-30,MN04,543.0,558.3,0.0,0,0.0,0,0.23,6.3,25.8,46.3,98.0
2025-03-31,MN04,543.0,508.6,34.4,0,4.3,1,2.6,0.0,24.4,58.4,90.6
2025-04-01,MN04,543.0,460.3,82.8,1,4.2,1,0.58,4.7,30.7,43.1,81.2
2025-04-02,MN04,543.0,475.5,67.5,1,7.9,2,0.16,0.0,39.7,42.0,84.5
2025-04-03,MN04,543.0,464.3,78.7,1,0.0,0,1.37,3.9,36.9,43.0,83.2
2025-04-04,MN04,543.0,512.0,31.0,0,0.0,0,0.01,0.0,40.9,54.1,91.4
2025-04-05,MN04,543.0,534.6,8.4,0,0.0,0,1.11,1.3,37.2,48.2,89.3
2025-04-06,MN04,542.9,520.1,22.8,0,0.0,0,0.92,0.0,30.2,50.9,85.4
2025-04-07,MN04,542.9,531.2,11.7,0,0.0,0,0.28,1.7,33.6,46.3,92.1
2025-04-08,MN04,542.8,506.1,36.8,0,5.0,1,1.26,0.2,32.2,42.3,90.6
2025-04-09,MN04,542.8,508.4,34.4,0,7.1,1,0.48,0.0,35.5,45.4,95.4
2025-04-10,MN04,542.7,519.3,23.4,0,0.0,0,0.95,2.3,34.6,51.7,91.1
2025-04-11,MN04,542.7,535.1,7.6,0,0.0,0,0.24,1.7,34.9,55.4,95.1
2025-04-12,MN04,542.6,525.4,17.1,0,0.0,0,2.56,5.5,37.9,35.1,100.0
2025-04-13,MN04,542.5,468.9,73.6,1,6.7,1,1.15,0.0,35.1,56.8,96.1
2025-04-14,MN04,542.4,476.6,65.8,1,2.1,1,2.79,5.2,35.1,20.0,94.4
2025-04-15,MN04,542.3,521.5,20.8,0,0.0,0,1.43,3.5,41.2,45.2,89.5
2025-04-16,MN04,542.2,502.9,39.3,0,4.4,1,0.27,0.0,34.3,70.3,91.1
2025-04-17,MN04,542.1,507.7,34.4,0,0.0,0,0.24,4.3,30.8,40.6,86.3
2025-04-18,MN04,541.9,522.7,19.2,0,0.0,0,0.88,5.5,39.1,49.8,94.8
2025-04-19,MN04,541.8,517.4,24.4,0,0.0,0,2.17,4.4,31.7,40.7,99.7
2025-04-20,MN04,541.7,483.9,57.8,1,0.0,0,0.11,2.9,46.0,43.0,94.1
2025-04-21,MN04,541.5,544.2,0.0,0,0.0,0,0.78,4.3,33.8,60.0,95.8
2025-04-22,MN04,541.4,479.0,62.3,1,0.0,0,0.79,3.6,31.4,42.7,85.6
2025-04-23,MN04,541.2,544.0,0.0,0,0.0,0,0.03,4.5,33.9,51.4,91.7
2025-04-24,MN04,541.0,498.9,42.1,0,0.0,0,3.67,1.0,38.0,67.4,87.7
2025-04-25,MN04,540.9,521.0,19.9,0,4.7,1,0.71,1.4,33.8,55.3,100.0
2025-04-26,MN04,540.7,424.9,115.8,1,3.9,1,1.51,3.9,44.5,45.0,83.9
2025-04-27,MN04,540.5,496.0,44.5,0,0.0,0,3.6,6.9,33.7,34.6,96.4
2025-04-28,MN04,540.3,408.5,131.8,1,7.7,2,0.19,3.1,29.2,74.0,77.9
2025-04-29,MN04,540.1,535.7,4.4,0,0.0,0,0.09,2.6,32.6,46.5,92.6
2025-04-30,MN04,539.9,556.3,0.0,0,0.0,0,0.28,2.9,38.9,41.4,93.1
2025-05-01,MN04,539.7,520.6,19.1,0,0.0,0,0.44,2.5,34.8,60.4,89.4
2025-05-02,MN04,539.4,503.2,36.2,0,2.0,1,0.21,0.0,30.0,41.2,95.8
2025-05-03,MN04,539.2,538.6,0.6,0,0.0,0,0.89,2.7,32.0,43.6,99.3
2025-05-04,MN04,539.0,518.5,20.5,0,0.0,0,0.78,10.0,27.2,65.8,85.1
2025-05-05,MN04,538.7,544.6,0.0,0,0.0,0,1.27,4.9,37.0,41.3,91.8
2025-05-06,MN04,538.5,528.7,9.8,0,0.0,0,0.17,5.1,37.0,47.5,89.5
2025-05-07,MN04,538.2,489.9,48.3,0,7.9,1,0.58,0.0,36.3,58.8,96.1
2025-05-08,MN04,538.0,521.8,16.2,0,0.0,0,1.32,0.0,32.7,47.6,95.9
2025-05-09,MN04,537.7,511.3,26.4,0,0.0,0,1.6,1.3,32.2,41.8,91.7
2025-05-10,MN04,537.4,524.6,12.9,0,0.0,0,0.41,2.9,30.4,37.3,88.1
2025-05-11,MN04,537.1,457.2,80.0,1,7.9,1,0.53,2.1,31.5,60.5,91.5
2025-05-12,MN04,536.9,488.9,47.9,0,0.0,0,3.48,1.3,31.9,57.2,88.3
2025-05-13,MN04,536.6,515.2,21.3,0,0.0,0,2.64,3.7,36.7,32.8,95.3
2025-05-14,MN04,536.3,549.6,0.0,0,0.0,0,1.17,1.3,35.3,38.1,95.4
2025-05-15,MN04,536.0,466.5,69.5,1,6.2,1,4.01,8.8,37.7,44.7,98.9
2025-05-16,MN04,535.7,530.7,5.0,0,0.0,0,0.28,1.5,31.9,40.5,89.6
2025-05-17,MN04,535.3,510.1,25.2,0,0.0,0,0.35,1.3,32.5,52.5,85.5
2025-05-18,MN04,535.0,534.7,0.4,0,0.0,0,0.39,3.8,27.0,25.0,90.4
2025-05-19,MN04,534.7,505.3,29.4,0,0.0,0,0.63,1.8,38.0,58.9,86.8
2025-05-20,MN04,534.4,475.2,59.2,1,4.4,1,3.38,4.0,35.2,46.3,95.5
2025-05-21,MN04,534.0,515.5,18.5,0,0.0,0,0.42,3.7,35.9,58.0,97.1
2025-05-22,MN04,533.7,505.3,28.4,0,0.0,0,1.2,0.1,31.8,41.8,85.9
2025-05-23,MN04,533.4,542.5,0.0,0,0.0,0,1.24,1.7,38.1,46.5,100.0
2025-05-24,MN04,533.0,526.1,6.9,0,0.0,0,0.49,1.7,33.3,42.4,88.4
2025-05-25,MN04,532.6,482.5,50.2,0,4.2,1,0.85,4.0,28.9,61.7,94.6
2025-05-26,MN04,532.3,478.0,54.3,1,0.0,0,1.88,0.0,33.2,44.3,85.5
2025-05-27,MN04,531.9,461.7,70.3,1,2.4,1,2.49,3.4,42.9,38.9,95.9
2025-05-28,MN04,531.6,361.4,170.1,1,10.6,2,7.44,0.0,27.6,51.8,87.3
2025-05-29,MN04,531.2,497.7,33.5,0,2.4,1,0.4,3.8,38.7,44.9,90.9
2025-05-30,MN04,530.8,482.8,48.0,0,5.0,1,0.41,0.0,34.1,22.9,90.7
2025-05-31,MN04,530.4,521.1,9.4,0,0.0,0,0.26,3.9,35.1,30.0,95.2
2025-06-01,MN04,530.0,504.0,26.1,0,0.0,0,0.44,24.4,24.2,65.8,89.9
2025-06-02,MN04,529.7,546.4,0.0,0,0.0,0,0.84,10.8,28.1,72.9,90.2
2025-06-03,MN04,529.3,540.1,0.0,0,0.0,0,0.07,16.4,23.6,96.2,88.1
2025-06-04,MN04,528.9,483.8,45.0,0,0.0,0,2.88,19.1,27.9,78.5,87.7
2025-06-05,MN04,528.5,382.0,146.5,1,5.6,1,5.45,25.8,25.2,64.4,88.6
2025-06-06,MN04,528.1,477.5,50.5,0,0.0,0,0.69,38.9,24.4,73.2,99.7
2025-06-07,MN04,527.7,466.8,60.8,1,6.0,1,1.27,18.0,24.8,79.9,99.2
2025-06-08,MN04,527.2,465.6,61.6,1,8.1,1,1.14,8.2,24.1,69.6,98.1
2025-06-09,MN04,526.8,528.9,0.0,0,0.0,0,0.47,18.4,35.6,80.7,100.0
2025-06-10,MN04,526.4,432.9,93.5,1,0.0,0,0.35,36.5,24.9,68.6,85.1
2025-06-11,MN04,526.0,447.2,78.8,1,3.6,1,0.3,34.1,30.8,75.7,96.4
2025-06-12,MN04,525.6,527.1,0.0,0,0.0,0,1.69,13.3,28.5,80.6,94.8
2025-06-13,MN04,525.2,428.7,96.4,1,11.4,2,0.28,23.6,30.3,76.6,94.9
2025-06-14,MN04,524.7,497.0,27.7,0,0.0,0,1.75,15.2,29.4,56.5,97.6
2025-06-15,MN04,524.3,430.4,93.9,1,9.1,1,1.3,30.8,21.8,78.5,95.9
2025-06-16,MN04,523.9,467.9,56.0,1,5.6,2,2.64,6.9,30.2,61.7,94.0
2025-06-17,MN04,523.4,447.6,75.9,1,0.0,0,0.58,37.0,31.3,76.0,93.9
2025-06-18,MN04,523.0,504.4,18.6,0,0.0,0,2.6,15.3,34.5,68.4,90.7
2025-06-19,MN04,522.6,495.7,26.9,0,5.2,1,0.02,16.5,28.8,71.1,96.8
2025-06-20,MN04,522.1,408.9,113.2,1,7.5,1,0.09,0.0,23.3,97.0,76.2
2025-06-21,MN04,521.7,507.1,14.6,0,0.0,0,0.8,0.2,21.3,77.2,87.3
2025-06-22,MN04,521.3,512.4,8.8,0,0.0,0,0.5,0.0,25.2,90.3,93.6
2025-06-23,MN04,520.8,508.9,12.0,0,0.0,0,0.81,18.1,26.7,87.8,96.2
2025-06-24,MN04,520.4,507.7,12.6,0,0.0,0,1.57,8.9,26.9,73.7,89.7
2025-06-25,MN04,519.9,491.4,28.6,0,0.0,0,1.42,10.5,22.5,70.0,87.5
2025-06-26,MN04,519.5,517.2,2.3,0,0.0,0,2.07,9.3,17.6,89.4,96.6
2025-06-27,MN04,519.0,498.5,20.5,0,0.0,0,0.07,5.6,25.8,65.5,86.3
2025-06-28,MN04,518.6,482.1,36.5,0,0.0,0,3.44,8.8,22.7,57.8,90.7
2025-06-29,MN04,518.2,476.5,41.7,0,4.5,1,1.04,6.2,32.6,87.4,99.5
2025-06-30,MN04,517.7,461.3,56.4,1,0.0,0,0.89,32.3,36.5,71.7,100.0
2025-07-01,MN04,517.3,475.9,41.3,0,0.0,0,0.99,26.8,22.8,76.8,90.9
2025-07-02,MN04,516.8,504.2,12.6,0,0.0,0,1.77,23.5,27.3,60.6,100.0
2025-07-03,MN04,516.4,529.1,0.0,0,0.0,0,0.85,17.0,26.0,59.5,95.4
2025-07-04,MN04,515.9,486.2,29.7,0,0.0,0,1.6,20.1,32.2,74.9,87.4
2025-07-05,MN04,515.5,480.7,34.7,0,6.8,1,0.66,21.1,29.6,55.3,96.2
2025-07-06,MN04,515.0,509.2,5.8,0,0.0,0,2.35,13.8,24.4,72.0,87.3
2025-07-07,MN04,514.6,489.4,25.2,0,0.0,0,1.3,14.6,24.5,86.9,98.4
2025-07-08,MN04,514.2,509.8,4.3,0,0.0,0,0.55,10.1,23.6,71.8,86.2
2025-07-09,MN04,513.7,456.1,57.6,1,6.2,1,0.72,24.7,26.0,55.4,97.2
2025-07-10,MN04,513.3,478.7,34.6,0,0.0,0,1.72,21.8,25.4,87.0,100.0
2025-07-11,MN04,512.8,472.2,40.6,0,0.0,0,0.34,27.6,20.3,82.5,91.0
2025-07-12,MN04,512.4,450.5,61.9,1,0.0,0,0.92,35.6,26.0,75.8,92.3
2025-07-13,MN04,512.0,426.9,85.1,1,0.0,0,3.45,25.9,16.7,65.1,87.8
2025-07-14,MN04,511.5,492.8,18.8,0,2.8,1,0.31,13.7,23.8,78.7,91.2
2025-07-15,MN04,511.1,499.5,11.6,0,0.0,0,1.01,20.0,24.8,84.7,90.7
2025-07-16,MN04,510.6,448.8,61.8,1,0.0,0,3.18,32.9,25.9,61.8,93.0
2025-07-17,MN04,510.2,497.1,13.1,0,0.0,0,0.28,11.0,30.6,79.0,100.0
2025-07-18,MN04,509.8,536.4,0.0,0,0.0,0,0.31,21.0,28.8,57.6,92.7
2025-07-19,MN04,509.4,438.1,71.3,1,0.6,1,2.2,18.3,27.5,81.8,80.0
2025-07-20,MN04,508.9,435.7,73.2,1,3.6,1,5.12,24.6,25.0,79.1,92.8
2025-07-21,MN04,508.5,488.6,19.9,0,0.0,0,3.41,0.9,28.5,55.1,89.1
2025-07-22,MN04,508.1,466.6,41.5,0,0.0,0,1.21,7.0,27.8,65.1,87.4
2025-07-23,MN04,507.7,499.0,8.7,0,0.0,0,0.9,0.0,20.0,83.9,99.6
2025-07-24,MN04,507.3,514.2,0.0,0,0.0,0,0.41,12.8,29.5,97.0,100.0
2025-07-25,MN04,506.9,499.3,7.5,0,0.0,0,0.03,11.5,24.5,83.0,89.7
2025-07-26,MN04,506.5,475.3,31.2,0,0.0,0,0.96,22.3,29.3,73.7,88.9
2025-07-27,MN04,506.0,447.5,58.5,1,5.9,1,0.4,4.9,27.5,65.1,86.4
2025-07-28,MN04,505.6,460.0,45.7,0,0.0,0,1.37,27.0,32.1,70.0,95.0
2025-07-29,MN04,505.3,456.6,48.7,0,2.5,1,0.62,12.4,24.6,84.2,84.4
2025-07-30,MN04,504.9,472.5,32.4,0,0.0,0,2.23,9.6,28.1,67.1,100.0
2025-07-31,MN04,504.5,354.5,149.9,1,13.3,2,0.43,37.3,25.2,72.9,94.3
2025-08-01,MN04,504.1,483.0,21.1,0,0.0,0,0.47,7.8,21.6,64.4,93.9
2025-08-02,MN04,503.7,505.2,0.0,0,0.0,0,0.92,9.0,22.8,60.2,100.0
2025-08-03,MN04,503.3,463.6,39.8,0,0.0,0,1.88,0.0,27.7,71.9,90.1
2025-08-04,MN04,502.9,443.6,59.3,1,0.0,0,4.85,4.9,31.5,83.5,92.8
2025-08-05,MN04,502.6,465.6,37.0,0,0.0,0,0.02,9.9,29.7,74.2,95.4
2025-08-06,MN04,502.2,473.7,28.5,0,0.0,0,1.17,2.6,26.6,81.4,84.5
2025-08-07,MN04,501.8,521.0,0.0,0,0.0,0,0.85,13.0,25.2,85.8,91.4
2025-08-08,MN04,501.5,498.0,3.5,0,0.0,0,0.46,0.0,30.2,49.6,100.0
2025-08-09,MN04,501.1,489.7,11.5,0,0.0,0,0.67,0.9,30.4,88.7,99.3
2025-08-10,MN04,500.8,474.0,26.8,0,0.0,0,0.12,26.4,26.3,72.8,98.6
2025-08-11,MN04,500.4,444.4,56.1,1,0.0,0,0.33,20.8,28.4,77.2,81.2
2025-08-12,MN04,500.1,417.6,82.5,1,0.0,0,2.41,33.5,22.3,82.2,96.6
2025-08-13,MN04,499.8,408.5,91.2,1,5.6,2,1.3,24.2,27.9,95.7,83.2
2025-08-14,MN04,499.5,462.1,37.3,0,0.5,1,3.94,0.0,22.5,81.1,93.8
2025-08-15,MN04,499.1,452.9,46.2,0,0.0,0,3.08,23.5,32.9,83.5,99.3
2025-08-16,MN04,498.8,463.4,35.4,0,0.0,0,0.61,25.5,32.1,88.8,95.1
2025-08-17,MN04,498.5,439.9,58.6,1,0.0,0,2.51,30.6,31.6,80.0,90.4
2025-08-18,MN04,498.2,394.3,103.9,1,0.0,0,0.93,31.8,29.9,69.1,85.9
2025-08-19,MN04,497.9,488.9,9.0,0,0.0,0,0.05,24.8,29.6,80.8,92.4
2025-08-20,MN04,497.6,413.1,84.5,1,7.1,1,0.23,33.0,24.4,65.1,90.2
2025-08-21,MN04,497.3,435.5,61.8,1,0.0,0,0.43,5.2,23.7,72.8,79.7
2025-08-22,MN04,497.0,494.0,3.1,0,0.0,0,0.89,19.8,25.8,63.7,100.0
2025-08-23,MN04,496.8,382.2,114.6,1,5.4,1,0.22,20.6,30.7,87.3,75.7
2025-08-24,MN04,496.5,492.8,3.7,0,0.0,0,0.27,19.4,28.5,75.0,100.0
2025-08-25,MN04,496.2,463.9,32.4,0,0.0,0,0.05,2.5,24.8,81.2,93.5
2025-08-26,MN04,496.0,437.2,58.7,1,1.8,1,0.16,22.7,30.3,46.9,86.6
2025-08-27,MN04,495.7,485.1,10.6,0,0.0,0,1.65,19.6,24.5,84.9,89.2
2025-08-28,MN04,495.5,445.5,50.0,1,3.6,1,2.35,9.7,28.6,74.6,96.6
2025-08-29,MN04,495.2,467.9,27.3,0,0.0,0,0.57,14.9,20.8,88.0,83.3
2025-08-30,MN04,495.0,469.9,25.1,0,0.0,0,0.22,26.6,30.1,74.7,97.1
2025-08-31,MN04,494.8,451.5,43.3,0,0.0,0,0.4,31.3,26.3,74.5,94.5
2025-09-01,MN04,494.5,453.1,41.5,0,0.0,0,2.1,25.9,30.8,72.1,88.7
2025-09-02,MN04,494.3,455.0,39.4,0,0.0,0,0.35,0.0,25.6,70.8,95.8
2025-09-03,MN04,494.1,397.1,97.0,1,0.0,0,3.85,40.7,26.2,72.9,100.0
2025-09-04,MN04,493.9,461.0,32.9,0,0.0,0,1.87,9.5,29.9,76.8,95.8
2025-09-05,MN04,493.7,437.5,56.2,1,6.1,1,0.17,2.1,23.6,80.3,88.4
2025-09-06,MN04,493.6,455.0,38.5,0,0.9,1,2.03,25.3,18.3,92.0,95.9
2025-09-07,MN04,493.4,478.6,14.7,0,0.0,0,0.58,7.5,28.0,69.4,89.1
2025-09-08,MN04,493.2,438.5,54.7,1,0.0,0,2.7,36.6,28.5,77.4,94.8
2025-09-09,MN04,493.0,463.5,29.5,0,0.0,0,0.32,13.6,27.7,70.7,87.2
2025-09-10,MN04,492.9,426.2,66.7,1,8.6,1,0.54,23.2,30.4,81.1,98.6
2025-09-11,MN04,492.7,493.3,0.0,0,0.0,0,0.36,18.2,21.0,79.1,98.0
2025-09-12,MN04,492.6,414.9,77.7,1,3.5,1,5.44,8.2,24.2,70.3,97.2
2025-09-13,MN04,492.5,458.6,33.8,0,0.0,0,1.55,25.1,22.1,78.2,98.2
2025-09-14,MN04,492.3,467.0,25.4,0,0.0,0,2.48,24.4,25.4,80.8,92.5
2025-09-15,MN04,492.2,467.3,24.9,0,0.0,0,0.04,24.8,27.9,58.3,96.5
2025-09-16,MN04,492.1,401.2,90.9,1,6.8,1,0.33,22.8,23.0,75.1,82.8
2025-09-17,MN04,492.0,430.1,61.9,1,7.3,1,0.15,18.0,31.5,64.5,86.2
2025-09-18,MN04,491.9,450.3,41.6,0,0.0,0,1.7,26.1,31.9,69.7,97.5
2025-09-19,MN04,491.8,442.2,49.6,1,3.6,1,2.72,16.2,30.1,76.8,95.2
2025-09-20,MN04,491.7,504.3,0.0,0,0.0,0,0.85,21.5,26.0,82.7,96.7
2025-09-21,MN04,491.6,422.7,69.0,1,5.7,1,1.32,26.9,21.3,82.3,95.0
2025-09-22,MN04,491.6,484.3,7.3,0,0.0,0,0.35,6.7,22.0,69.1,94.2
2025-09-23,MN04,491.5,472.0,19.5,0,0.0,0,1.11,18.7,28.8,66.1,96.2
2025-09-24,MN04,491.5,411.9,79.6,1,0.0,0,0.03,14.9,27.9,67.7,77.7
2025-09-25,MN04,491.4,475.7,15.7,0,0.0,0,0.97,4.2,25.4,74.8,92.4
2025-09-26,MN04,491.4,511.3,0.0,0,0.0,0,0.03,0.0,21.3,92.2,100.0
2025-09-27,MN04,491.4,451.2,40.1,0,4.5,1,1.75,20.6,17.8,80.3,91.9
2025-09-28,MN04,491.3,487.6,3.7,0,0.0,0,0.24,18.9,26.6,74.5,89.8
2025-09-29,MN04,491.3,483.4,7.9,0,0.0,0,1.0,16.0,33.0,63.2,97.0
2025-09-30,MN04,491.3,413.5,77.8,1,0.0,0,0.08,31.1,27.0,80.4,79.9
2025-10-01,MN04,491.3,470.5,20.8,0,0.0,0,0.39,3.9,29.5,52.7,89.4
2025-10-02,MN04,491.3,437.0,54.3,1,6.0,1,1.61,0.0,25.1,37.2,92.6
2025-10-03,MN04,491.3,457.5,33.8,0,0.0,0,4.13,1.5,20.5,52.2,94.4
2025-10-04,MN04,491.4,484.6,6.8,0,5.5,1,0.36,0.0,32.5,40.6,87.8
2025-10-05,MN04,491.4,479.9,11.5,0,0.0,0,0.45,5.1,24.9,27.8,88.9
2025-10-06,MN04,491.4,494.6,0.0,0,0.0,0,0.19,7.2,30.8,45.8,95.6
2025-10-07,MN04,491.5,430.2,61.3,1,3.6,1,3.97,4.0,31.4,52.5,97.4
2025-10-08,MN04,491.5,492.9,0.0,0,0.0,0,0.1,1.4,25.6,50.6,96.7
2025-10-09,MN04,491.6,464.8,26.8,0,3.2,1,1.51,0.0,31.1,44.0,96.8
2025-10-10,MN04,491.7,489.6,2.1,0,0.0,0,0.12,5.0,25.3,54.5,91.9
2025-10-11,MN04,491.7,443.4,48.3,0,0.0,0,0.49,4.2,23.9,33.6,85.5
2025-10-12,MN04,491.8,472.6,19.2,0,0.0,0,1.44,0.0,26.6,30.5,99.7
2025-10-13,MN04,491.9,480.1,11.8,0,0.0,0,1.14,6.0,29.6,45.4,91.2
2025-10-14,MN04,492.0,489.5,2.5,0,0.0,0,0.18,4.0,22.6,36.9,98.5
2025-10-15,MN04,492.1,420.5,71.7,1,8.0,1,0.54,8.2,27.5,44.8,86.3
2025-10-16,MN04,492.3,475.2,17.1,0,0.0,0,1.44,0.0,19.6,43.8,89.7
2025-10-17,MN04,492.4,479.9,12.5,0,0.0,0,1.03,1.5,25.9,31.0,94.2
2025-10-18,MN04,492.5,470.9,21.6,0,0.0,0,0.33,0.0,21.4,38.3,87.4
2025-10-19,MN04,492.6,486.7,5.9,0,0.0,0,0.08,0.3,27.0,32.4,99.5
2025-10-20,MN04,492.8,509.9,0.0,0,0.0,0,0.93,1.9,24.8,55.3,92.2
2025-10-21,MN04,492.9,478.6,14.3,0,0.0,0,0.12,1.4,23.5,47.0,87.6
2025-10-22,MN04,493.1,479.1,13.9,0,0.0,0,0.13,0.0,29.8,44.9,100.0
2025-10-23,MN04,493.3,469.0,24.2,0,0.0,0,0.81,4.4,28.1,38.1,91.1
2025-10-24,MN04,493.4,413.4,80.0,1,13.6,2,0.18,0.0,24.5,44.1,94.0
2025-10-25,MN04,493.6,480.7,12.9,0,0.0,0,1.47,0.0,32.7,57.9,98.7
2025-10-26,MN04,493.8,445.9,47.9,0,3.7,1,0.66,1.7,24.7,47.1,84.2
2025-10-27,MN04,494.0,399.9,94.1,1,4.3,1,3.13,2.4,26.9,47.9,81.1
2025-10-28,MN04,494.2,422.0,72.2,1,6.5,1,2.55,7.7,26.8,47.8,93.9
2025-10-29,MN04,494.4,469.5,24.9,0,0.0,0,4.33,0.0,26.9,64.3,100.0
2025-10-30,MN04,494.6,445.4,49.3,0,0.0,0,4.91,4.6,24.1,43.0,100.0
2025-10-31,MN04,494.8,486.8,8.0,0,0.0,0,0.1,0.0,24.6,53.5,88.7
2025-11-01,MN04,495.1,470.5,24.6,0,0.0,0,4.11,5.3,31.7,46.2,90.8
2025-11-02,MN04,495.3,452.4,42.9,0,6.8,1,1.28,1.6,25.0,29.2,97.7
2025-11-03,MN04,495.6,452.4,43.2,0,4.9,1,0.51,1.9,28.8,50.1,87.1
2025-11-04,MN04,495.8,442.6,53.2,1,7.7,2,1.49,5.6,27.7,53.6,97.6
2025-11-05,MN04,496.1,475.6,20.5,0,0.0,0,1.0,0.9,28.3,47.6,86.4
2025-11-06,MN04,496.3,485.4,10.9,0,0.0,0,0.9,0.6,30.9,42.3,88.3
2025-11-07,MN04,496.6,474.4,22.2,0,0.0,0,1.4,0.0,23.8,47.8,96.7
2025-11-08,MN04,496.9,488.2,8.6,0,0.0,0,0.67,2.5,23.9,20.2,96.7
2025-11-09,MN04,497.1,454.2,43.0,0,4.6,1,0.34,0.0,25.4,39.0,100.0
2025-11-10,MN04,497.4,492.1,5.3,0,0.0,0,0.31,4.4,26.5,36.0,100.0
2025-11-11,MN04,497.7,483.7,14.0,0,0.0,0,0.38,0.0,21.6,58.7,95.7
2025-11-12,MN04,498.0,434.9,63.1,1,0.0,0,7.69,6.2,32.1,33.8,95.3
2025-11-13,MN04,498.3,440.5,57.8,1,6.8,1,0.31,5.5,27.3,48.7,88.6
2025-11-14,MN04,498.6,470.1,28.5,0,0.0,0,3.81,0.8,25.8,38.6,97.4
2025-11-15,MN04,498.9,472.5,26.4,0,0.0,0,1.45,0.0,26.1,66.3,95.1
2025-11-16,MN04,499.2,473.1,26.1,0,5.4,1,0.11,3.5,25.7,42.0,93.5
2025-11-17,MN04,499.6,457.4,42.2,0,0.0,0,3.93,0.0,25.7,47.4,93.3
2025-11-18,MN04,499.9,472.8,27.1,0,4.1,1,1.43,0.4,27.8,53.1,93.2
2025-11-19,MN04,500.2,473.5,26.7,0,0.0,0,0.71,2.5,35.0,48.9,85.0
2025-11-20,MN04,500.6,465.8,34.8,0,0.0,0,1.18,3.5,32.2,25.8,99.2
2025-11-21,MN04,500.9,484.1,16.8,0,0.0,0,0.85,0.0,25.4,37.8,96.9
2025-11-22,MN04,501.3,501.3,0.0,0,0.0,0,0.01,1.7,26.0,62.2,92.0
2025-11-23,MN04,501.6,469.9,31.8,0,6.7,1,1.95,0.1,27.6,49.5,88.2
2025-11-24,MN04,502.0,486.9,15.1,0,0.0,0,0.9,0.0,30.3,47.2,90.4
2025-11-25,MN04,502.3,473.3,29.0,0,6.3,1,0.26,4.3,21.0,44.8,91.5
2025-11-26,MN04,502.7,490.8,11.9,0,0.0,0,0.81,0.7,30.6,43.2,100.0
2025-11-27,MN04,503.1,450.3,52.8,1,7.3,1,0.11,1.0,22.4,49.6,89.8
2025-11-28,MN04,503.5,501.5,2.0,0,0.0,0,0.07,0.0,22.7,38.9,91.9
2025-11-29,MN04,503.8,485.6,18.3,0,0.0,0,0.64,3.6,26.8,58.2,100.0
2025-11-30,MN04,504.2,481.7,22.6,0,0.0,0,0.07,0.9,24.2,48.0,85.9
2025-12-01,MN04,504.6,506.4,0.0,0,0.0,0,0.71,1.7,23.6,36.8,92.6
2025-12-02,MN04,505.0,475.4,29.6,0,0.0,0,0.88,3.8,27.4,48.1,97.0
2025-12-03,MN04,505.4,435.8,69.6,1,7.8,1,2.73,2.8,29.2,45.3,88.6
2025-12-04,MN04,505.8,497.5,8.2,0,0.0,0,0.9,0.0,26.8,38.8,99.4
2025-12-05,MN04,506.2,514.8,0.0,0,0.0,0,0.4,7.2,24.9,50.4,95.4
2025-12-06,MN04,506.6,452.7,53.9,1,6.0,1,0.03,4.4,27.4,43.4,97.4
2025-12-07,MN04,507.0,428.8,78.2,1,6.8,1,1.99,0.0,22.3,50.4,87.8
2025-12-08,MN04,507.4,461.2,46.2,0,0.0,0,0.27,2.2,30.8,53.6,83.0
2025-12-09,MN04,507.8,520.2,0.0,0,0.0,0,0.23,4.6,25.6,38.2,99.3
2025-12-10,MN04,508.3,455.5,52.7,1,0.0,0,0.34,1.5,30.0,43.9,77.2
2025-12-11,MN04,508.7,521.4,0.0,0,0.0,0,1.14,5.4,29.0,37.5,92.7
2025-12-12,MN04,509.1,492.0,17.1,0,0.0,0,0.3,2.5,24.1,24.5,89.9
2025-12-13,MN04,509.5,425.2,84.4,1,6.4,2,1.42,5.2,31.1,50.0,82.2
2025-12-14,MN04,509.9,391.0,118.9,1,13.2,2,1.93,2.3,25.2,36.0,99.5
2025-12-15,MN04,510.4,479.8,30.6,0,0.0,0,0.03,2.5,21.3,44.2,88.5
2025-12-16,MN04,510.8,459.3,51.5,1,0.0,0,2.26,4.5,26.3,39.1,84.2
2025-12-17,MN04,511.2,515.5,0.0,0,0.0,0,1.71,4.0,24.1,47.2,92.5
2025-12-18,MN04,511.7,467.2,44.5,0,0.0,0,1.6,0.0,36.5,41.7,82.6
2025-12-19,MN04,512.1,452.8,59.3,1,9.2,1,0.26,0.2,31.9,41.1,100.0
2025-12-20,MN04,512.5,483.1,29.5,0,0.0,0,2.5,0.0,27.5,34.1,93.9
2025-12-21,MN04,513.0,501.0,12.0,0,0.0,0,0.12,2.1,32.7,53.8,89.3
2025-12-22,MN04,513.4,458.2,55.2,1,7.0,2,0.9,3.6,23.1,54.3,98.7
2025-12-23,MN04,513.9,483.9,30.0,0,3.7,1,1.92,3.9,33.0,52.2,94.1
2025-12-24,MN04,514.3,499.7,14.6,0,0.0,0,1.93,2.6,28.6,38.5,92.3
2025-12-25,MN04,514.8,414.2,100.6,1,7.4,1,0.89,1.3,34.3,36.4,86.8
2025-12-26,MN04,515.2,484.7,30.5,0,0.0,0,0.06,1.2,33.4,40.6,86.7
2025-12-27,MN04,515.6,486.5,29.2,0,0.0,0,0.93,0.0,27.4,41.0,91.0
2025-12-28,MN04,516.1,452.3,63.8,1,7.4,1,1.82,0.6,19.3,37.3,93.9
2025-12-29,MN04,516.5,403.8,112.8,1,7.1,1,1.18,0.0,36.8,21.0,79.5
2025-12-30,MN04,517.0,482.8,34.2,0,0.0,0,2.52,1.7,37.6,44.5,100.0
2025-12-31,MN04,517.4,508.8,8.7,0,0.0,0,0.13,6.3,27.3,55.1,98.4
2026-01-01,MN04,517.6,509.9,7.7,0,0.0,0,0.09,3.2,29.2,66.5,92.1
2026-01-02,MN04,518.1,472.0,46.1,0,3.9,1,0.79,0.0,27.5,42.0,87.0
2026-01-03,MN04,518.5,471.2,47.3,0,0.0,0,0.28,0.0,24.9,31.8,98.5
2026-01-04,MN04,519.0,516.1,2.8,0,0.0,0,0.68,1.0,30.3,41.2,100.0
2026-01-05,MN04,519.4,490.3,29.1,0,0.0,0,1.06,0.1,26.3,55.2,88.0
2026-01-06,MN04,519.8,506.6,13.2,0,0.0,0,0.86,0.2,34.4,50.2,97.0
2026-01-07,MN04,520.3,463.8,56.5,1,4.8,1,1.12,6.8,25.6,49.2,89.5
2026-01-08,MN04,520.7,491.0,29.8,0,2.2,1,0.53,0.0,27.2,32.1,88.9
2026-01-09,MN04,521.2,436.4,84.8,1,6.2,1,2.3,0.5,29.0,44.8,95.7
2026-01-10,MN04,521.6,501.5,20.1,0,0.0,0,1.27,0.0,31.9,48.0,91.8
2026-01-11,MN04,522.0,470.5,51.6,0,0.0,0,1.82,1.5,32.6,24.5,84.5
2026-01-12,MN04,522.5,507.6,14.9,0,0.0,0,0.33,0.4,21.1,59.2,97.5
2026-01-13,MN04,522.9,516.6,6.3,0,0.0,0,0.41,0.0,23.0,35.4,91.8
2026-01-14,MN04,523.4,513.1,10.3,0,0.0,0,2.45,4.4,30.2,53.9,94.5
2026-01-15,MN04,523.8,531.3,0.0,0,0.0,0,0.76,3.5,25.2,45.7,96.6
2026-01-16,MN04,524.2,507.1,17.2,0,0.0,0,0.91,2.7,26.1,56.1,83.9
2026-01-17,MN04,524.6,529.6,0.0,0,0.0,0,0.38,0.0,29.2,53.6,95.9
2026-01-18,MN04,525.1,448.5,76.6,1,6.4,1,1.63,0.4,29.4,40.4,88.4
2026-01-19,MN04,525.5,467.4,58.1,1,6.9,1,0.81,2.0,26.4,47.6,100.0
2026-01-20,MN04,525.9,536.3,0.0,0,0.0,0,0.43,2.6,22.0,28.3,89.3
2026-01-21,MN04,526.3,521.4,4.9,0,0.0,0,1.04,3.5,28.0,54.5,98.5
2026-01-22,MN04,526.7,506.7,20.0,0,0.0,0,1.73,2.3,26.8,42.3,100.0
2026-01-23,MN04,527.2,485.4,41.8,0,0.0,0,1.08,0.0,23.0,43.0,86.6
2026-01-24,MN04,527.6,509.8,17.8,0,0.0,0,0.7,0.0,25.1,38.5,87.4
2026-01-25,MN04,528.0,470.2,57.8,1,5.5,1,0.77,2.0,26.0,53.1,89.0
2026-01-26,MN04,528.4,517.2,11.2,0,0.0,0,0.46,5.1,31.9,44.0,94.1
2026-01-27,MN04,528.8,464.0,64.8,1,5.4,1,1.82,3.1,23.7,45.1,96.9
2026-01-28,MN04,529.2,506.5,22.7,0,0.0,0,0.76,4.7,25.9,50.9,86.1
2026-01-29,MN04,529.6,527.5,2.1,0,0.0,0,2.26,3.0,28.0,20.0,90.2
2026-01-30,MN04,530.0,517.0,12.9,0,0.0,0,0.7,0.0,27.8,31.8,95.3
2026-01-31,MN04,530.3,497.0,33.4,0,0.0,0,0.98,5.2,26.9,59.1,95.0
2026-02-01,MN04,530.7,516.2,14.5,0,0.0,0,1.45,0.0,21.9,55.3,100.0
2026-02-02,MN04,531.1,484.9,46.2,0,0.0,0,0.19,2.2,24.9,42.3,81.7
2026-02-03,MN04,531.5,521.4,10.1,0,0.0,0,0.06,0.0,27.1,63.4,87.5
2026-02-04,MN04,531.8,530.1,1.8,0,0.0,0,0.4,3.0,32.5,44.9,87.6
2026-02-05,MN04,532.2,554.3,0.0,0,0.0,0,0.7,2.0,23.5,37.8,95.8
2026-02-06,MN04,532.6,468.3,64.2,1,6.7,1,1.15,0.0,29.7,48.3,100.0
2026-02-07,MN04,532.9,453.8,79.2,1,9.1,2,0.95,6.2,32.8,52.1,86.1
2026-02-08,MN04,533.3,507.5,25.8,0,6.3,1,0.37,0.0,34.1,34.2,87.2
2026-02-09,MN04,533.6,476.0,57.6,1,3.1,1,3.56,8.0,26.7,49.5,93.7
2026-02-10,MN04,534.0,474.1,59.9,1,4.7,1,1.62,0.0,22.3,26.2,86.5
2026-02-11,MN04,534.3,521.5,12.8,0,0.0,0,1.6,4.9,29.2,45.5,99.0
2026-02-12,MN04,534.6,493.2,41.5,0,0.0,0,0.45,2.6,20.6,47.3,88.2
2026-02-13,MN04,535.0,543.9,0.0,0,0.0,0,1.22,2.0,29.6,46.3,93.9
2026-02-14,MN04,535.3,515.2,20.1,0,5.2,1,0.04,3.0,30.6,48.6,97.2
2026-02-15,MN04,535.6,513.2,22.4,0,0.0,0,1.81,0.0,29.7,55.8,93.0
2026-02-16,MN04,535.9,541.9,0.0,0,0.0,0,1.5,3.2,35.8,44.1,90.5
2026-02-17,MN04,536.2,370.4,165.8,1,9.6,2,4.27,4.6,26.7,54.6,77.8
2026-02-18,MN04,536.5,476.0,60.5,1,6.0,1,0.26,1.7,24.2,50.8,87.1
2026-02-19,MN04,536.8,500.7,36.1,0,0.0,0,1.36,4.1,34.5,55.6,87.3
2026-02-20,MN04,537.1,498.0,39.1,0,2.4,1,1.14,1.7,35.9,38.6,91.8
2026-02-21,MN04,537.4,462.2,75.2,1,6.5,1,0.77,4.9,22.2,48.0,85.7
2026-02-22,MN04,537.6,542.9,0.0,0,0.0,0,0.11,5.9,20.3,40.7,92.1
2026-02-23,MN04,537.9,531.2,6.7,0,0.0,0,0.22,4.3,28.7,31.0,99.4
2026-02-24,MN04,538.2,529.2,8.9,0,0.0,0,1.77,0.0,29.1,41.5,96.6
2026-02-25,MN04,538.4,528.3,10.1,0,0.0,0,1.95,1.1,32.6,30.5,89.1
2026-02-26,MN04,538.7,525.8,12.8,0,0.0,0,1.3,4.9,31.2,45.9,100.0
2026-02-27,MN04,538.9,535.9,3.0,0,0.0,0,0.54,0.2,27.0,37.3,100.0
2026-02-28,MN04,539.2,540.0,0.0,0,0.0,0,0.27,4.8,26.0,49.3,94.3
2026-03-01,MN04,539.4,561.8,0.0,0,0.0,0,1.65,1.8,29.3,54.1,93.4
2026-03-02,MN04,539.6,524.3,15.3,0,0.0,0,0.01,4.2,20.4,47.5,94.7
2026-03-03,MN04,539.8,542.6,0.0,0,0.0,0,0.65,1.2,36.7,62.9,94.7
2026-03-04,MN04,540.1,486.0,54.1,1,0.0,0,2.23,3.8,31.7,58.6,84.4
2026-03-05,MN04,540.3,478.9,61.4,1,1.6,1,0.74,0.0,21.6,49.1,82.1
2026-03-06,MN04,540.5,536.1,4.4,0,0.0,0,0.51,0.0,31.5,49.3,98.9
2026-03-07,MN04,540.6,503.2,37.4,0,0.0,0,3.28,1.2,26.7,41.1,88.7
2026-03-08,MN04,540.8,537.6,3.2,0,0.0,0,0.05,0.0,22.6,28.8,99.9
2026-03-09,MN04,541.0,463.2,77.9,1,5.5,1,3.65,4.5,30.0,39.4,99.1
2026-03-10,MN04,541.2,416.8,124.4,1,12.6,2,3.75,1.5,31.9,32.5,92.8
2026-03-11,MN04,541.3,541.1,0.3,0,0.0,0,0.11,2.8,29.1,49.9,91.9
2026-03-12,MN04,541.5,452.4,89.0,1,7.5,1,1.83,5.6,24.4,42.3,89.7
2026-03-13,MN04,541.6,511.8,29.9,0,0.0,0,2.3,4.2,30.3,41.0,93.8
2026-03-14,MN04,541.8,514.4,27.4,0,4.2,1,0.67,0.3,25.5,45.0,99.5
2026-03-15,MN04,541.9,507.8,34.1,0,0.0,0,0.57,7.5,27.0,29.9,90.1
2026-03-16,MN04,542.0,508.1,33.9,0,3.0,1,0.37,0.0,28.9,40.3,91.3
2026-03-17,MN04,542.2,474.0,68.2,1,6.8,1,1.17,0.0,22.4,39.4,86.4
2026-03-18,MN04,542.3,508.1,34.2,0,0.0,0,0.49,2.8,26.5,26.5,85.0
2026-03-19,MN04,542.4,449.0,93.4,1,0.0,0,6.97,0.0,24.0,40.3,91.1
2026-03-20,MN04,542.5,508.9,33.5,0,0.0,0,2.71,3.6,38.6,35.8,95.4
2026-03-21,MN04,542.6,512.9,29.7,0,0.0,0,0.52,0.0,25.4,24.7,92.0
2026-03-22,MN04,542.6,519.4,23.2,0,0.0,0,0.33,0.0,23.7,36.6,86.3
2026-03-23,MN04,542.7,546.0,0.0,0,0.0,0,1.92,0.0,26.0,36.6,91.6
2026-03-24,MN04,542.8,534.4,8.4,0,0.0,0,0.04,0.0,31.8,45.9,93.6
2026-03-25,MN04,542.8,508.2,34.6,0,0.0,0,1.32,1.2,19.5,28.9,83.7
2026-03-26,MN04,542.9,524.3,18.6,0,0.0,0,2.72,2.9,27.8,43.1,99.3
2026-03-27,MN04,542.9,484.7,58.2,1,3.0,1,3.17,3.3,26.4,50.4,100.0
2026-03-28,MN04,543.0,538.6,4.4,0,0.0,0,0.62,0.0,32.1,64.9,94.3
2026-03-29,MN04,543.0,470.1,72.9,1,5.4,1,2.72,0.2,23.8,46.4,86.8
2026-03-30,MN04,543.0,528.4,14.7,0,0.0,0,0.07,0.5,27.7,34.8,94.3
2026-03-31,MN04,543.0,520.3,22.7,0,0.0,0,0.7,1.1,25.2,46.6,96.7
2026-04-01,MN04,543.0,507.7,35.4,0,0.0,0,3.12,2.9,27.1,50.1,88.2
2026-04-02,MN04,543.0,456.5,86.6,1,4.8,1,2.05,3.9,37.3,44.1,90.4
2026-04-03,MN04,543.0,477.7,65.3,1,5.7,1,0.63,0.6,31.0,35.7,95.4
2026-04-04,MN04,543.0,513.7,29.3,0,0.0,0,0.67,3.2,42.5,38.2,83.9
2026-04-05,MN04,543.0,480.4,62.6,1,7.9,1,1.6,0.9,31.2,29.4,95.4
2026-04-06,MN04,542.9,517.2,25.8,0,0.0,0,1.14,0.0,40.5,52.5,100.0
2026-04-07,MN04,542.9,510.6,32.3,0,0.0,0,0.47,0.0,29.5,34.0,94.5
2026-04-08,MN04,542.8,532.3,10.6,0,0.0,0,1.08,0.0,32.8,43.4,92.5
2026-04-09,MN04,542.8,417.4,125.4,1,12.3,2,2.29,1.1,33.6,39.7,93.0
2026-04-10,MN04,542.7,518.5,24.2,0,0.0,0,0.01,3.8,41.5,36.1,93.3
2026-04-11,MN04,542.7,470.7,72.0,1,6.8,1,2.69,4.4,23.9,45.8,88.7
2026-04-12,MN04,542.6,556.2,0.0,0,0.0,0,0.52,0.0,32.3,38.0,87.0
2026-04-13,MN04,542.5,475.6,66.8,1,6.4,1,0.99,3.2,36.3,43.3,84.1
2026-04-14,MN04,542.4,567.7,0.0,0,0.0,0,0.2,0.0,30.6,67.2,95.8
2026-04-15,MN04,542.3,494.2,48.1,0,0.0,0,1.15,5.8,24.7,51.0,87.4
2026-04-16,MN04,542.2,477.0,65.2,1,0.0,0,5.19,0.0,31.1,20.0,91.9
2026-04-17,MN04,542.1,542.0,0.1,0,0.0,0,0.11,0.0,36.7,30.8,95.6
2026-04-18,MN04,541.9,529.3,12.7,0,0.0,0,0.1,0.0,32.7,39.1,92.4
2026-04-19,MN04,541.8,436.7,105.1,1,11.1,1,1.32,1.1,34.0,37.3,90.0
2026-04-20,MN04,541.7,517.2,24.4,0,0.0,0,0.78,1.3,31.3,32.1,87.9
2026-04-21,MN04,541.5,527.4,14.1,0,0.0,0,0.14,3.5,24.8,20.0,100.0
2026-04-22,MN04,541.4,482.5,58.9,1,2.8,1,1.43,6.9,32.9,43.2,91.4
2026-04-23,MN04,541.2,461.8,79.4,1,4.4,1,2.56,3.4,37.0,39.1,86.6
2026-04-24,MN04,541.0,542.3,0.0,0,0.0,0,0.59,0.0,32.0,50.2,91.0
2026-04-25,MN04,540.9,515.2,25.6,0,0.0,0,2.11,1.0,30.3,37.4,91.4
2026-04-26,MN04,540.7,519.5,21.1,0,0.0,0,1.81,4.2,41.3,34.7,95.0
2026-04-27,MN04,540.5,514.6,25.8,0,0.5,1,1.39,1.1,36.8,36.9,99.1
2026-04-28,MN04,540.3,467.0,73.3,1,7.9,2,1.32,4.6,40.5,43.3,96.3
2026-04-29,MN04,540.1,565.2,0.0,0,0.0,0,0.84,0.0,31.7,34.0,94.6
2026-04-30,MN04,539.9,516.8,23.1,0,0.0,0,0.58,0.0,39.1,54.7,86.1
2026-05-01,MN04,539.7,538.8,0.9,0,0.5,1,0.08,0.9,30.2,54.4,92.7
2026-05-02,MN04,539.4,537.5,1.9,0,0.0,0,0.03,0.6,34.1,39.5,94.9
2026-05-03,MN04,539.2,548.9,0.0,0,0.0,0,0.88,0.0,31.0,48.9,100.0
2026-05-04,MN04,539.0,529.2,9.8,0,0.0,0,0.31,0.0,38.6,48.5,92.2
2026-05-05,MN04,538.7,510.0,28.8,0,0.0,0,0.59,2.3,36.3,49.9,85.3
2026-05-06,MN04,538.5,446.0,92.5,1,6.5,1,3.53,6.9,36.2,27.0,94.9
2026-05-07,MN04,538.2,525.5,12.7,0,0.0,0,1.33,0.0,32.8,45.7,91.4
2026-05-08,MN04,538.0,525.0,13.0,0,0.0,0,1.65,1.1,33.7,24.8,96.0
2026-05-09,MN04,537.7,476.4,61.3,1,0.0,0,2.25,0.1,32.6,49.1,82.4
2026-05-10,MN04,537.4,538.0,0.0,0,0.0,0,0.35,3.7,35.2,52.1,100.0
2026-05-11,MN04,537.1,528.2,8.9,0,0.0,0,0.1,0.0,33.1,36.4,94.7
2026-05-12,MN04,536.9,492.2,44.6,0,6.8,1,0.81,1.7,37.5,54.8,100.0
2026-05-13,MN04,536.6,478.6,57.9,1,0.0,0,0.32,2.2,42.8,40.5,87.7
2026-05-14,MN04,536.3,509.7,26.6,0,0.0,0,1.96,7.8,36.3,20.0,89.2
2026-05-15,MN04,536.0,529.6,6.4,0,0.0,0,0.24,3.4,32.5,34.7,89.0
2026-05-16,MN04,535.7,478.2,57.5,1,5.9,1,0.07,6.6,39.9,35.6,93.2
2026-05-17,MN04,535.3,511.3,24.0,0,0.0,0,0.46,2.7,35.3,35.6,97.4
2026-05-18,MN04,535.0,485.1,49.9,0,0.0,0,1.55,1.5,39.8,41.2,95.7
2026-05-19,MN04,534.7,538.9,0.0,0,4.0,1,1.48,6.6,36.3,41.1,100.0
2026-05-20,MN04,534.4,429.0,105.3,1,8.2,2,2.72,2.5,35.9,37.2,94.0
2026-05-21,MN04,534.0,513.9,20.2,0,0.0,0,1.59,5.4,38.5,39.6,90.8
2026-05-22,MN04,533.7,474.5,59.2,1,5.6,1,1.75,0.0,30.6,33.3,91.0
2026-05-23,MN04,533.4,506.8,26.5,0,0.0,0,1.86,0.0,35.6,56.7,92.6
2026-05-24,MN04,533.0,523.3,9.7,0,0.0,0,0.61,0.0,32.0,45.1,93.0
2026-05-25,MN04,532.6,511.2,21.4,0,0.0,0,0.84,0.0,35.9,43.0,100.0
2026-05-26,MN04,532.3,468.3,64.0,1,1.6,1,2.64,0.0,35.1,43.1,88.6
2026-05-27,MN04,531.9,375.6,156.3,1,17.5,2,1.83,0.0,22.9,39.8,81.8
2026-05-28,MN04,531.6,522.9,8.6,0,0.0,0,0.27,3.1,28.7,37.1,87.8
2026-05-29,MN04,531.2,499.7,31.5,0,0.0,0,1.76,2.9,32.6,45.0,88.6
2026-05-30,MN04,530.8,484.0,46.8,0,7.5,1,0.1,1.1,39.1,37.3,100.0
2026-05-31,MN04,530.4,485.3,45.1,0,4.4,1,0.4,2.6,42.3,46.4,97.5
2026-06-01,MN04,530.0,516.0,14.1,0,0.0,0,0.72,26.4,31.5,81.3,86.4
2026-06-02,MN04,529.7,485.8,43.8,0,3.4,1,0.9,20.9,25.2,60.6,90.0
2026-06-03,MN04,529.3,538.2,0.0,0,0.0,0,0.33,15.6,32.9,70.8,100.0
2026-06-04,MN04,528.9,431.0,97.8,1,7.3,1,3.01,25.5,31.7,73.4,85.0
2026-06-05,MN04,528.5,463.4,65.0,1,4.7,1,0.18,19.2,31.2,63.1,100.0
2026-06-06,MN04,528.1,513.9,14.2,0,0.0,0,1.37,13.7,29.2,96.0,100.0
2026-06-07,MN04,527.7,514.8,12.9,0,0.0,0,1.27,17.1,29.6,87.9,100.0
2026-06-08,MN04,527.2,498.5,28.8,0,0.0,0,0.3,24.0,34.6,66.1,92.6
2026-06-09,MN04,526.8,480.4,46.4,0,0.0,0,1.51,9.5,28.0,61.1,93.2
2026-06-10,MN04,526.4,421.3,105.1,1,8.8,2,4.44,19.6,28.9,76.8,90.4
2026-06-11,MN04,526.0,467.9,58.1,1,0.0,0,0.22,5.0,30.5,84.2,82.7
2026-06-12,MN04,525.6,429.5,96.0,1,11.4,2,0.6,16.0,27.3,77.5,83.8
2026-06-13,MN04,525.2,484.6,40.5,0,0.0,0,0.88,25.3,26.5,68.9,89.6
2026-06-14,MN04,524.7,512.5,12.2,0,0.0,0,0.08,10.7,23.3,74.9,92.3
2026-06-15,MN04,524.3,519.4,4.9,0,0.0,0,1.64,5.4,37.9,81.3,93.8
2026-06-16,MN04,523.9,484.9,39.0,0,0.0,0,0.09,24.1,36.3,92.6,87.9
2026-06-17,MN04,523.4,533.2,0.0,0,0.0,0,0.33,10.7,33.3,84.0,92.3
2026-06-18,MN04,523.0,501.2,21.8,0,0.0,0,0.48,24.3,19.4,78.9,84.7
2026-06-19,MN04,522.6,512.0,10.6,0,0.0,0,0.4,29.4,29.5,64.1,100.0
2026-06-20,MN04,522.1,487.6,34.5,0,0.0,0,0.64,14.5,29.7,65.8,99.5
2026-06-21,MN04,521.7,507.1,14.6,0,0.0,0,0.18,12.5,34.9,87.0,96.7
2026-06-22,MN04,521.3,514.5,6.7,0,0.0,0,0.46,21.4,21.9,84.5,98.7
2026-06-23,MN04,520.8,497.6,23.2,0,0.0,0,0.32,33.4,16.6,94.0,91.1
2026-06-24,MN04,520.4,471.0,49.3,0,0.0,0,5.2,8.9,23.8,52.9,93.0
2026-06-25,MN04,519.9,441.8,78.1,1,0.0,0,0.09,21.6,16.5,80.8,75.5
2026-06-26,MN04,519.5,475.1,44.4,0,0.0,0,2.01,15.7,18.3,72.2,92.3
2026-06-27,MN04,519.0,513.2,5.8,0,0.0,0,0.48,14.4,23.0,67.2,96.5
2026-06-28,MN04,518.6,502.8,15.8,0,0.0,0,0.1,23.6,28.9,65.2,98.9
2026-06-29,MN04,518.2,493.6,24.5,0,0.0,0,1.47,11.5,29.9,71.5,95.1
2026-06-30,MN04,517.7,484.3,33.4,0,2.7,1,0.35,26.0,32.0,75.8,93.4
2026-07-01,MN04,517.3,490.1,27.2,0,2.6,1,1.1,18.3,24.6,80.6,87.5
2026-07-02,MN04,516.8,501.0,15.8,0,0.0,0,0.36,12.7,29.0,67.6,97.8
2026-07-03,MN04,516.4,475.5,40.9,0,0.0,0,0.84,20.6,31.8,69.2,100.0
2026-07-04,MN04,515.9,442.0,73.9,1,12.4,2,0.5,19.0,26.5,76.6,88.7
2026-07-05,MN04,515.5,505.6,9.8,0,0.0,0,1.05,9.6,21.7,85.3,98.0
2026-07-06,MN04,515.0,470.4,44.6,0,7.3,1,0.6,12.2,19.2,62.7,94.0
2026-07-07,MN04,514.6,433.4,81.2,1,5.9,1,2.92,25.1,32.6,71.5,91.2
2026-07-08,MN04,514.2,462.3,51.9,1,0.0,0,1.24,31.6,23.1,89.5,97.0
2026-07-09,MN04,513.7,440.3,73.4,1,0.0,0,0.39,29.9,31.2,68.3,84.2
2026-07-10,MN04,513.3,483.4,29.9,0,0.0,0,1.54,12.4,24.4,61.8,92.9
2026-07-11,MN04,512.8,474.1,38.8,0,0.0,0,2.09,27.4,28.7,91.5,99.9
2026-07-12,MN04,512.4,459.0,53.4,1,0.0,0,0.66,27.6,21.8,68.2,87.9
2026-07-13,MN04,512.0,438.2,73.8,1,4.8,1,0.0,27.2,35.5,76.1,84.7
2026-07-14,MN04,511.5,508.8,2.7,0,0.0,0,1.91,16.8,18.5,76.7,92.0
2026-07-15,MN04,511.1,449.9,61.1,1,0.0,0,0.23,8.7,25.6,70.2,81.3
2026-07-16,MN04,510.6,434.9,75.7,1,0.0,0,0.22,30.6,23.0,90.9,78.8
2026-07-17,MN04,510.2,476.0,34.2,0,0.0,0,0.25,29.1,26.3,71.5,97.8
2026-07-18,MN04,509.8,482.0,27.8,0,3.3,1,0.22,9.9,25.6,62.8,100.0
2026-07-19,MN04,509.4,466.5,42.8,0,0.0,0,1.35,7.3,21.5,64.9,88.9
2026-07-20,MN04,508.9,521.0,0.0,0,0.0,0,0.22,15.2,31.6,61.3,90.7
2026-07-21,MN04,508.5,455.0,53.5,1,1.7,1,1.18,26.9,27.4,81.1,87.6
2026-07-22,MN04,508.1,480.3,27.8,0,0.0,0,2.42,11.5,25.5,76.1,89.8
2026-07-23,MN04,507.7,516.4,0.0,0,0.0,0,0.52,17.5,28.1,84.4,100.0
2026-07-24,MN04,507.3,424.7,82.6,1,3.6,1,2.24,17.4,27.0,60.4,83.3
2026-07-25,MN04,506.9,525.7,0.0,0,0.0,0,0.1,7.0,27.0,82.8,93.5
2026-07-26,MN04,506.5,487.1,19.4,0,0.0,0,0.75,20.5,24.9,85.8,87.0
2026-07-27,MN04,506.0,500.7,5.3,0,0.0,0,0.96,22.7,27.0,71.0,97.0
2026-07-28,MN04,505.6,480.4,25.3,0,5.5,1,0.27,10.2,19.2,84.7,94.2
2026-07-29,MN04,505.3,492.8,12.4,0,0.0,0,0.06,24.8,26.7,72.8,93.2
2026-07-30,MN04,504.9,474.6,30.3,0,0.0,0,1.28,7.8,24.6,80.3,94.2
2026-07-31,MN04,504.5,423.5,81.0,1,3.9,1,0.63,25.5,24.7,72.5,87.0
2026-08-01,MN04,504.1,424.6,79.4,1,6.8,1,0.52,25.7,29.4,65.9,90.4
2026-08-02,MN04,503.7,398.7,105.0,1,6.9,1,0.77,29.3,30.0,81.8,96.3
2026-08-03,MN04,503.3,433.7,69.6,1,9.1,2,0.92,18.9,26.1,77.7,91.6
2026-08-04,MN04,502.9,500.6,2.3,0,0.0,0,0.35,1.6,28.7,98.0,95.5
2026-08-05,MN04,502.6,455.5,47.1,0,3.2,1,0.36,22.3,26.4,91.3,93.2
2026-08-06,MN04,502.2,461.8,40.4,0,0.0,0,1.59,11.0,28.2,59.2,100.0
2026-08-07,MN04,501.8,440.6,61.3,1,5.2,1,0.36,30.8,18.0,79.1,92.7
2026-08-08,MN04,501.5,522.4,0.0,0,0.0,0,0.18,2.3,28.7,59.0,91.4
2026-08-09,MN04,501.1,514.3,0.0,0,0.0,0,0.38,2.2,35.2,98.0,90.0
2026-08-10,MN04,500.8,444.3,56.5,1,0.0,0,2.79,13.2,26.8,71.4,84.9
2026-08-11,MN04,500.4,454.7,45.7,0,0.0,0,1.46,26.6,24.2,61.9,91.3
2026-08-12,MN04,500.1,474.6,25.5,0,0.0,0,1.57,23.0,26.8,67.8,100.0
2026-08-13,MN04,499.8,471.2,28.6,0,3.9,1,3.8,5.0,31.8,87.3,93.8
2026-08-14,MN04,499.5,467.5,32.0,0,0.0,0,2.6,27.4,24.6,72.9,88.3
2026-08-15,MN04,499.1,514.4,0.0,0,0.0,0,0.28,18.2,28.4,81.6,92.6
2026-08-16,MN04,498.8,478.0,20.8,0,1.8,1,0.39,14.3,23.2,75.0,93.7
2026-08-17,MN04,498.5,507.9,0.0,0,0.0,0,0.12,20.5,19.9,79.1,93.6
2026-08-18,MN04,498.2,526.1,0.0,0,0.0,0,0.58,17.2,26.6,74.4,94.0
2026-08-19,MN04,497.9,450.0,47.9,0,5.3,1,0.3,13.4,23.0,76.6,95.0
2026-08-20,MN04,497.6,407.8,89.8,1,5.3,1,3.17,14.3,28.9,70.0,86.5
2026-08-21,MN04,497.3,459.4,37.9,0,0.0,0,3.28,22.4,23.1,83.7,100.0
2026-08-22,MN04,497.0,506.7,0.0,0,0.0,0,0.38,24.8,30.5,52.6,92.3
2026-08-23,MN04,496.8,483.2,13.5,0,0.0,0,2.41,11.4,23.3,79.0,91.7
2024-08-24,MN05,388.6,378.7,9.9,0,0.0,0,0.11,19.9,33.2,74.7,91.2
2024-08-25,MN05,388.4,384.8,3.6,0,0.0,0,1.25,6.9,27.8,83.2,97.5
2024-08-26,MN05,388.2,379.5,8.8,0,0.0,0,0.75,11.3,31.6,90.9,90.9
2024-08-27,MN05,388.0,359.3,28.7,0,0.0,0,0.45,24.0,23.5,62.7,99.6
2024-08-28,MN05,387.8,375.1,12.7,0,0.0,0,1.74,13.5,27.0,71.8,88.5
2024-08-29,MN05,387.7,363.1,24.6,0,5.2,1,0.58,15.1,30.6,83.5,95.0
2024-08-30,MN05,387.5,376.4,11.1,0,0.0,0,0.65,18.3,27.9,89.1,90.4
2024-08-31,MN05,387.3,367.2,20.1,0,0.0,0,0.75,27.1,28.1,71.4,99.8
2024-09-01,MN05,387.1,353.9,33.2,0,0.0,0,2.6,16.6,26.5,66.8,86.6
2024-09-02,MN05,387.0,329.9,57.1,1,0.0,0,0.8,23.5,28.6,65.8,81.7
2024-09-03,MN05,386.8,336.5,50.3,1,6.5,1,0.52,28.4,19.4,74.4,98.2
2024-09-04,MN05,386.7,373.8,12.9,0,0.0,0,0.37,14.9,23.1,60.9,98.2
2024-09-05,MN05,386.5,374.2,12.3,0,0.0,0,2.29,2.2,25.7,67.2,88.4
2024-09-06,MN05,386.4,311.4,75.0,1,11.4,2,0.02,4.7,23.3,63.6,83.2
2024-09-07,MN05,386.3,385.4,0.9,0,0.0,0,1.2,7.8,28.9,87.2,100.0
2024-09-08,MN05,386.1,331.5,54.6,1,4.2,1,1.69,15.5,27.7,66.8,97.5
2024-09-09,MN05,386.0,377.5,8.5,0,0.0,0,1.37,17.0,27.0,83.7,100.0
2024-09-10,MN05,385.9,360.4,25.5,0,0.0,0,1.28,27.9,33.8,71.4,100.0
2024-09-11,MN05,385.8,393.0,0.0,0,0.0,0,1.29,15.9,25.8,58.4,100.0
2024-09-12,MN05,385.7,390.4,0.0,0,0.0,0,2.25,15.4,28.2,62.3,93.0
2024-09-13,MN05,385.6,359.1,26.4,0,0.0,0,0.4,33.3,29.0,87.8,92.9
2024-09-14,MN05,385.5,346.3,39.2,1,0.0,0,0.09,16.0,23.7,65.1,82.8
2024-09-15,MN05,385.4,410.1,0.0,0,0.0,0,1.49,10.9,24.4,81.9,100.0
2024-09-16,MN05,385.3,348.3,37.0,0,0.9,1,1.65,20.5,25.4,86.5,92.7
2024-09-17,MN05,385.2,375.9,9.3,0,0.0,0,0.47,13.9,27.2,69.1,92.7
2024-09-18,MN05,385.2,375.1,10.0,0,0.0,0,0.49,0.0,19.8,74.3,90.5
2024-09-19,MN05,385.1,375.5,9.5,0,0.0,0,1.11,0.0,29.4,69.1,86.5
2024-09-20,MN05,385.0,391.2,0.0,0,0.0,0,0.72,20.9,25.9,70.5,93.8
2024-09-21,MN05,385.0,334.2,50.8,1,4.7,1,1.36,15.0,28.9,75.6,93.4
2024-09-22,MN05,384.9,362.3,22.7,0,6.1,1,0.21,15.4,29.3,72.1,98.1
2024-09-23,MN05,384.9,385.1,0.0,0,0.0,0,0.39,0.0,29.1,76.3,89.2
2024-09-24,MN05,384.9,354.5,30.4,0,0.0,0,0.56,20.9,27.5,70.6,84.8
2024-09-25,MN05,384.8,330.2,54.6,1,7.3,1,0.18,28.1,23.9,64.5,93.7
2024-09-26,MN05,384.8,342.2,42.6,1,2.6,1,2.8,19.9,30.7,82.4,93.7
2024-09-27,MN05,384.8,382.5,2.3,0,0.0,0,1.09,15.1,25.1,83.6,94.7
2024-09-28,MN05,384.8,342.2,42.6,1,0.0,0,3.73,24.5,31.0,97.8,87.0
2024-09-29,MN05,384.8,379.7,5.0,0,0.0,0,1.04,14.8,25.1,73.5,93.0
2024-09-30,MN05,384.8,345.1,39.7,1,0.0,0,1.97,26.5,25.6,57.4,95.9
2024-10-01,MN05,384.8,351.5,33.2,0,3.0,1,0.39,0.0,19.7,42.5,85.3
2024-10-02,MN05,384.8,373.9,10.9,0,0.0,0,0.55,1.5,30.8,33.7,92.2
2024-10-03,MN05,384.8,330.7,54.2,1,5.3,1,1.8,0.0,28.4,57.9,87.3
2024-10-04,MN05,384.8,396.4,0.0,0,0.0,0,0.44,4.8,26.7,43.1,85.5
2024-10-05,MN05,384.9,334.1,50.8,1,0.0,0,5.02,1.8,26.9,42.1,96.4
2024-10-06,MN05,384.9,351.4,33.5,0,0.0,0,1.02,0.0,29.2,46.7,85.4
2024-10-07,MN05,385.0,338.7,46.3,1,0.0,0,0.65,0.0,29.9,43.2,81.4
2024-10-08,MN05,385.0,333.7,51.3,1,0.0,0,1.79,0.1,23.7,56.5,87.5
2024-10-09,MN05,385.1,396.1,0.0,0,0.0,0,0.09,0.1,27.0,58.2,100.0
2024-10-10,MN05,385.1,304.8,80.3,1,0.0,0,6.92,2.0,29.9,48.9,84.7
2024-10-11,MN05,385.2,365.6,19.6,0,7.1,1,0.4,4.7,26.0,26.7,100.0
2024-10-12,MN05,385.3,351.2,34.1,0,0.0,0,0.06,2.8,29.1,40.8,80.2
2024-10-13,MN05,385.3,373.2,12.2,0,0.0,0,1.52,3.8,32.2,37.4,95.9
2024-10-14,MN05,385.4,321.1,64.3,1,8.1,2,4.01,0.0,30.9,36.4,89.9
2024-10-15,MN05,385.5,354.4,31.2,0,7.0,1,0.01,2.3,23.7,40.6,98.6
2024-10-16,MN05,385.6,379.4,6.2,0,0.0,0,1.32,6.1,32.9,64.1,100.0
2024-10-17,MN05,385.7,340.3,45.5,1,4.7,1,1.41,7.5,22.6,45.1,92.4
2024-10-18,MN05,385.8,355.4,30.4,0,0.0,0,3.12,3.1,21.9,51.5,89.8
2024-10-19,MN05,385.9,398.3,0.0,0,0.0,0,0.05,1.1,28.2,36.2,92.4
2024-10-20,MN05,386.0,381.0,5.0,0,0.0,0,1.29,4.4,25.8,66.0,87.7
2024-10-21,MN05,386.2,324.9,61.3,1,8.0,2,3.4,6.1,29.4,53.2,89.1
2024-10-22,MN05,386.3,370.5,15.8,0,0.0,0,2.8,0.7,19.9,48.1,100.0
2024-10-23,MN05,386.4,387.0,0.0,0,0.0,0,0.14,0.0,31.3,53.5,93.4
2024-10-24,MN05,386.6,348.0,38.5,0,0.0,0,1.37,3.2,25.0,48.8,85.2
2024-10-25,MN05,386.7,378.0,8.7,0,0.0,0,1.88,0.0,38.9,43.6,87.8
2024-10-26,MN05,386.9,366.4,20.4,0,0.0,0,0.72,2.2,35.0,37.3,99.1
2024-10-27,MN05,387.0,394.5,0.0,0,0.0,0,0.34,0.0,32.5,70.4,99.9
2024-10-28,MN05,387.2,376.7,10.5,0,0.0,0,1.89,1.3,33.6,40.5,88.0
2024-10-29,MN05,387.4,354.4,32.9,0,7.6,1,0.36,1.1,30.9,43.4,95.8
2024-10-30,MN05,387.5,356.8,30.7,0,0.0,0,3.04,3.9,16.2,63.0,100.0
2024-10-31,MN05,387.7,389.0,0.0,0,0.0,0,0.63,5.1,30.3,58.9,91.7
2024-11-01,MN05,387.9,387.2,0.7,0,0.0,0,0.79,3.3,25.3,43.4,100.0
2024-11-02,MN05,388.1,345.5,42.6,1,5.4,1,1.74,3.4,29.9,24.1,100.0
2024-11-03,MN05,388.3,352.2,36.1,0,7.9,1,0.72,5.1,24.3,51.3,91.8
2024-11-04,MN05,388.5,383.3,5.2,0,0.0,0,0.27,1.5,25.5,38.9,99.2
2024-11-05,MN05,388.7,380.3,8.4,0,0.0,0,0.17,2.8,29.4,40.1,88.8
2024-11-06,MN05,388.9,349.6,39.3,1,5.7,1,0.46,0.0,29.7,21.2,93.6
2024-11-07,MN05,389.1,395.9,0.0,0,0.0,0,0.92,4.8,26.2,44.8,96.7
2024-11-08,MN05,389.3,385.1,4.3,0,0.0,0,0.66,3.9,25.8,49.5,92.4
2024-11-09,MN05,389.6,361.9,27.6,0,0.0,0,0.06,2.8,30.6,37.4,81.8
2024-11-10,MN05,389.8,382.3,7.5,0,0.0,0,0.63,1.2,33.6,38.5,100.0
2024-11-11,MN05,390.0,388.8,1.2,0,0.0,0,1.33,0.0,28.0,68.1,90.2
2024-11-12,MN05,390.3,329.6,60.6,1,4.9,1,0.38,7.8,28.1,62.7,82.6
2024-11-13,MN05,390.5,371.2,19.3,0,4.7,1,0.06,2.1,25.0,40.7,100.0
2024-11-14,MN05,390.7,381.7,9.1,0,0.0,0,1.55,0.6,27.1,51.7,92.6
2024-11-15,MN05,391.0,390.0,1.0,0,0.0,0,0.64,2.8,25.6,41.5,99.5
2024-11-16,MN05,391.2,359.7,31.6,0,3.2,1,1.08,0.0,22.4,44.3,96.9
2024-11-17,MN05,391.5,391.4,0.1,0,0.0,0,1.62,1.1,23.1,53.5,100.0
2024-11-18,MN05,391.8,370.9,20.9,0,0.0,0,0.74,0.0,31.5,39.3,98.1
2024-11-19,MN05,392.0,349.0,43.1,1,6.8,2,2.07,5.3,21.1,54.0,94.9
2024-11-20,MN05,392.3,349.9,42.3,1,9.3,1,0.07,3.9,27.4,33.4,90.6
2024-11-21,MN05,392.6,316.5,76.1,1,5.4,1,3.34,5.4,18.6,52.2,85.5
2024-11-22,MN05,392.8,402.0,0.0,0,0.0,0,0.19,4.7,27.0,34.1,93.6
2024-11-23,MN05,393.1,370.9,22.3,0,0.0,0,2.76,3.3,27.1,52.4,89.1
2024-11-24,MN05,393.4,348.9,44.5,1,8.6,2,0.83,0.0,28.2,59.3,90.8
2024-11-25,MN05,393.7,381.7,12.0,0,0.0,0,0.57,5.6,22.4,37.8,96.8
2024-11-26,MN05,394.0,379.2,14.8,0,0.0,0,1.11,2.4,29.5,35.7,91.5
2024-11-27,MN05,394.3,363.0,31.2,0,0.0,0,2.63,0.0,26.9,53.7,91.0
2024-11-28,MN05,394.6,394.8,0.0,0,0.0,0,0.88,2.9,27.1,33.7,97.7
2024-11-29,MN05,394.9,357.5,37.4,0,7.2,1,2.73,0.0,25.3,40.0,99.0
2024-11-30,MN05,395.2,362.4,32.8,0,0.0,0,5.1,2.2,25.7,39.4,89.6
2024-12-01,MN05,395.5,393.0,2.4,0,0.0,0,0.89,1.5,26.4,53.7,99.8
2024-12-02,MN05,395.8,352.4,43.4,1,3.6,1,0.07,4.0,29.7,48.4,86.5
2024-12-03,MN05,396.1,379.1,17.0,0,0.0,0,1.99,1.9,28.7,29.6,86.0
2024-12-04,MN05,396.4,390.6,5.8,0,0.0,0,0.96,5.8,27.5,50.7,93.8
2024-12-05,MN05,396.7,311.8,84.9,1,11.6,2,1.67,3.1,30.2,49.8,90.6
2024-12-06,MN05,397.1,376.5,20.6,0,0.0,0,2.88,3.7,29.1,51.1,92.7
2024-12-07,MN05,397.4,404.0,0.0,0,0.0,0,0.5,1.3,24.2,56.6,89.0
2024-12-08,MN05,397.7,372.1,25.7,0,0.0,0,3.19,3.3,26.6,52.8,98.4
2024-12-09,MN05,398.0,409.2,0.0,0,0.0,0,1.89,3.8,21.8,41.2,100.0
2024-12-10,MN05,398.4,383.0,15.3,0,0.0,0,0.09,3.3,27.5,49.7,90.5
2024-12-11,MN05,398.7,387.7,11.0,0,0.0,0,0.2,1.3,30.2,53.7,100.0
2024-12-12,MN05,399.0,388.4,10.7,0,0.0,0,2.92,2.2,29.7,41.4,97.0
2024-12-13,MN05,399.4,412.5,0.0,0,0.0,0,0.57,0.7,24.5,46.1,99.0
2024-12-14,MN05,399.7,375.4,24.3,0,0.0,0,2.63,2.7,31.4,54.4,100.0
2024-12-15,MN05,400.0,374.7,25.4,0,0.0,0,1.34,0.0,21.7,39.4,98.4
2024-12-16,MN05,400.4,388.1,12.2,0,0.0,0,0.46,4.3,30.7,27.6,85.3
2024-12-17,MN05,400.7,414.0,0.0,0,0.0,0,1.07,3.2,29.6,35.6,95.1
2024-12-18,MN05,401.1,367.2,33.8,0,0.0,0,5.19,1.5,31.1,42.8,91.9
2024-12-19,MN05,401.4,396.7,4.7,0,0.0,0,0.71,4.7,26.0,42.5,100.0
2024-12-20,MN05,401.7,411.7,0.0,0,0.0,0,0.48,0.0,24.5,53.7,92.3
2024-12-21,MN05,402.1,383.6,18.5,0,0.0,0,0.91,7.7,26.2,31.2,89.5
2024-12-22,MN05,402.4,342.0,60.4,1,4.7,1,5.53,2.0,23.2,44.3,98.8
2024-12-23,MN05,402.8,366.5,36.3,0,8.0,2,0.54,1.9,30.8,37.9,95.5
2024-12-24,MN05,403.1,392.8,10.3,0,0.0,0,2.07,2.0,28.4,59.7,93.4
2024-12-25,MN05,403.5,366.8,36.7,0,0.0,0,3.15,1.1,30.1,51.0,91.3
2024-12-26,MN05,403.8,400.9,2.9,0,0.0,0,1.58,3.6,22.3,50.8,95.4
2024-12-27,MN05,404.2,341.9,62.3,1,0.0,0,3.18,2.8,24.5,47.1,79.1
2024-12-28,MN05,404.5,348.9,55.6,1,9.4,2,1.41,8.1,21.9,41.1,92.6
2024-12-29,MN05,404.9,385.9,19.0,0,4.3,1,0.15,5.4,30.2,50.9,99.5
2024-12-30,MN05,405.2,352.9,52.3,1,7.6,1,1.82,0.1,25.6,34.5,95.4
2024-12-31,MN05,405.6,406.3,0.0,0,0.0,0,0.96,2.2,24.0,61.0,90.8
2025-01-01,MN05,405.4,335.2,70.2,1,0.0,0,2.05,1.8,38.8,39.7,83.8
2025-01-02,MN05,405.7,374.1,31.6,0,0.0,0,1.1,1.8,27.6,49.8,82.2
2025-01-03,MN05,406.1,375.3,30.8,0,4.6,1,1.04,0.0,22.0,34.9,88.4
2025-01-04,MN05,406.4,390.5,15.9,0,0.0,0,1.41,2.0,24.4,34.0,91.6
2025-01-05,MN05,406.8,409.5,0.0,0,0.0,0,0.92,2.7,31.7,36.1,94.5
2025-01-06,MN05,407.1,412.5,0.0,0,0.0,0,0.06,0.0,25.5,35.3,100.0
2025-01-07,MN05,407.5,332.9,74.5,1,10.4,2,1.91,5.6,26.6,41.2,88.5
2025-01-08,MN05,407.8,411.0,0.0,0,0.0,0,1.31,0.0,20.9,65.9,97.9
2025-01-09,MN05,408.2,375.7,32.5,0,0.0,0,0.32,5.7,25.9,27.7,84.5
2025-01-10,MN05,408.5,362.5,46.0,1,0.0,0,1.89,1.6,28.4,36.9,82.3
2025-01-11,MN05,408.8,388.5,20.4,0,5.2,1,0.88,0.5,28.7,43.0,96.3
2025-01-12,MN05,409.2,402.4,6.8,0,0.0,0,1.43,0.8,28.4,52.3,91.9
2025-01-13,MN05,409.5,410.5,0.0,0,0.0,0,0.83,0.1,31.0,44.5,93.8
2025-01-14,MN05,409.9,381.1,28.8,0,0.0,0,3.55,5.7,20.5,35.0,98.6
2025-01-15,MN05,410.2,402.8,7.4,0,0.0,0,0.54,0.0,27.5,41.7,88.7
2025-01-16,MN05,410.5,362.0,48.6,1,6.6,1,0.12,0.3,23.8,48.8,96.8
2025-01-17,MN05,410.9,388.2,22.6,0,0.0,0,0.73,0.8,22.9,57.7,87.2
2025-01-18,MN05,411.2,358.5,52.7,1,5.9,1,0.57,1.8,34.6,48.1,87.6
2025-01-19,MN05,411.5,364.3,47.2,1,0.0,0,3.14,0.0,22.7,20.0,93.3
2025-01-20,MN05,411.9,413.7,0.0,0,0.0,0,0.2,0.0,25.0,41.6,90.7
2025-01-21,MN05,412.2,388.2,24.0,0,0.0,0,1.84,0.4,29.5,31.8,97.6
2025-01-22,MN05,412.5,361.1,51.4,1,5.1,1,1.7,2.4,33.5,41.4,86.7
2025-01-23,MN05,412.8,376.3,36.6,0,5.8,1,0.67,5.0,25.5,50.9,96.8
2025-01-24,MN05,413.2,389.5,23.7,0,0.0,0,1.32,0.0,27.2,44.9,92.7
2025-01-25,MN05,413.5,386.3,27.2,0,0.0,0,1.7,0.4,26.8,54.2,90.7
2025-01-26,MN05,413.8,402.0,11.8,0,0.0,0,0.0,3.6,29.8,37.0,96.3
2025-01-27,MN05,414.1,361.6,52.5,1,0.0,0,5.62,0.0,34.7,36.0,93.1
2025-01-28,MN05,414.4,368.8,45.7,1,2.4,1,3.09,0.5,23.1,54.2,92.4
2025-01-29,MN05,414.7,390.0,24.8,0,0.0,0,0.37,4.2,20.6,46.8,100.0
2025-01-30,MN05,415.0,411.1,4.0,0,0.0,0,0.27,1.2,19.2,22.5,88.8
2025-01-31,MN05,415.3,419.0,0.0,0,0.0,0,0.56,6.5,24.6,44.6,92.1
2025-02-01,MN05,415.6,422.1,0.0,0,0.0,0,0.13,4.2,27.9,29.1,97.9
2025-02-02,MN05,415.9,363.4,52.5,1,8.0,1,1.77,0.7,26.7,48.5,90.1
2025-02-03,MN05,416.2,432.0,0.0,0,0.0,0,0.72,0.0,27.6,26.3,94.0
2025-02-04,MN05,416.5,431.0,0.0,0,0.0,0,1.84,5.2,24.9,49.5,91.6
2025-02-05,MN05,416.8,406.7,10.1,0,0.0,0,0.93,3.8,23.4,52.4,96.2
2025-02-06,MN05,417.1,411.5,5.6,0,0.0,0,1.1,2.3,30.8,35.4,90.6
2025-02-07,MN05,417.4,411.3,6.1,0,0.0,0,1.91,9.2,27.4,37.5,98.3
2025-02-08,MN05,417.6,422.6,0.0,0,0.0,0,0.1,1.4,20.6,42.4,94.0
2025-02-09,MN05,417.9,388.0,29.9,0,0.0,0,0.03,1.3,25.4,53.3,86.2
2025-02-10,MN05,418.2,379.9,38.2,0,0.0,0,3.43,0.1,32.0,51.6,93.4
2025-02-11,MN05,418.4,401.8,16.6,0,0.0,0,0.39,1.6,23.5,42.1,89.9
2025-02-12,MN05,418.7,441.3,0.0,0,0.0,0,0.48,3.0,31.9,46.8,97.0
2025-02-13,MN05,419.0,413.1,5.9,0,0.0,0,0.11,2.3,21.4,21.6,98.7
2025-02-14,MN05,419.2,379.7,39.5,0,6.2,1,1.63,1.2,34.9,37.0,89.2
2025-02-15,MN05,419.5,398.5,21.0,0,0.0,0,2.14,7.8,29.3,42.4,96.0
2025-02-16,MN05,419.7,431.9,0.0,0,0.0,0,0.13,0.0,23.6,46.0,91.3
2025-02-17,MN05,419.9,389.8,30.2,0,5.5,1,0.63,1.3,30.0,26.5,90.3
2025-02-18,MN05,420.2,400.2,20.0,0,0.0,0,3.14,0.0,32.0,46.2,98.7
2025-02-19,MN05,420.4,397.3,23.1,0,0.0,0,1.84,0.0,28.3,41.2,96.5
2025-02-20,MN05,420.6,377.3,43.3,1,4.4,1,2.47,0.6,27.0,39.2,90.7
2025-02-21,MN05,420.8,415.6,5.3,0,0.0,0,0.63,0.9,26.8,35.0,98.6
2025-02-22,MN05,421.1,420.5,0.6,0,0.0,0,1.11,0.0,26.8,54.5,93.6
2025-02-23,MN05,421.3,372.3,48.9,1,6.3,1,0.59,0.0,30.1,46.2,94.3
2025-02-24,MN05,421.5,420.4,1.1,0,0.0,0,0.14,2.0,23.9,36.1,100.0
2025-02-25,MN05,421.7,349.5,72.2,1,10.5,2,1.47,4.4,31.2,47.1,93.2
2025-02-26,MN05,421.9,396.8,25.0,0,0.0,0,0.28,6.2,34.7,54.9,100.0
2025-02-27,MN05,422.1,399.4,22.7,0,0.0,0,0.82,0.0,22.4,39.3,88.7
2025-02-28,MN05,422.3,399.3,23.0,0,0.0,0,0.22,6.1,32.0,45.4,95.2
2025-03-01,MN05,422.4,355.5,67.0,1,9.5,2,1.48,4.6,26.9,57.6,95.3
2025-03-02,MN05,422.6,386.8,35.8,0,5.3,1,0.84,4.9,30.8,54.2,100.0
2025-03-03,MN05,422.8,386.3,36.5,0,0.0,0,0.48,0.3,28.4,45.4,87.4
2025-03-04,MN05,422.9,408.9,14.0,0,0.0,0,0.72,1.5,23.4,52.5,89.0
2025-03-05,MN05,423.1,405.8,17.3,0,1.4,1,0.02,0.0,25.1,30.7,100.0
2025-03-06,MN05,423.3,426.3,0.0,0,0.0,0,1.61,6.1,33.4,34.9,92.3
2025-03-07,MN05,423.4,404.6,18.9,0,0.0,0,0.8,4.3,28.2,40.7,100.0
2025-03-08,MN05,423.6,412.8,10.7,0,2.6,1,0.52,0.0,27.4,62.0,100.0
2025-03-09,MN05,423.7,408.4,15.3,0,0.0,0,1.43,2.3,29.7,66.8,87.5
2025-03-10,MN05,423.8,404.3,19.5,0,0.0,0,0.47,7.6,31.1,54.2,86.8
2025-03-11,MN05,424.0,389.8,34.1,0,0.0,0,3.05,1.9,39.0,49.8,92.7
2025-03-12,MN05,424.1,419.1,5.0,0,0.0,0,1.27,3.6,28.0,41.7,91.1
2025-03-13,MN05,424.2,438.6,0.0,0,0.0,0,0.15,3.5,32.2,20.0,97.2
2025-03-14,MN05,424.3,415.5,8.8,0,0.0,0,0.66,1.4,30.7,44.8,91.4
2025-03-15,MN05,424.4,396.1,28.3,0,0.0,0,0.07,2.9,26.2,48.0,83.9
2025-03-16,MN05,424.5,381.1,43.4,1,5.3,1,0.92,3.9,17.1,62.9,92.6
2025-03-17,MN05,424.6,409.4,15.2,0,0.0,0,2.25,7.4,28.9,31.1,93.9
2025-03-18,MN05,424.7,385.1,39.6,0,0.0,0,0.27,4.3,22.9,41.8,84.3
2025-03-19,MN05,424.8,424.8,0.0,0,0.0,0,0.0,0.0,21.1,25.7,94.5
2025-03-20,MN05,424.8,366.9,58.0,1,6.1,1,0.47,2.3,23.8,44.5,95.1
2025-03-21,MN05,424.9,403.7,21.2,0,0.0,0,1.7,7.3,36.5,34.5,95.2
2025-03-22,MN05,425.0,405.2,19.8,0,0.0,0,0.35,1.7,22.2,55.7,96.1
2025-03-23,MN05,425.0,402.7,22.3,0,2.9,1,0.57,0.0,30.5,30.8,93.1
2025-03-24,MN05,425.1,343.6,81.5,1,8.3,1,0.21,0.0,28.4,51.8,86.6
2025-03-25,MN05,425.1,435.6,0.0,0,0.0,0,0.27,0.0,29.8,29.5,100.0
2025-03-26,MN05,425.2,412.5,12.7,0,0.0,0,2.03,0.0,27.4,47.0,92.7
2025-03-27,MN05,425.2,376.2,49.0,1,0.0,0,2.3,0.9,31.8,57.3,82.6
2025-03-28,MN05,425.2,379.6,45.6,1,2.8,1,3.42,0.0,26.0,39.8,92.8
2025-03-29,MN05,425.2,414.8,10.4,0,0.0,0,1.09,5.0,21.0,22.1,88.8
2025-03-30,MN05,425.3,369.5,55.8,1,6.4,1,0.31,0.3,32.6,42.5,94.0
2025-03-31,MN05,425.3,396.6,28.6,0,0.0,0,0.2,0.0,20.5,50.6,93.6
2025-04-01,MN05,425.3,421.4,3.9,0,0.0,0,0.72,1.5,42.3,45.8,90.9
2025-04-02,MN05,425.3,436.3,0.0,0,0.0,0,1.46,2.1,35.1,39.2,100.0
2025-04-03,MN05,425.3,405.4,19.8,0,0.0,0,0.28,5.4,32.7,45.8,93.9
2025-04-04,MN05,425.3,421.1,4.2,0,0.0,0,1.96,0.8,36.1,50.7,92.3
2025-04-05,MN05,425.2,372.1,53.1,1,5.1,1,0.68,0.4,29.9,44.3,96.5
2025-04-06,MN05,425.2,447.8,0.0,0,0.0,0,1.01,5.2,33.3,34.7,96.5
2025-04-07,MN05,425.2,385.1,40.1,0,0.0,0,3.51,0.0,24.7,38.9,94.8
2025-04-08,MN05,425.1,384.7,40.4,0,3.6,1,1.06,2.9,31.7,50.2,89.1
2025-04-09,MN05,425.1,366.0,59.1,1,0.0,0,7.27,2.6,36.2,54.4,98.7
2025-04-10,MN05,425.0,405.8,19.3,0,0.0,0,0.34,1.0,35.4,63.6,98.8
2025-04-11,MN05,425.0,427.9,0.0,0,0.0,0,0.06,3.1,34.8,53.0,90.9
2025-04-12,MN05,424.9,427.8,0.0,0,0.0,0,0.01,0.0,31.4,55.7,94.0
2025-04-13,MN05,424.9,413.9,10.9,0,0.0,0,1.31,1.0,27.2,45.5,89.8
2025-04-14,MN05,424.8,424.3,0.4,0,0.0,0,0.47,2.9,27.8,54.2,93.7
2025-04-15,MN05,424.7,409.7,15.0,0,0.0,0,1.62,0.9,31.0,54.6,92.8
2025-04-16,MN05,424.6,388.3,36.3,0,0.0,0,2.82,1.3,31.3,41.7,92.4
2025-04-17,MN05,424.5,420.2,4.3,0,0.0,0,0.35,1.7,30.8,46.9,98.9
2025-04-18,MN05,424.4,406.0,18.4,0,0.0,0,0.04,0.0,31.6,53.8,96.9
2025-04-19,MN05,424.3,405.3,19.0,0,0.0,0,1.93,0.4,38.8,57.6,85.9
2025-04-20,MN05,424.2,405.8,18.5,0,0.0,0,2.67,3.5,38.6,49.5,92.1
2025-04-21,MN05,424.1,399.3,24.8,0,0.0,0,0.93,0.0,42.7,63.1,100.0
2025-04-22,MN05,424.0,334.8,89.2,1,4.7,1,3.22,0.0,36.3,36.8,83.0
2025-04-23,MN05,423.9,404.6,19.2,0,0.0,0,1.0,0.3,26.5,55.4,88.0
2025-04-24,MN05,423.7,385.5,38.2,0,0.0,0,1.16,4.9,37.5,39.9,82.9
2025-04-25,MN05,423.6,414.0,9.6,0,0.0,0,0.35,0.7,29.7,46.3,88.1
2025-04-26,MN05,423.4,396.7,26.7,0,3.9,1,0.63,4.5,34.0,34.7,98.7
2025-04-27,MN05,423.3,409.9,13.3,0,0.0,0,0.59,0.8,33.5,60.4,94.4
2025-04-28,MN05,423.1,413.1,10.0,0,0.0,0,0.9,9.4,32.4,41.5,94.1
2025-04-29,MN05,423.0,392.0,31.0,0,0.0,0,2.51,10.3,29.5,50.9,88.8
2025-04-30,MN05,422.8,432.3,0.0,0,0.0,0,0.2,0.0,22.0,42.7,92.5
2025-05-01,MN05,422.6,399.2,23.4,0,4.2,1,0.46,0.7,35.6,44.8,90.6
2025-05-02,MN05,422.5,424.8,0.0,0,0.0,0,0.52,2.5,32.4,37.9,93.8
2025-05-03,MN05,422.3,404.0,18.3,0,0.0,0,0.37,4.5,38.1,52.8,87.0
2025-05-04,MN05,422.1,416.8,5.3,0,0.0,0,1.36,0.0,33.2,37.9,92.9
2025-05-05,MN05,421.9,428.5,0.0,0,0.0,0,1.18,5.0,27.1,61.4,97.8
2025-05-06,MN05,421.7,363.4,58.4,1,5.7,1,3.23,3.0,35.5,42.7,91.1
2025-05-07,MN05,421.5,395.6,26.0,0,0.0,0,0.34,2.4,36.2,39.3,95.2
2025-05-08,MN05,421.3,415.2,6.1,0,0.0,0,0.42,2.4,30.8,52.4,91.0
2025-05-09,MN05,421.1,427.3,0.0,0,0.0,0,0.1,1.4,39.5,46.2,100.0
2025-05-10,MN05,420.9,326.5,94.4,1,7.4,2,0.32,1.2,34.0,37.0,78.3
2025-05-11,MN05,420.7,409.8,10.9,0,1.8,1,0.29,1.5,26.5,53.0,94.6
2025-05-12,MN05,420.4,398.9,21.5,0,0.0,0,2.36,4.2,36.1,46.4,95.6
2025-05-13,MN05,420.2,354.3,65.9,1,3.7,1,3.37,3.1,41.3,60.2,96.9
2025-05-14,MN05,420.0,379.1,40.9,0,5.8,1,1.88,1.8,27.8,49.7,100.0
2025-05-15,MN05,419.7,374.1,45.6,1,0.0,0,1.89,1.1,38.5,53.2,98.9
2025-05-16,MN05,419.5,386.2,33.4,0,0.0,0,2.87,5.6,35.6,58.8,95.7
2025-05-17,MN05,419.3,373.5,45.8,1,6.0,1,1.01,4.2,35.5,57.0,92.3
2025-05-18,MN05,419.0,367.1,52.0,1,5.9,1,0.81,0.0,40.1,40.8,90.5
2025-05-19,MN05,418.8,379.7,39.1,0,0.0,0,5.89,0.0,33.4,46.5,91.5
2025-05-20,MN05,418.5,442.0,0.0,0,0.0,0,0.3,2.3,30.7,44.3,93.6
2025-05-21,MN05,418.2,396.6,21.6,0,0.0,0,0.29,0.0,35.1,56.3,93.9
2025-05-22,MN05,418.0,366.5,51.4,1,10.4,2,0.39,6.0,30.8,33.2,92.2
2025-05-23,MN05,417.7,416.9,0.8,0,0.0,0,0.46,3.3,34.0,37.8,89.6
2025-05-24,MN05,417.4,397.7,19.7,0,0.0,0,1.89,5.3,37.8,30.5,96.3
2025-05-25,MN05,417.1,375.2,42.0,1,0.0,0,0.03,0.2,35.8,44.0,82.0
2025-05-26,MN05,416.9,404.6,12.3,0,0.0,0,0.5,0.0,32.6,57.0,100.0
2025-05-27,MN05,416.6,416.5,0.1,0,0.0,0,1.01,3.1,38.2,26.7,94.1
2025-05-28,MN05,416.3,357.3,59.0,1,3.6,1,2.16,4.9,33.7,38.6,100.0
2025-05-29,MN05,416.0,358.9,57.1,1,5.9,1,2.66,3.5,34.4,38.4,90.0
2025-05-30,MN05,415.7,391.9,23.8,0,0.0,0,2.03,5.3,30.7,36.2,92.1
2025-05-31,MN05,415.4,418.9,0.0,0,0.0,0,0.73,0.0,41.4,32.2,99.9
2025-06-01,MN05,415.1,375.2,39.9,0,0.0,0,1.73,37.5,24.9,70.9,89.3
2025-06-02,MN05,414.8,406.2,8.6,0,0.0,0,0.06,0.0,31.5,79.9,91.8
2025-06-03,MN05,414.5,421.2,0.0,0,0.0,0,0.73,20.7,31.6,67.3,91.3
2025-06-04,MN05,414.2,411.2,3.0,0,2.7,1,0.6,0.0,28.6,72.8,89.1
2025-06-05,MN05,413.9,385.9,27.9,0,0.0,0,1.4,18.0,33.1,75.9,85.4
2025-06-06,MN05,413.6,399.7,13.8,0,0.0,0,0.55,15.5,27.4,66.0,95.5
2025-06-07,MN05,413.2,392.3,21.0,0,0.0,0,0.38,20.7,26.8,75.1,98.8
2025-06-08,MN05,412.9,361.2,51.7,1,3.0,1,0.35,35.1,27.7,93.7,90.1
2025-06-09,MN05,412.6,404.1,8.5,0,0.0,0,0.5,22.5,23.0,76.5,94.8
2025-06-10,MN05,412.3,392.8,19.4,0,0.0,0,2.07,11.9,25.6,75.9,91.1
2025-06-11,MN05,411.9,403.2,8.8,0,0.0,0,0.53,2.3,18.4,74.3,92.8
2025-06-12,MN05,411.6,386.8,24.8,0,0.0,0,2.04,25.3,28.4,77.9,89.5
2025-06-13,MN05,411.3,376.4,34.8,0,0.0,0,3.32,22.7,26.2,97.3,85.9
2025-06-14,MN05,410.9,381.6,29.4,0,0.0,0,0.76,23.0,31.8,80.2,87.2
2025-06-15,MN05,410.6,385.6,25.0,0,0.0,0,0.89,11.4,29.2,63.5,89.3
2025-06-16,MN05,410.3,410.9,0.0,0,0.0,0,0.77,4.7,30.4,79.2,93.9
2025-06-17,MN05,409.9,368.4,41.6,1,6.2,1,1.88,3.2,29.4,83.8,91.0
2025-06-18,MN05,409.6,340.5,69.1,1,2.7,1,0.75,29.6,26.6,81.8,83.7
2025-06-19,MN05,409.3,369.5,39.7,0,0.0,0,1.56,14.6,30.1,68.6,100.0
2025-06-20,MN05,408.9,405.6,3.3,0,0.0,0,0.46,22.6,30.3,66.5,93.0
2025-06-21,MN05,408.6,401.9,6.6,0,0.0,0,1.15,16.1,23.5,77.6,91.8
2025-06-22,MN05,408.2,390.5,17.8,0,0.0,0,2.04,11.4,26.6,66.7,90.3
2025-06-23,MN05,407.9,384.5,23.4,0,6.1,1,1.27,16.5,30.4,90.1,96.5
2025-06-24,MN05,407.5,403.9,3.7,0,0.0,0,0.54,21.2,25.8,56.4,97.3
2025-06-25,MN05,407.2,407.1,0.1,0,0.0,0,0.67,20.4,22.9,76.8,91.9
2025-06-26,MN05,406.8,345.5,61.3,1,7.0,1,1.93,18.5,31.3,69.5,99.0
2025-06-27,MN05,406.5,400.5,6.0,0,0.0,0,1.33,16.0,16.1,75.2,94.0
2025-06-28,MN05,406.1,347.2,58.9,1,5.4,1,1.6,18.6,28.8,73.4,85.5
2025-06-29,MN05,405.8,394.7,11.1,0,0.0,0,2.66,14.0,26.0,73.6,89.9
2025-06-30,MN05,405.4,398.5,7.0,0,0.0,0,0.37,8.9,25.5,59.3,90.2
2025-07-01,MN05,405.1,398.8,6.3,0,0.0,0,0.1,23.7,34.2,76.9,95.7
2025-07-02,MN05,404.8,398.4,6.4,0,0.0,0,0.8,8.7,32.9,75.4,89.1
2025-07-03,MN05,404.4,346.5,57.9,1,5.2,1,2.46,23.1,30.5,64.3,85.9
2025-07-04,MN05,404.1,383.1,20.9,0,2.5,1,1.95,19.2,26.7,56.1,92.2
2025-07-05,MN05,403.7,425.2,0.0,0,0.0,0,0.46,14.7,29.1,78.7,98.2
2025-07-06,MN05,403.4,370.5,32.9,0,0.0,0,1.42,19.2,32.6,68.0,86.4
2025-07-07,MN05,403.0,295.8,107.2,1,6.8,1,5.52,25.7,22.8,81.7,91.6
2025-07-08,MN05,402.7,383.8,18.9,0,5.8,1,0.72,15.8,26.9,81.1,93.2
2025-07-09,MN05,402.3,391.6,10.8,0,0.0,0,0.55,19.9,23.2,67.5,94.1
2025-07-10,MN05,402.0,389.6,12.3,0,0.0,0,2.32,15.6,30.8,66.8,95.8
2025-07-11,MN05,401.6,401.3,0.3,0,0.0,0,0.29,17.1,27.7,80.6,90.7
2025-07-12,MN05,401.3,333.9,67.3,1,0.0,0,1.1,29.2,19.5,74.2,82.6
2025-07-13,MN05,400.9,413.5,0.0,0,0.0,0,0.16,20.8,25.5,59.3,94.1
2025-07-14,MN05,400.6,338.3,62.3,1,7.8,1,2.08,20.8,22.5,68.1,91.9
2025-07-15,MN05,400.3,409.2,0.0,0,0.0,0,0.01,1.9,25.2,73.7,96.3
2025-07-16,MN05,399.9,361.6,38.3,0,7.2,1,0.92,17.0,25.0,66.4,96.6
2025-07-17,MN05,399.6,286.1,113.5,1,4.3,1,2.61,49.3,23.1,75.9,91.4
2025-07-18,MN05,399.2,399.2,0.0,0,0.0,0,0.81,9.9,22.5,80.8,95.1
2025-07-19,MN05,398.9,370.4,28.5,0,0.0,0,0.02,26.7,22.8,70.2,100.0
2025-07-20,MN05,398.6,291.7,106.9,1,10.2,1,0.93,34.2,28.2,69.8,88.2
2025-07-21,MN05,398.2,377.2,21.0,0,0.0,0,0.04,26.7,22.0,89.4,98.1
2025-07-22,MN05,397.9,335.1,62.8,1,12.4,2,0.42,4.1,29.5,74.1,97.8
2025-07-23,MN05,397.6,374.2,23.4,0,0.0,0,0.86,25.3,27.7,72.8,88.4
2025-07-24,MN05,397.3,343.5,53.7,1,4.3,1,0.06,32.3,24.8,84.2,90.7
2025-07-25,MN05,397.0,354.7,42.2,1,0.0,0,3.22,26.9,21.8,94.6,100.0
2025-07-26,MN05,396.6,349.3,47.3,1,0.0,0,2.43,23.9,25.9,85.2,99.9
2025-07-27,MN05,396.3,389.4,6.9,0,0.0,0,1.79,13.2,23.4,79.1,90.9
2025-07-28,MN05,396.0,331.6,64.4,1,11.3,2,0.49,20.2,30.8,63.6,93.6
2025-07-29,MN05,395.7,373.1,22.6,0,2.1,1,0.35,24.0,22.9,68.6,95.6
2025-07-30,MN05,395.4,361.8,33.6,0,0.0,0,1.8,10.2,22.3,70.0,84.2
2025-07-31,MN05,395.1,340.0,55.1,1,0.0,0,0.8,36.3,31.5,85.7,95.7
2025-08-01,MN05,394.8,376.9,17.9,0,0.0,0,1.91,12.8,20.4,80.6,90.6
2025-08-02,MN05,394.5,377.0,17.5,0,0.0,0,1.62,9.0,30.2,88.3,95.3
2025-08-03,MN05,394.2,383.1,11.1,0,0.0,0,1.02,1.2,28.8,68.5,98.1
2025-08-04,MN05,393.9,367.7,26.2,0,0.0,0,2.01,12.8,22.1,82.0,98.9
2025-08-05,MN05,393.6,393.0,0.6,0,0.0,0,0.27,19.9,27.4,72.2,99.1
2025-08-06,MN05,393.3,364.7,28.6,0,0.0,0,0.66,28.9,24.4,85.6,93.2
2025-08-07,MN05,393.0,362.7,30.3,0,0.0,0,1.73,20.8,30.9,60.3,90.0
2025-08-08,MN05,392.7,341.1,51.6,1,4.9,1,2.73,7.9,30.7,62.9,92.7
2025-08-09,MN05,392.5,345.5,47.0,1,0.0,0,1.6,36.5,27.3,65.7,98.8
2025-08-10,MN05,392.2,353.4,38.8,0,0.0,0,0.91,20.5,20.4,82.0,82.0
2025-08-11,MN05,391.9,341.0,50.9,1,4.7,1,0.07,28.1,25.6,64.0,96.0
2025-08-12,MN05,391.7,349.1,42.5,1,0.0,0,1.55,24.7,26.7,84.8,86.5
2025-08-13,MN05,391.4,350.8,40.6,1,0.0,0,1.85,27.0,21.1,71.1,96.0
2025-08-14,MN05,391.1,373.5,17.6,0,4.3,1,1.35,4.9,28.7,66.9,89.7
2025-08-15,MN05,390.9,363.2,27.6,0,4.3,2,1.03,14.2,23.9,77.9,96.6
2025-08-16,MN05,390.6,365.7,25.0,0,0.0,0,0.19,31.3,28.2,75.8,97.5
2025-08-17,MN05,390.4,359.0,31.4,0,0.0,0,3.04,23.4,21.5,78.4,97.4
2025-08-18,MN05,390.2,355.6,34.6,0,2.1,1,0.14,26.7,30.2,69.6,92.1
2025-08-19,MN05,389.9,339.8,50.1,1,2.9,1,0.25,14.1,23.4,82.0,81.8
2025-08-20,MN05,389.7,365.9,23.8,0,0.0,0,0.78,2.4,21.0,66.4,85.4
2025-08-21,MN05,389.5,392.8,0.0,0,0.0,0,0.37,17.2,20.5,95.6,100.0
2025-08-22,MN05,389.3,326.6,62.7,1,0.0,0,2.27,7.2,28.1,79.8,80.6
2025-08-23,MN05,389.0,392.6,0.0,0,0.0,0,0.48,19.6,30.2,74.9,99.6
2025-08-24,MN05,388.8,277.7,111.2,1,7.5,1,3.76,11.8,24.7,67.6,76.9
2025-08-25,MN05,388.6,317.5,71.2,1,14.7,2,0.07,11.3,27.7,69.2,100.0
2025-08-26,MN05,388.4,358.9,29.5,0,0.0,0,0.15,29.0,31.4,70.1,88.3
2025-08-27,MN05,388.2,372.4,15.8,0,0.0,0,0.66,18.5,24.6,72.4,89.9
2025-08-28,MN05,388.0,361.8,26.2,0,0.0,0,0.16,27.8,23.8,84.6,96.2
2025-08-29,MN05,387.8,368.6,19.2,0,0.0,0,0.04,26.7,30.3,89.4,93.3
2025-08-30,MN05,387.7,338.0,49.7,1,6.5,1,3.75,14.7,27.9,74.9,95.2
2025-08-31,MN05,387.5,358.9,28.6,0,0.0,0,0.11,23.6,20.5,75.2,86.8
2025-09-01,MN05,387.3,369.2,18.2,0,0.0,0,0.56,0.0,24.7,82.2,98.8
2025-09-02,MN05,387.1,371.7,15.4,0,0.0,0,0.59,14.5,26.6,80.6,91.0
2025-09-03,MN05,387.0,352.9,34.1,0,0.0,0,3.23,13.8,24.8,79.7,100.0
2025-09-04,MN05,386.8,359.1,27.7,0,0.0,0,0.12,17.3,26.9,66.7,90.7
2025-09-05,MN05,386.7,346.2,40.4,1,7.0,1,0.82,21.6,25.3,61.8,96.1
2025-09-06,MN05,386.5,373.1,13.5,0,4.2,1,0.18,4.1,25.3,69.2,97.9
2025-09-07,MN05,386.4,379.6,6.8,0,0.0,0,1.47,19.6,25.2,91.8,90.7
2025-09-08,MN05,386.3,330.7,55.5,1,5.4,1,2.64,14.7,19.6,76.8,90.5
2025-09-09,MN05,386.1,286.6,99.6,1,11.7,2,0.68,15.9,25.0,91.4,80.6
2025-09-10,MN05,386.0,352.3,33.7,0,0.0,0,3.82,17.6,27.5,88.2,88.0
2025-09-11,MN05,385.9,356.9,29.0,0,0.0,0,2.26,2.7,28.2,62.4,87.9
2025-09-12,MN05,385.8,354.8,31.0,0,0.0,0,0.37,18.1,28.4,77.2,80.8
2025-09-13,MN05,385.7,341.8,43.9,1,7.0,2,0.83,15.0,29.5,60.0,100.0
2025-09-14,MN05,385.6,394.5,0.0,0,0.0,0,0.39,13.7,28.3,46.5,95.9
2025-09-15,MN05,385.5,343.8,41.6,1,3.4,1,3.93,20.3,25.3,85.4,94.3
2025-09-16,MN05,385.4,370.9,14.5,0,0.0,0,0.46,26.2,26.8,78.1,98.4
2025-09-17,MN05,385.3,350.6,34.7,0,5.8,2,2.29,22.5,30.0,79.4,94.8
2025-09-18,MN05,385.2,345.3,39.9,1,0.0,0,1.27,31.4,30.6,78.9,98.2
2025-09-19,MN05,385.2,358.0,27.1,0,0.0,0,0.82,18.9,26.8,80.6,88.8
2025-09-20,MN05,385.1,359.0,26.1,0,0.0,0,3.96,4.8,26.3,65.6,88.9
2025-09-21,MN05,385.0,382.7,2.3,0,0.0,0,1.59,5.6,26.3,66.2,100.0
2025-09-22,MN05,385.0,373.0,12.0,0,0.0,0,1.45,13.7,33.7,73.3,95.8
2025-09-23,MN05,384.9,351.4,33.5,0,0.0,0,2.21,27.8,24.4,76.0,94.7
2025-09-24,MN05,384.9,337.4,47.5,1,0.0,0,4.3,3.3,35.7,64.0,89.2
2025-09-25,MN05,384.9,306.4,78.4,1,7.3,1,0.05,23.8,28.7,67.8,82.8
2025-09-26,MN05,384.8,349.7,35.2,0,0.0,0,1.75,24.8,29.2,78.8,97.4
2025-09-27,MN05,384.8,336.9,47.9,1,9.6,1,0.74,18.8,27.6,69.6,95.2
2025-09-28,MN05,384.8,370.2,14.6,0,0.0,0,0.3,21.0,21.5,57.3,82.3
2025-09-29,MN05,384.8,348.4,36.4,0,4.6,1,0.09,1.6,25.8,70.9,89.2
2025-09-30,MN05,384.8,361.4,23.4,0,0.0,0,1.51,14.0,29.1,82.2,84.1
2025-10-01,MN05,384.8,372.1,12.7,0,0.0,0,0.24,0.0,25.1,55.7,96.6
2025-10-02,MN05,384.8,397.3,0.0,0,0.0,0,0.61,0.0,22.8,40.0,100.0
2025-10-03,MN05,384.8,343.5,41.3,1,6.7,1,1.79,3.7,29.7,38.2,97.1
2025-10-04,MN05,384.8,376.4,8.4,0,0.0,0,0.98,0.2,31.3,44.8,85.8
2025-10-05,MN05,384.8,378.3,6.6,0,0.0,0,1.35,10.2,24.1,39.7,86.9
2025-10-06,MN05,384.9,360.4,24.4,0,0.0,0,3.56,3.3,29.3,48.8,93.4
2025-10-07,MN05,384.9,369.3,15.6,0,0.0,0,0.77,9.6,27.8,47.1,90.8
2025-10-08,MN05,385.0,361.3,23.6,0,0.0,0,2.61,3.0,27.4,70.5,90.5
2025-10-09,MN05,385.0,390.5,0.0,0,0.0,0,1.17,2.5,22.3,34.6,100.0
2025-10-10,MN05,385.1,362.0,23.0,0,0.0,0,1.74,1.3,26.1,36.3,96.6
2025-10-11,MN05,385.1,388.1,0.0,0,0.0,0,0.41,2.9,31.7,51.1,93.7
2025-10-12,MN05,385.2,348.4,36.8,0,5.6,1,0.26,1.4,30.5,43.6,95.0
2025-10-13,MN05,385.3,374.8,10.4,0,2.9,1,0.06,1.6,27.5,61.2,93.3
2025-10-14,MN05,385.3,349.6,35.7,0,0.0,0,3.52,0.0,35.0,22.5,97.1
2025-10-15,MN05,385.4,332.2,53.2,1,9.1,2,1.39,1.6,32.1,39.4,97.0
2025-10-16,MN05,385.5,222.9,162.6,1,25.2,4,1.98,3.6,23.1,36.4,82.8
2025-10-17,MN05,385.6,355.1,30.5,0,0.0,0,2.36,1.0,28.3,43.3,100.0
2025-10-18,MN05,385.7,365.8,19.9,0,0.0,0,4.59,0.0,34.2,44.5,99.9
2025-10-19,MN05,385.8,370.2,15.6,0,4.7,1,0.56,0.2,27.0,34.9,100.0
2025-10-20,MN05,385.9,357.0,29.0,0,0.0,0,0.68,3.9,27.6,53.1,89.2
2025-10-21,MN05,386.0,328.2,57.8,1,4.1,1,2.33,5.9,30.3,32.6,85.7
2025-10-22,MN05,386.2,321.3,64.9,1,8.5,2,3.81,6.9,27.0,45.1,91.5
2025-10-23,MN05,386.3,368.2,18.1,0,0.0,0,0.68,0.0,25.3,47.7,100.0
2025-10-24,MN05,386.4,395.0,0.0,0,0.0,0,0.47,5.4,15.4,39.1,98.5
2025-10-25,MN05,386.6,329.1,57.5,1,0.0,0,1.58,1.4,29.1,22.0,80.2
2025-10-26,MN05,386.7,375.7,11.1,0,0.0,0,0.59,4.0,27.9,39.4,86.7
2025-10-27,MN05,386.9,362.9,24.0,0,0.0,0,0.36,0.0,23.4,47.9,92.2
2025-10-28,MN05,387.0,384.9,2.1,0,0.0,0,0.12,0.8,35.5,48.3,85.0
2025-10-29,MN05,387.2,375.7,11.5,0,0.0,0,0.28,1.6,25.4,55.1,91.2
2025-10-30,MN05,387.4,368.2,19.2,0,0.0,0,0.58,0.0,27.6,47.8,100.0
2025-10-31,MN05,387.5,388.6,0.0,0,0.0,0,0.24,9.6,22.8,40.4,95.2
2025-11-01,MN05,387.7,412.6,0.0,0,0.0,0,0.0,4.2,29.2,54.6,97.1
2025-11-02,MN05,387.9,349.4,38.5,0,0.0,0,2.0,2.8,26.2,46.0,95.9
2025-11-03,MN05,388.1,380.4,7.7,0,0.0,0,0.53,2.7,25.2,48.2,94.6
2025-11-04,MN05,388.3,393.8,0.0,0,0.0,0,0.23,0.0,29.7,43.8,94.1
2025-11-05,MN05,388.5,328.9,59.6,1,9.5,2,0.5,0.0,24.6,49.1,98.4
2025-11-06,MN05,388.7,340.0,48.7,1,9.1,1,0.28,1.3,20.6,42.6,100.0
2025-11-07,MN05,388.9,379.2,9.7,0,4.9,1,0.55,2.0,37.8,34.1,89.6
2025-11-08,MN05,389.1,372.2,17.0,0,0.0,0,1.71,0.0,29.6,57.2,86.4
2025-11-09,MN05,389.3,354.7,34.6,0,0.0,0,0.34,1.9,24.5,30.1,84.7
2025-11-10,MN05,389.6,384.1,5.5,0,0.0,0,1.44,3.9,28.8,51.0,91.7
2025-11-11,MN05,389.8,360.1,29.7,0,3.9,1,0.86,0.0,22.2,63.8,92.6
2025-11-12,MN05,390.0,348.3,41.7,1,4.3,1,0.58,7.4,30.4,28.4,99.1
2025-11-13,MN05,390.3,363.0,27.2,0,3.3,1,0.04,0.0,28.7,44.3,91.9
2025-11-14,MN05,390.5,329.5,61.0,1,0.0,0,0.47,1.3,26.0,54.9,78.8
2025-11-15,MN05,390.7,314.2,76.5,1,14.0,2,1.73,1.2,24.2,48.4,97.1
2025-11-16,MN05,391.0,314.6,76.4,1,5.8,1,2.12,3.0,28.8,31.8,80.3
2025-11-17,MN05,391.2,369.1,22.1,0,0.0,0,2.74,4.1,35.0,38.6,95.3
2025-11-18,MN05,391.5,370.8,20.7,0,0.0,0,0.75,0.0,20.7,36.4,91.7
2025-11-19,MN05,391.8,357.7,34.1,0,6.8,1,2.34,0.0,24.5,44.8,97.9
2025-11-20,MN05,392.0,380.6,11.4,0,0.0,0,1.89,1.4,27.2,31.6,92.5
2025-11-21,MN05,392.3,365.9,26.4,0,3.6,1,0.29,3.1,26.1,43.2,100.0
2025-11-22,MN05,392.6,346.3,46.3,1,6.6,1,1.26,1.8,31.8,40.3,90.1
2025-11-23,MN05,392.8,354.0,38.8,0,0.0,0,2.03,0.0,22.2,58.9,100.0
2025-11-24,MN05,393.1,354.5,38.6,0,5.7,1,1.17,1.4,28.7,39.3,94.5
2025-11-25,MN05,393.4,333.5,59.9,1,6.8,1,2.22,5.6,24.9,35.4,85.4
2025-11-26,MN05,393.7,399.1,0.0,0,0.0,0,0.16,0.2,33.6,40.8,91.4
2025-11-27,MN05,394.0,360.2,33.8,0,2.7,1,0.48,3.1,20.9,50.6,85.4
2025-11-28,MN05,394.3,379.6,14.7,0,4.7,1,2.22,9.3,26.8,32.3,96.3
2025-11-29,MN05,394.6,349.9,44.7,1,6.0,1,0.68,1.1,30.3,42.3,94.4
2025-11-30,MN05,394.9,378.9,16.0,0,4.2,1,0.25,0.0,29.0,45.8,95.2
2025-12-01,MN05,395.2,371.5,23.7,0,0.0,0,2.45,0.1,22.8,59.2,87.5
2025-12-02,MN05,395.5,408.0,0.0,0,0.0,0,0.15,0.0,32.3,39.5,96.9
2025-12-03,MN05,395.8,370.1,25.7,0,0.0,0,0.96,1.8,24.3,56.4,88.1
2025-12-04,MN05,396.1,387.8,8.3,0,0.0,0,0.12,1.2,23.7,36.3,90.3
2025-12-05,MN05,396.4,409.5,0.0,0,0.0,0,0.83,0.0,24.2,52.5,95.3
2025-12-06,MN05,396.7,348.2,48.6,1,0.0,0,5.41,3.0,33.6,34.5,88.4
2025-12-07,MN05,397.1,329.6,67.5,1,7.1,1,3.21,4.4,34.7,49.7,100.0
2025-12-08,MN05,397.4,376.3,21.1,0,4.9,1,0.37,1.1,26.1,43.6,100.0
2025-12-09,MN05,397.7,395.2,2.5,0,4.9,1,0.16,0.0,31.4,44.3,90.6
2025-12-10,MN05,398.0,373.0,25.0,0,4.9,1,0.29,0.0,26.2,20.0,95.0
2025-12-11,MN05,398.4,409.8,0.0,0,0.0,0,0.08,2.6,20.2,48.8,89.5
2025-12-12,MN05,398.7,358.1,40.6,1,3.9,1,1.59,1.4,26.3,55.5,97.5
2025-12-13,MN05,399.0,360.6,38.4,0,6.7,1,0.44,0.2,27.5,36.6,100.0
2025-12-14,MN05,399.4,377.1,22.2,0,0.0,0,2.04,0.2,33.9,46.2,100.0
2025-12-15,MN05,399.7,385.3,14.4,0,0.0,0,1.26,5.5,25.5,45.1,93.4
2025-12-16,MN05,400.0,407.5,0.0,0,0.0,0,1.0,2.1,20.9,29.9,96.9
2025-12-17,MN05,400.4,377.3,23.1,0,0.0,0,1.15,3.7,29.8,48.5,86.4
2025-12-18,MN05,400.7,370.1,30.6,0,0.0,0,0.91,0.0,28.3,49.5,86.4
2025-12-19,MN05,401.1,407.2,0.0,0,0.0,0,0.1,0.0,21.2,33.9,95.1
2025-12-20,MN05,401.4,369.2,32.2,0,0.0,0,1.42,8.4,31.8,35.4,94.5
2025-12-21,MN05,401.7,360.9,40.8,1,0.0,0,3.59,1.8,26.2,60.7,95.6
2025-12-22,MN05,402.1,359.7,42.4,1,0.0,0,0.8,0.0,25.3,54.2,84.2
2025-12-23,MN05,402.4,419.5,0.0,0,0.0,0,0.98,0.0,30.6,28.4,89.7
2025-12-24,MN05,402.8,377.6,25.2,0,0.0,0,2.74,2.6,24.6,48.9,100.0
2025-12-25,MN05,403.1,367.8,35.4,0,0.0,0,0.01,4.4,26.1,34.1,81.6
2025-12-26,MN05,403.5,394.8,8.7,0,2.9,1,0.61,0.5,31.6,39.6,96.9
2025-12-27,MN05,403.8,373.4,30.4,0,2.5,1,1.67,2.7,29.0,49.1,100.0
2025-12-28,MN05,404.2,399.9,4.3,0,0.0,0,0.37,6.6,24.9,36.0,90.2
2025-12-29,MN05,404.5,415.7,0.0,0,0.0,0,0.27,0.0,26.5,60.2,100.0
2025-12-30,MN05,404.9,366.8,38.0,0,0.0,0,1.62,0.0,33.1,33.9,90.3
2025-12-31,MN05,405.2,326.4,78.8,1,14.8,2,0.94,1.8,32.9,55.0,91.2
2026-01-01,MN05,405.4,381.3,24.0,0,0.0,0,1.54,1.8,34.9,42.9,90.5
2026-01-02,MN05,405.7,369.0,36.7,0,0.0,0,1.49,4.0,22.4,43.2,86.8
2026-01-03,MN05,406.1,359.3,46.8,1,0.0,0,4.24,0.0,20.4,42.2,88.6
2026-01-04,MN05,406.4,354.0,52.4,1,5.1,1,0.68,7.2,24.7,42.1,85.0
2026-01-05,MN05,406.8,392.5,14.2,0,0.0,0,0.77,1.9,24.0,45.1,83.7
2026-01-06,MN05,407.1,418.2,0.0,0,0.0,0,0.41,0.0,31.3,58.2,99.4
2026-01-07,MN05,407.5,346.2,61.2,1,5.2,1,0.32,1.4,33.0,48.8,85.8
2026-01-08,MN05,407.8,392.3,15.6,0,0.0,0,1.5,5.9,29.9,40.6,98.4
2026-01-09,MN05,408.2,386.0,22.1,0,4.0,1,0.06,3.8,31.9,31.7,90.5
2026-01-10,MN05,408.5,392.8,15.7,0,0.0,0,1.66,7.5,28.0,35.8,98.7
2026-01-11,MN05,408.8,407.9,1.0,0,0.0,0,0.07,4.1,23.3,51.4,91.1
2026-01-12,MN05,409.2,399.0,10.2,0,0.0,0,0.98,0.0,24.8,48.9,92.4
2026-01-13,MN05,409.5,415.1,0.0,0,0.0,0,0.29,6.4,34.2,42.7,92.6
2026-01-14,MN05,409.9,409.1,0.7,0,0.0,0,0.18,8.1,32.7,40.5,89.2
2026-01-15,MN05,410.2,394.0,16.2,0,0.0,0,0.05,7.2,24.9,48.9,87.5
2026-01-16,MN05,410.5,379.9,30.6,0,0.0,0,0.24,1.4,26.2,48.4,83.8
2026-01-17,MN05,410.9,407.8,3.0,0,0.0,0,0.07,2.8,30.2,49.4,100.0
2026-01-18,MN05,411.2,378.9,32.4,0,0.0,0,3.2,2.3,34.0,55.0,98.6
2026-01-19,MN05,411.5,401.9,9.7,0,0.0,0,0.8,0.0,26.2,47.5,89.5
2026-01-20,MN05,411.9,389.9,22.0,0,0.0,0,0.7,3.4,25.0,30.3,96.0
2026-01-21,MN05,412.2,371.0,41.2,0,5.9,1,0.89,2.1,25.5,63.6,94.8
2026-01-22,MN05,412.5,368.1,44.5,1,1.6,1,0.19,0.0,35.0,40.5,84.9
2026-01-23,MN05,412.8,383.3,29.5,0,0.0,0,0.62,0.0,25.6,52.8,84.7
2026-01-24,MN05,413.2,389.3,23.9,0,0.0,0,1.24,2.6,30.6,44.1,86.6
2026-01-25,MN05,413.5,395.1,18.4,0,0.0,0,1.01,0.8,31.2,52.8,92.6
2026-01-26,MN05,413.8,368.6,45.2,1,5.9,2,0.18,5.8,28.3,50.0,91.4
2026-01-27,MN05,414.1,384.7,29.4,0,0.0,0,0.24,1.5,26.7,64.4,80.6
2026-01-28,MN05,414.4,364.0,50.4,1,5.4,1,0.27,3.8,23.9,37.2,86.1
2026-01-29,MN05,414.7,368.6,46.1,1,8.9,1,1.06,0.0,22.3,42.1,94.8
2026-01-30,MN05,415.0,410.6,4.4,0,0.0,0,0.16,0.5,32.4,40.1,86.0
2026-01-31,MN05,415.3,398.4,17.0,0,0.0,0,0.79,0.0,29.1,32.6,87.5
2026-02-01,MN05,415.6,422.1,0.0,0,0.0,0,0.26,2.0,27.3,42.9,99.6
2026-02-02,MN05,415.9,351.3,64.6,1,0.0,0,6.32,0.0,30.8,46.6,99.1
2026-02-03,MN05,416.2,416.4,0.0,0,0.0,0,0.09,0.7,22.6,54.5,87.8
2026-02-04,MN05,416.5,395.4,21.1,0,4.7,1,0.09,1.2,22.6,34.6,98.0
2026-02-05,MN05,416.8,400.3,16.5,0,0.0,0,1.54,8.4,29.1,36.5,90.6
2026-02-06,MN05,417.1,416.2,0.9,0,0.0,0,0.63,7.6,24.4,62.8,92.6
2026-02-07,MN05,417.4,392.4,25.0,0,3.5,1,1.5,1.3,27.1,46.2,91.8
2026-02-08,MN05,417.6,416.6,1.1,0,0.0,0,1.06,5.8,21.6,32.6,93.4
2026-02-09,MN05,417.9,379.8,38.2,0,5.9,1,0.97,0.2,27.7,57.2,93.5
2026-02-10,MN05,418.2,432.7,0.0,0,0.0,0,0.44,6.8,22.4,40.7,93.1
2026-02-11,MN05,418.4,367.3,51.2,1,0.0,0,4.12,3.5,25.4,47.5,84.2
2026-02-12,MN05,418.7,365.7,53.0,1,0.0,0,1.06,1.4,34.7,39.7,81.9
2026-02-13,MN05,419.0,417.3,1.7,0,0.0,0,0.17,0.0,28.0,41.3,98.2
2026-02-14,MN05,419.2,426.1,0.0,0,0.0,0,0.78,0.9,23.4,53.4,97.2
2026-02-15,MN05,419.5,406.0,13.5,0,0.0,0,1.28,0.0,26.5,34.6,97.0
2026-02-16,MN05,419.7,358.0,61.7,1,3.6,1,1.73,3.0,15.8,33.7,93.8
2026-02-17,MN05,419.9,389.5,30.4,0,6.6,1,0.18,4.6,31.3,49.2,93.4
2026-02-18,MN05,420.2,430.0,0.0,0,0.0,0,0.3,3.5,26.5,30.8,100.0
2026-02-19,MN05,420.4,384.0,36.4,0,0.0,0,0.24,4.6,22.9,50.3,95.0
2026-02-20,MN05,420.6,384.4,36.3,0,0.0,0,0.93,0.5,22.6,41.1,87.7
2026-02-21,MN05,420.8,406.3,14.5,0,0.0,0,0.54,3.2,28.8,54.9,83.4
2026-02-22,MN05,421.1,432.7,0.0,0,0.0,0,0.43,2.6,30.9,54.2,89.0
2026-02-23,MN05,421.3,361.4,59.8,1,0.0,0,4.59,0.0,21.7,22.0,97.5
2026-02-24,MN05,421.5,392.3,29.2,0,0.0,0,0.51,2.2,26.2,59.2,86.2
2026-02-25,MN05,421.7,394.2,27.5,0,0.0,0,0.38,4.9,27.6,31.8,92.4
2026-02-26,MN05,421.9,416.3,5.6,0,0.0,0,1.37,3.1,27.2,43.8,89.5
2026-02-27,MN05,422.1,427.2,0.0,0,0.0,0,0.99,0.2,32.6,42.2,88.8
2026-02-28,MN05,422.3,354.6,67.7,1,10.5,2,1.46,0.0,24.0,56.2,90.1
2026-03-01,MN05,422.4,401.0,21.4,0,0.0,0,0.35,0.3,30.1,54.9,85.3
2026-03-02,MN05,422.6,348.0,74.6,1,8.6,1,3.77,4.3,29.7,44.2,98.4
2026-03-03,MN05,422.8,431.3,0.0,0,0.0,0,0.63,1.7,27.0,59.9,95.5
2026-03-04,MN05,422.9,433.5,0.0,0,0.0,0,1.03,1.4,31.2,39.1,92.2
2026-03-05,MN05,423.1,338.9,84.2,1,8.2,1,0.59,0.3,28.1,49.5,79.8
2026-03-06,MN05,423.3,338.7,84.6,1,10.5,2,2.52,1.9,26.8,23.3,85.4
2026-03-07,MN05,423.4,373.5,49.9,1,0.0,0,1.0,0.0,29.7,41.1,80.5
2026-03-08,MN05,423.6,394.3,29.3,0,0.0,0,4.41,5.3,28.0,50.3,99.2
2026-03-09,MN05,423.7,406.0,17.6,0,0.0,0,2.76,0.0,20.4,21.4,94.8
2026-03-10,MN05,423.8,369.0,54.8,1,5.9,1,0.11,2.8,21.4,48.3,98.2
2026-03-11,MN05,424.0,419.7,4.3,0,0.0,0,0.11,1.6,18.6,49.7,92.7
2026-03-12,MN05,424.1,331.4,92.7,1,3.8,1,1.36,1.6,26.9,46.8,78.3
2026-03-13,MN05,424.2,350.7,73.5,1,6.5,1,2.81,3.5,23.5,46.7,90.9
2026-03-14,MN05,424.3,399.6,24.7,0,0.0,0,1.87,1.2,29.5,51.6,89.3
2026-03-15,MN05,424.4,361.3,63.1,1,5.1,1,1.45,0.2,29.1,44.9,96.9
2026-03-16,MN05,424.5,381.9,42.6,1,3.0,1,0.16,3.2,28.7,45.7,84.8
2026-03-17,MN05,424.6,435.9,0.0,0,0.0,0,0.03,1.9,20.7,38.2,97.0
2026-03-18,MN05,424.7,406.0,18.7,0,0.0,0,1.19,1.5,32.1,52.4,96.6
2026-03-19,MN05,424.8,372.1,52.7,1,0.0,0,2.66,0.9,27.0,43.8,98.9
2026-03-20,MN05,424.8,415.8,9.0,0,0.0,0,0.26,1.2,20.8,37.7,92.3
2026-03-21,MN05,424.9,433.5,0.0,0,0.0,0,1.01,6.5,26.9,44.0,91.9
2026-03-22,MN05,425.0,402.7,22.2,0,2.5,1,1.14,3.0,22.5,56.0,100.0
2026-03-23,MN05,425.0,403.6,21.4,0,0.0,0,2.75,4.0,30.2,57.6,93.4
2026-03-24,MN05,425.1,392.9,32.2,0,0.0,0,0.32,0.0,19.9,36.7,84.2
2026-03-25,MN05,425.1,404.7,20.5,0,0.0,0,1.79,5.2,25.9,55.2,99.3
2026-03-26,MN05,425.2,423.4,1.7,0,0.0,0,0.06,5.9,31.2,42.0,92.8
2026-03-27,MN05,425.2,400.6,24.6,0,0.0,0,0.99,3.1,23.3,45.7,98.5
2026-03-28,MN05,425.2,415.6,9.6,0,0.0,0,0.83,2.1,15.0,65.3,95.3
2026-03-29,MN05,425.2,403.5,21.7,0,0.0,0,0.06,0.0,25.9,35.5,93.3
2026-03-30,MN05,425.3,432.7,0.0,0,0.0,0,0.33,5.2,23.4,55.1,100.0
2026-03-31,MN05,425.3,380.1,45.1,1,0.0,0,3.99,0.7,26.3,42.9,88.2
2026-04-01,MN05,425.3,414.3,11.0,0,0.0,0,1.37,4.9,31.3,56.0,93.6
2026-04-02,MN05,425.3,374.4,50.9,1,0.0,0,3.06,4.5,37.4,54.1,88.1
2026-04-03,MN05,425.3,420.4,4.8,0,0.0,0,0.2,6.3,37.2,57.4,87.6
2026-04-04,MN05,425.3,341.0,84.2,1,7.5,2,3.91,2.1,35.5,47.0,90.9
2026-04-05,MN05,425.2,428.9,0.0,0,0.0,0,0.91,3.1,33.9,22.6,94.2
2026-04-06,MN05,425.2,409.6,15.6,0,3.1,1,0.33,0.0,29.3,35.6,95.0
2026-04-07,MN05,425.2,377.2,47.9,1,4.1,1,2.25,3.2,33.0,56.3,97.0
2026-04-08,MN05,425.1,414.2,10.9,0,0.0,0,1.11,0.4,29.3,56.4,89.7
2026-04-09,MN05,425.1,425.4,0.0,0,0.0,0,1.56,4.2,27.2,48.8,100.0
2026-04-10,MN05,425.0,419.5,5.6,0,0.0,0,0.46,1.1,33.4,48.2,100.0
2026-04-11,MN05,425.0,389.8,35.2,0,5.7,1,0.03,0.3,24.3,60.5,88.2
2026-04-12,MN05,424.9,387.7,37.2,0,5.0,1,1.06,3.9,35.7,47.1,89.0
2026-04-13,MN05,424.9,371.9,53.0,1,5.8,1,0.58,0.0,30.7,24.1,90.1
2026-04-14,MN05,424.8,425.3,0.0,0,0.0,0,0.51,0.6,38.9,33.3,96.0
2026-04-15,MN05,424.7,415.9,8.7,0,0.0,0,0.68,3.2,33.0,56.3,93.6
2026-04-16,MN05,424.6,424.3,0.3,0,0.0,0,0.93,0.0,29.0,47.6,100.0
2026-04-17,MN05,424.5,352.3,72.3,1,4.7,1,2.38,9.3,34.2,48.8,85.7
2026-04-18,MN05,424.4,416.7,7.8,0,0.0,0,0.2,0.6,33.8,37.8,86.9
2026-04-19,MN05,424.3,383.1,41.2,0,5.2,1,0.05,4.0,37.3,40.9,86.3
2026-04-20,MN05,424.2,399.7,24.5,0,0.0,0,0.22,1.4,34.2,37.6,85.4
2026-04-21,MN05,424.1,410.3,13.8,0,0.0,0,1.32,0.0,32.9,44.1,90.6
2026-04-22,MN05,424.0,381.9,42.1,0,4.8,1,1.99,4.6,37.3,30.3,92.4
2026-04-23,MN05,423.9,410.6,13.2,0,0.0,0,2.09,3.5,34.5,36.8,85.8
2026-04-24,MN05,423.7,382.9,40.9,0,4.1,1,1.75,0.0,31.1,47.1,95.0
2026-04-25,MN05,423.6,426.7,0.0,0,0.0,0,1.2,0.0,30.6,46.8,99.4
2026-04-26,MN05,423.4,370.0,53.5,1,5.0,1,0.04,4.0,37.0,47.4,90.2
2026-04-27,MN05,423.3,417.2,6.1,0,0.0,0,0.32,2.3,35.7,45.0,100.0
2026-04-28,MN05,423.1,415.1,8.0,0,0.0,0,1.7,0.0,33.8,53.9,98.6
2026-04-29,MN05,423.0,402.0,20.9,0,0.0,0,2.59,0.0,34.7,55.5,94.1
2026-04-30,MN05,422.8,409.1,13.7,0,0.0,0,2.07,2.9,40.0,47.4,95.9
2026-05-01,MN05,422.6,407.9,14.8,0,0.0,0,3.14,2.4,33.4,47.3,95.3
2026-05-02,MN05,422.5,400.6,21.9,0,0.0,0,1.43,9.0,39.2,32.8,100.0
2026-05-03,MN05,422.3,416.9,5.4,0,0.0,0,0.42,0.0,36.0,58.3,92.6
2026-05-04,MN05,422.1,424.4,0.0,0,0.0,0,0.01,5.8,32.2,35.0,100.0
2026-05-05,MN05,421.9,387.2,34.7,0,0.0,0,0.39,0.0,32.0,30.0,88.3
2026-05-06,MN05,421.7,361.5,60.3,1,8.7,2,0.67,3.3,35.0,40.1,90.3
2026-05-07,MN05,421.5,428.5,0.0,0,0.0,0,0.37,3.1,32.3,67.3,100.0
2026-05-08,MN05,421.3,404.5,16.8,0,0.0,0,0.85,2.9,35.4,25.1,96.9
2026-05-09,MN05,421.1,420.6,0.5,0,0.0,0,0.52,7.5,38.3,45.9,87.3
2026-05-10,MN05,420.9,396.6,24.3,0,0.0,0,1.81,0.5,35.8,49.0,95.6
2026-05-11,MN05,420.7,387.0,33.6,0,8.5,2,0.76,1.9,41.1,50.3,95.8
2026-05-12,MN05,420.4,399.3,21.1,0,0.0,0,0.16,0.0,31.7,55.3,99.2
2026-05-13,MN05,420.2,373.6,46.6,1,0.0,0,2.19,2.2,38.4,54.4,82.8
2026-05-14,MN05,420.0,400.4,19.6,0,0.0,0,0.58,7.0,40.9,35.5,86.9
2026-05-15,MN05,419.7,392.5,27.2,0,0.0,0,1.74,4.2,36.9,58.4,93.6
2026-05-16,MN05,419.5,393.5,26.1,0,0.0,0,0.93,6.7,36.2,35.1,96.5
2026-05-17,MN05,419.3,366.1,53.1,1,0.0,0,1.32,6.5,32.1,36.5,83.4
2026-05-18,MN05,419.0,409.3,9.7,0,0.0,0,0.21,0.0,30.6,62.0,93.9
2026-05-19,MN05,418.8,388.7,30.1,0,0.0,0,1.63,5.9,34.2,38.7,87.3
2026-05-20,MN05,418.5,380.4,38.1,0,6.8,1,0.04,3.0,26.1,25.0,88.0
2026-05-21,MN05,418.2,376.6,41.6,0,0.0,0,0.82,2.4,39.5,45.4,84.1
2026-05-22,MN05,418.0,407.9,10.1,0,0.0,0,0.73,1.8,36.8,54.1,100.0
2026-05-23,MN05,417.7,395.4,22.3,0,0.0,0,1.48,0.0,36.6,35.5,97.2
2026-05-24,MN05,417.4,337.2,80.2,1,10.3,2,0.35,3.5,30.2,61.5,83.0
2026-05-25,MN05,417.1,409.4,7.8,0,0.0,0,0.81,0.0,29.2,40.1,98.3
2026-05-26,MN05,416.9,379.5,37.3,0,5.0,1,1.09,0.0,33.1,46.3,100.0
2026-05-27,MN05,416.6,431.9,0.0,0,0.0,0,1.62,1.2,26.8,46.7,100.0
2026-05-28,MN05,416.3,392.9,23.4,0,0.0,0,1.89,0.0,31.5,31.1,91.6
2026-05-29,MN05,416.0,408.6,7.4,0,0.0,0,0.15,0.0,34.3,51.3,88.2
2026-05-30,MN05,415.7,373.2,42.5,1,5.9,1,1.84,0.9,36.3,28.9,94.4
2026-05-31,MN05,415.4,395.3,20.1,0,0.0,0,1.95,2.1,30.2,64.0,96.9
2026-06-01,MN05,415.1,409.2,5.9,0,1.7,1,0.28,4.6,22.9,65.6,95.8
2026-06-02,MN05,414.8,367.8,47.0,1,0.0,0,1.31,0.6,27.8,58.0,86.0
2026-06-03,MN05,414.5,384.6,29.9,0,0.0,0,0.32,21.8,25.0,74.8,86.5
2026-06-04,MN05,414.2,386.0,28.1,0,7.5,1,0.14,2.7,31.1,58.4,88.1
2026-06-05,MN05,413.9,396.5,17.4,0,2.2,1,0.31,20.8,22.9,96.1,92.8
2026-06-06,MN05,413.6,388.4,25.2,0,0.0,0,2.1,17.9,29.4,75.0,85.8
2026-06-07,MN05,413.2,381.5,31.7,0,0.0,0,0.33,27.6,28.5,76.5,89.0
2026-06-08,MN05,412.9,406.9,6.0,0,0.0,0,0.19,16.0,22.3,78.7,96.4
2026-06-09,MN05,412.6,381.1,31.4,0,0.0,0,1.1,26.8,24.7,63.6,92.9
2026-06-10,MN05,412.3,409.5,2.7,0,0.0,0,0.4,13.9,25.9,72.7,98.8
2026-06-11,MN05,411.9,397.7,14.3,0,0.0,0,0.04,15.3,31.2,84.0,97.6
2026-06-12,MN05,411.6,417.3,0.0,0,0.0,0,0.03,16.6,19.0,80.3,100.0
2026-06-13,MN05,411.3,413.5,0.0,0,0.0,0,0.32,0.0,30.8,86.7,96.3
2026-06-14,MN05,410.9,403.6,7.4,0,0.0,0,0.07,22.9,31.4,79.6,96.9
2026-06-15,MN05,410.6,396.0,14.6,0,0.0,0,0.78,24.4,23.3,74.2,99.2
2026-06-16,MN05,410.3,366.5,43.7,1,0.0,0,1.14,30.4,34.0,84.9,90.1
2026-06-17,MN05,409.9,407.6,2.3,0,0.0,0,1.1,16.3,21.6,76.2,94.2
2026-06-18,MN05,409.6,371.4,38.2,0,4.5,1,1.15,21.7,15.0,78.0,98.8
2026-06-19,MN05,409.3,360.3,49.0,1,4.9,1,0.41,32.0,26.9,71.7,91.2
2026-06-20,MN05,408.9,358.9,50.0,1,0.0,0,1.81,28.6,21.8,80.6,93.1
2026-06-21,MN05,408.6,385.6,23.0,0,0.0,0,0.35,5.5,27.2,63.9,100.0
2026-06-22,MN05,408.2,377.4,30.8,0,0.0,0,0.18,29.5,34.2,69.2,94.9
2026-06-23,MN05,407.9,357.0,50.8,1,0.0,0,3.52,27.4,28.0,89.9,100.0
2026-06-24,MN05,407.5,368.5,39.0,0,7.3,1,0.66,20.9,26.6,95.1,93.8
2026-06-25,MN05,407.2,403.4,3.8,0,0.0,0,0.35,27.1,30.2,81.7,91.1
2026-06-26,MN05,406.8,361.9,44.9,1,4.9,1,1.73,0.0,30.0,87.2,88.4
2026-06-27,MN05,406.5,359.9,46.6,1,0.0,0,1.13,32.6,23.6,60.9,93.0
2026-06-28,MN05,406.1,409.3,0.0,0,0.0,0,0.11,9.9,27.2,55.8,93.5
2026-06-29,MN05,405.8,315.6,90.2,1,11.4,2,1.55,28.5,25.6,75.5,99.6
2026-06-30,MN05,405.4,379.8,25.6,0,0.0,0,2.23,22.0,27.8,84.8,89.9
2026-07-01,MN05,405.1,318.8,86.3,1,8.9,1,0.75,33.0,22.7,78.1,99.3
2026-07-02,MN05,404.8,399.7,5.0,0,0.0,0,0.65,19.7,23.6,89.2,84.7
2026-07-03,MN05,404.4,350.4,54.0,1,0.0,0,0.95,16.4,32.4,75.1,79.1
2026-07-04,MN05,404.1,398.0,6.1,0,0.0,0,0.06,24.5,25.7,87.4,86.7
2026-07-05,MN05,403.7,383.0,20.7,0,0.0,0,0.13,18.4,28.6,68.7,89.3
2026-07-06,MN05,403.4,419.0,0.0,0,0.0,0,0.52,18.8,21.0,86.7,97.4
2026-07-07,MN05,403.0,391.7,11.3,0,0.0,0,0.94,9.6,34.3,76.4,97.6
2026-07-08,MN05,402.7,335.1,67.6,1,2.9,1,0.62,12.2,24.2,80.1,80.6
2026-07-09,MN05,402.3,384.7,17.7,0,0.0,0,1.61,27.8,23.4,87.9,90.7
2026-07-10,MN05,402.0,337.1,64.9,1,2.8,1,1.38,26.0,20.6,66.0,82.6
2026-07-11,MN05,401.6,417.1,0.0,0,0.0,0,0.2,10.7,21.0,66.7,91.5
2026-07-12,MN05,401.3,402.3,0.0,0,0.0,0,0.74,13.1,28.3,76.0,93.8
2026-07-13,MN05,400.9,354.3,46.7,1,0.0,0,1.55,29.2,34.4,76.0,91.5
2026-07-14,MN05,400.6,352.1,48.5,1,7.3,1,0.73,29.9,20.1,67.4,98.4
2026-07-15,MN05,400.3,379.0,21.3,0,0.0,0,2.08,20.4,20.5,85.7,100.0
2026-07-16,MN05,399.9,367.2,32.7,0,0.0,0,0.62,29.9,26.4,90.4,100.0
2026-07-17,MN05,399.6,338.2,61.4,1,0.0,0,1.23,33.2,34.7,73.4,93.8
2026-07-18,MN05,399.2,372.0,27.3,0,0.0,0,1.3,26.0,24.7,70.5,92.5
2026-07-19,MN05,398.9,355.8,43.1,1,0.0,0,3.46,5.6,29.3,59.5,100.0
2026-07-20,MN05,398.6,366.0,32.5,0,0.0,0,1.17,24.2,26.5,73.7,98.2
2026-07-21,MN05,398.2,360.8,37.5,0,0.0,0,0.78,30.5,27.3,80.6,92.8
2026-07-22,MN05,397.9,350.9,47.0,1,4.1,1,0.86,25.1,30.8,69.1,100.0
2026-07-23,MN05,397.6,379.7,17.9,0,0.0,0,1.59,5.7,25.9,65.0,100.0
2026-07-24,MN05,397.3,351.1,46.2,1,0.0,0,1.95,31.2,29.9,70.3,89.7
2026-07-25,MN05,397.0,374.8,22.2,0,0.0,0,0.9,24.1,28.8,78.3,90.7
2026-07-26,MN05,396.6,379.7,17.0,0,0.0,0,0.05,15.1,29.9,60.5,88.2
2026-07-27,MN05,396.3,381.6,14.7,0,0.0,0,3.62,18.5,20.5,57.5,100.0
2026-07-28,MN05,396.0,381.1,14.9,0,0.0,0,0.02,25.2,26.3,90.3,94.3
2026-07-29,MN05,395.7,396.8,0.0,0,0.0,0,0.16,22.0,31.9,85.1,92.4
2026-07-30,MN05,395.4,381.7,13.7,0,0.0,0,1.37,1.1,28.2,93.3,85.6
2026-07-31,MN05,395.1,374.4,20.7,0,0.0,0,1.04,10.1,24.9,55.9,96.2
2026-08-01,MN05,394.8,399.2,0.0,0,0.0,0,1.69,20.7,26.0,89.4,90.3
2026-08-02,MN05,394.5,396.5,0.0,0,0.0,0,0.67,14.8,31.3,65.2,98.0
2026-08-03,MN05,394.2,327.6,66.6,1,0.0,0,3.45,33.5,32.1,84.6,87.5
2026-08-04,MN05,393.9,380.4,13.5,0,0.0,0,0.13,23.2,30.0,77.5,93.6
2026-08-05,MN05,393.6,341.4,52.2,1,8.1,2,0.69,25.5,32.9,67.9,94.3
2026-08-06,MN05,393.3,389.5,3.8,0,0.0,0,0.72,13.5,26.2,81.5,98.3
2026-08-07,MN05,393.0,357.0,36.0,0,0.0,0,1.39,5.1,24.7,73.2,83.5
2026-08-08,MN05,392.7,366.7,26.0,0,0.0,0,1.16,22.6,31.9,69.3,99.8
2026-08-09,MN05,392.5,357.4,35.1,0,5.2,1,0.08,12.0,24.2,72.1,100.0
2026-08-10,MN05,392.2,333.0,59.2,1,3.2,1,0.39,34.5,31.0,59.8,88.5
2026-08-11,MN05,391.9,348.1,43.8,1,3.0,1,0.42,11.6,25.1,77.6,85.9
2026-08-12,MN05,391.7,370.6,21.0,0,5.4,1,0.44,6.3,28.9,94.1,94.0
2026-08-13,MN05,391.4,279.6,111.9,1,5.2,1,0.17,33.8,25.4,84.9,81.1
2026-08-14,MN05,391.1,391.1,0.0,0,0.0,0,0.52,0.0,27.2,61.5,91.4
2026-08-15,MN05,390.9,379.8,11.1,0,0.0,0,1.82,12.1,30.3,68.3,96.2
2026-08-16,MN05,390.6,391.2,0.0,0,0.0,0,2.31,13.4,27.2,84.4,88.9
2026-08-17,MN05,390.4,282.9,107.5,1,12.4,2,0.93,31.7,33.3,68.4,94.9
2026-08-18,MN05,390.2,313.7,76.5,1,5.7,1,2.33,6.1,26.1,71.8,83.0
2026-08-19,MN05,389.9,381.3,8.7,0,0.0,0,0.24,26.2,20.8,61.0,100.0
2026-08-20,MN05,389.7,366.2,23.5,0,0.0,0,1.89,3.9,30.2,63.6,89.0
2026-08-21,MN05,389.5,400.5,0.0,0,0.0,0,0.43,3.8,27.7,63.7,96.6
2026-08-22,MN05,389.3,369.2,20.0,0,0.0,0,1.5,15.4,33.2,62.0,91.6
2026-08-23,MN05,389.0,342.4,46.6,1,6.9,1,0.17,5.4,26.6,66.8,94.5
2024-08-24,MN06,344.6,270.2,74.4,1,10.0,1,1.91,29.4,27.8,91.2,88.2
2024-08-25,MN06,344.5,332.7,11.7,0,0.0,0,0.1,28.5,29.1,64.9,88.1
2024-08-26,MN06,344.3,309.9,34.3,0,5.0,1,1.63,21.2,26.2,67.4,88.8
2024-08-27,MN06,344.1,319.0,25.1,0,0.0,0,0.85,15.9,23.3,81.9,94.6
2024-08-28,MN06,343.9,316.3,27.6,0,0.0,0,4.1,25.5,26.7,82.0,96.8
2024-08-29,MN06,343.8,280.2,63.6,1,0.0,0,3.68,14.1,25.6,73.8,84.1
2024-08-30,MN06,343.6,289.0,54.7,1,6.2,1,0.82,31.1,27.2,81.2,90.9
2024-08-31,MN06,343.5,320.2,23.2,0,0.0,0,0.28,11.7,19.5,84.7,84.1
2024-09-01,MN06,343.3,322.5,20.8,0,4.4,1,0.4,14.5,32.6,71.5,90.9
2024-09-02,MN06,343.2,323.3,19.8,0,0.0,0,2.08,27.8,30.1,81.0,98.6
2024-09-03,MN06,343.0,325.9,17.1,0,0.0,0,0.14,21.9,23.6,89.5,92.6
2024-09-04,MN06,342.9,266.1,76.8,1,0.0,0,1.67,33.0,20.9,72.3,79.3
2024-09-05,MN06,342.8,312.6,30.2,0,3.2,1,0.45,12.8,24.1,60.2,92.8
2024-09-06,MN06,342.7,333.7,9.0,0,0.0,0,0.18,13.5,24.8,56.8,90.7
2024-09-07,MN06,342.5,308.9,33.6,0,1.9,1,5.82,9.7,21.8,62.6,96.7
2024-09-08,MN06,342.4,316.6,25.9,0,0.0,0,1.46,21.7,30.7,75.1,85.4
2024-09-09,MN06,342.3,267.5,74.8,1,5.0,1,1.07,32.6,25.9,59.7,82.3
2024-09-10,MN06,342.2,265.4,76.9,1,11.6,2,3.35,4.9,25.9,90.0,100.0
2024-09-11,MN06,342.1,336.5,5.7,0,0.0,0,0.16,22.9,19.5,72.2,91.9
2024-09-12,MN06,342.0,338.7,3.4,0,0.0,0,1.09,18.7,24.2,70.1,93.6
2024-09-13,MN06,341.9,322.0,19.9,0,0.0,0,1.98,25.3,28.2,85.1,98.8
2024-09-14,MN06,341.9,334.5,7.3,0,0.0,0,1.95,18.1,30.3,81.2,90.1
2024-09-15,MN06,341.8,329.8,11.9,0,0.0,0,0.46,24.3,31.7,58.9,97.7
2024-09-16,MN06,341.7,311.1,30.6,0,0.0,0,0.63,9.2,29.4,86.4,84.5
2024-09-17,MN06,341.6,279.4,62.3,1,10.5,1,0.18,21.0,26.0,71.1,95.4
2024-09-18,MN06,341.6,303.3,38.3,1,2.3,1,3.57,19.6,19.3,77.6,89.7
2024-09-19,MN06,341.5,307.9,33.6,0,0.0,0,0.34,9.7,24.6,86.6,83.8
2024-09-20,MN06,341.5,325.2,16.3,0,0.0,0,2.39,15.6,23.6,65.2,100.0
2024-09-21,MN06,341.4,273.8,67.6,1,6.6,1,5.48,19.0,28.2,85.0,100.0
2024-09-22,MN06,341.4,285.5,55.9,1,0.0,0,0.19,37.0,33.5,58.2,85.6
2024-09-23,MN06,341.3,276.3,65.0,1,13.3,2,1.65,18.8,29.8,74.8,97.2
2024-09-24,MN06,341.3,332.7,8.6,0,0.0,0,0.26,19.1,27.0,69.1,87.1
2024-09-25,MN06,341.3,340.7,0.6,0,0.0,0,0.06,8.4,19.1,56.0,92.9
2024-09-26,MN06,341.3,343.1,0.0,0,0.0,0,2.43,14.6,24.2,57.2,95.8
2024-09-27,MN06,341.2,342.8,0.0,0,0.0,0,0.48,17.9,30.8,71.9,99.8
2024-09-28,MN06,341.2,306.5,34.7,1,0.0,0,0.87,26.7,30.9,70.2,83.1
2024-09-29,MN06,341.2,260.4,80.8,1,10.3,2,1.76,2.8,34.8,89.0,82.7
2024-09-30,MN06,341.2,325.8,15.4,0,3.4,1,0.09,6.7,22.5,80.5,93.7
2024-10-01,MN06,341.2,336.0,5.2,0,0.0,0,2.01,8.0,31.9,49.9,98.5
2024-10-02,MN06,341.2,336.7,4.5,0,0.0,0,0.96,5.9,26.8,56.2,93.6
2024-10-03,MN06,341.3,318.2,23.1,0,0.0,0,0.89,0.2,25.1,33.9,93.9
2024-10-04,MN06,341.3,329.9,11.4,0,0.0,0,0.28,5.6,24.0,54.8,85.5
2024-10-05,MN06,341.3,330.9,10.4,0,0.0,0,0.44,4.5,19.4,37.5,95.6
2024-10-06,MN06,341.3,295.3,46.1,1,0.0,0,5.31,0.0,25.0,39.9,88.1
2024-10-07,MN06,341.4,332.9,8.4,0,0.0,0,1.15,5.0,20.5,45.7,90.4
2024-10-08,MN06,341.4,325.8,15.6,0,3.6,1,0.44,3.9,27.1,42.4,90.4
2024-10-09,MN06,341.5,326.0,15.5,0,2.8,1,0.78,2.1,24.4,51.2,91.6
2024-10-10,MN06,341.5,344.1,0.0,0,0.0,0,0.44,0.9,26.5,34.0,88.1
2024-10-11,MN06,341.6,346.3,0.0,0,0.0,0,0.35,0.0,33.3,32.8,100.0
2024-10-12,MN06,341.7,341.7,0.0,0,0.0,0,0.09,3.1,24.0,61.0,88.3
2024-10-13,MN06,341.7,329.0,12.7,0,0.0,0,0.48,1.2,28.7,64.0,93.6
2024-10-14,MN06,341.8,327.9,13.9,0,0.0,0,0.26,7.6,20.9,37.7,93.0
2024-10-15,MN06,341.9,323.7,18.2,0,4.4,1,1.47,0.0,26.5,64.2,89.7
2024-10-16,MN06,342.0,342.2,0.0,0,0.0,0,0.56,5.4,22.8,43.3,91.2
2024-10-17,MN06,342.1,348.9,0.0,0,0.0,0,0.69,2.2,28.2,53.1,91.9
2024-10-18,MN06,342.2,320.1,22.0,0,3.7,1,0.11,0.0,28.2,48.1,91.5
2024-10-19,MN06,342.3,338.1,4.1,0,0.0,0,0.95,1.2,27.6,49.2,100.0
2024-10-20,MN06,342.4,340.6,1.8,0,0.0,0,0.9,0.4,22.4,66.7,97.9
2024-10-21,MN06,342.5,333.4,9.1,0,0.0,0,0.42,5.1,28.0,41.5,86.8
2024-10-22,MN06,342.6,304.1,38.4,1,0.0,0,3.64,1.5,18.4,43.2,98.3
2024-10-23,MN06,342.7,348.4,0.0,0,0.0,0,1.64,1.9,26.1,48.7,91.4
2024-10-24,MN06,342.8,297.0,45.8,1,9.2,2,0.87,0.0,26.2,40.6,94.7
2024-10-25,MN06,343.0,343.8,0.0,0,0.0,0,1.23,2.6,32.9,66.7,100.0
2024-10-26,MN06,343.1,324.4,18.7,0,0.0,0,2.9,5.8,23.9,38.9,90.4
2024-10-27,MN06,343.2,344.4,0.0,0,0.0,0,1.79,0.0,27.7,42.3,100.0
2024-10-28,MN06,343.4,347.7,0.0,0,0.0,0,2.11,1.2,31.1,54.9,100.0
2024-10-29,MN06,343.5,329.3,14.3,0,0.0,0,0.57,2.7,29.4,40.4,96.3
2024-10-30,MN06,343.7,289.9,53.8,1,4.0,1,1.85,1.6,29.9,38.8,83.2
2024-10-31,MN06,343.8,336.5,7.4,0,0.0,0,0.28,5.2,34.9,50.5,93.4
2024-11-01,MN06,344.0,348.4,0.0,0,0.0,0,0.59,4.2,29.8,29.6,91.8
2024-11-02,MN06,344.2,329.7,14.5,0,0.0,0,1.33,0.0,31.2,56.7,100.0
2024-11-03,MN06,344.3,306.6,37.7,1,0.0,0,2.96,4.9,27.9,29.0,83.1
2024-11-04,MN06,344.5,318.0,26.5,0,4.0,1,0.78,0.5,26.6,38.2,98.7
2024-11-05,MN06,344.7,345.2,0.0,0,0.0,0,0.34,2.2,25.2,59.6,91.3
2024-11-06,MN06,344.9,336.7,8.1,0,0.0,0,1.4,2.8,21.4,44.4,96.8
2024-11-07,MN06,345.1,320.9,24.2,0,0.0,0,4.76,0.3,27.7,42.1,88.8
2024-11-08,MN06,345.3,322.5,22.8,0,0.0,0,1.87,0.0,21.5,38.0,95.4
2024-11-09,MN06,345.5,353.9,0.0,0,0.0,0,0.19,6.0,26.9,49.4,90.0
2024-11-10,MN06,345.7,319.6,26.0,0,0.0,0,0.1,4.9,22.5,35.7,82.7
2024-11-11,MN06,345.9,325.8,20.0,0,0.0,0,0.7,10.7,29.2,50.4,85.2
2024-11-12,MN06,346.1,328.5,17.6,0,0.0,0,0.37,0.0,39.7,31.1,93.5
2024-11-13,MN06,346.3,276.7,69.6,1,13.6,2,1.05,2.0,29.7,45.9,100.0
2024-11-14,MN06,346.5,334.5,12.0,0,0.0,0,0.18,0.0,25.8,60.5,86.6
2024-11-15,MN06,346.7,308.5,38.2,1,0.0,0,0.99,6.0,18.6,56.2,81.2
2024-11-16,MN06,347.0,350.0,0.0,0,0.0,0,1.24,0.0,28.1,74.2,92.9
2024-11-17,MN06,347.2,329.2,18.0,0,0.0,0,0.19,1.9,28.0,38.0,86.3
2024-11-18,MN06,347.4,316.0,31.4,0,0.0,0,1.95,3.0,30.5,46.9,99.3
2024-11-19,MN06,347.7,291.5,56.2,1,4.7,1,0.91,0.0,32.6,44.0,88.6
2024-11-20,MN06,347.9,335.5,12.4,0,0.0,0,2.52,6.4,28.8,63.1,89.3
2024-11-21,MN06,348.1,326.3,21.8,0,0.0,0,1.96,3.6,33.0,38.6,96.4
2024-11-22,MN06,348.4,345.2,3.2,0,0.0,0,1.0,5.7,22.4,42.0,95.4
2024-11-23,MN06,348.6,340.2,8.5,0,0.0,0,0.06,0.0,27.4,43.6,88.5
2024-11-24,MN06,348.9,333.9,15.0,0,0.0,0,0.9,0.0,18.9,37.9,97.1
2024-11-25,MN06,349.1,332.2,17.0,0,0.0,0,1.52,0.0,24.2,48.8,88.4
2024-11-26,MN06,349.4,323.6,25.8,0,5.3,1,0.91,3.5,32.5,40.8,100.0
2024-11-27,MN06,349.7,334.2,15.5,0,0.0,0,1.43,0.8,26.7,51.4,88.4
2024-11-28,MN06,349.9,350.4,0.0,0,0.0,0,1.28,4.3,26.8,34.4,98.9
2024-11-29,MN06,350.2,353.8,0.0,0,0.0,0,0.43,4.2,31.0,34.7,92.8
2024-11-30,MN06,350.5,316.1,34.3,0,7.5,1,0.4,1.6,18.6,28.7,94.5
2024-12-01,MN06,350.7,334.9,15.9,0,2.8,1,0.95,0.5,32.3,56.4,100.0
2024-12-02,MN06,351.0,323.5,27.5,0,0.0,0,3.0,5.8,26.5,36.2,97.2
2024-12-03,MN06,351.3,328.0,23.2,0,0.0,0,2.49,0.0,19.3,25.8,94.7
2024-12-04,MN06,351.6,338.8,12.7,0,0.0,0,0.63,6.8,28.6,37.1,86.1
2024-12-05,MN06,351.8,323.8,28.1,0,6.4,1,0.16,3.1,30.8,42.7,97.0
2024-12-06,MN06,352.1,351.8,0.3,0,0.0,0,0.42,1.9,32.8,41.3,96.9
2024-12-07,MN06,352.4,314.4,38.0,1,9.7,2,0.23,3.4,25.9,64.6,92.3
2024-12-08,MN06,352.7,347.2,5.5,0,0.0,0,0.19,1.7,31.4,31.8,97.8
2024-12-09,MN06,353.0,358.3,0.0,0,0.0,0,0.99,2.8,29.7,38.7,93.9
2024-12-10,MN06,353.3,338.8,14.5,0,1.6,1,1.42,5.4,23.0,34.5,96.2
2024-12-11,MN06,353.6,362.0,0.0,0,0.0,0,1.15,0.0,33.5,38.4,89.4
2024-12-12,MN06,353.9,310.7,43.2,1,5.0,1,2.55,7.3,34.2,21.9,93.2
2024-12-13,MN06,354.2,329.1,25.1,0,0.0,0,2.26,4.0,18.6,54.0,98.1
2024-12-14,MN06,354.5,341.7,12.7,0,0.0,0,0.53,1.9,29.9,51.8,87.7
2024-12-15,MN06,354.8,325.1,29.7,0,0.0,0,4.51,0.0,25.2,47.0,93.5
2024-12-16,MN06,355.1,335.9,19.2,0,0.0,0,2.89,4.2,36.2,45.1,97.2
2024-12-17,MN06,355.4,336.6,18.8,0,0.0,0,1.25,0.0,29.3,45.9,89.4
2024-12-18,MN06,355.7,332.7,22.9,0,0.0,0,0.25,2.2,25.8,42.6,88.9
2024-12-19,MN06,356.0,300.8,55.2,1,3.4,1,2.78,0.0,31.9,48.0,86.1
2024-12-20,MN06,356.3,319.6,36.7,1,0.0,0,5.41,0.7,24.8,47.5,93.6
2024-12-21,MN06,356.6,344.2,12.4,0,0.0,0,0.08,3.5,23.6,48.3,94.7
2024-12-22,MN06,356.9,330.3,26.6,0,0.0,0,0.91,0.6,30.3,48.4,83.9
2024-12-23,MN06,357.2,331.8,25.4,0,0.0,0,3.9,3.8,28.0,28.6,90.3
2024-12-24,MN06,357.5,316.4,41.1,1,0.0,0,2.2,0.0,28.3,53.4,82.0
2024-12-25,MN06,357.8,325.7,32.2,0,0.0,0,1.28,0.0,34.1,55.5,95.2
2024-12-26,MN06,358.1,347.7,10.5,0,0.0,0,1.61,4.7,32.5,52.8,90.0
2024-12-27,MN06,358.4,359.2,0.0,0,0.0,0,1.59,1.1,32.1,45.2,89.2
2024-12-28,MN06,358.7,353.9,4.8,0,0.0,0,0.14,4.5,26.8,50.3,97.3
2024-12-29,MN06,359.1,331.8,27.3,0,0.0,0,0.13,0.3,24.3,58.0,94.4
2024-12-30,MN06,359.4,320.5,38.9,1,6.7,2,0.77,2.7,33.6,45.9,100.0
2024-12-31,MN06,359.7,344.2,15.5,0,0.0,0,1.46,3.4,32.6,57.2,89.0
2025-01-01,MN06,359.5,301.6,57.9,1,7.9,1,0.84,5.5,26.5,56.9,86.9
2025-01-02,MN06,359.8,341.4,18.4,0,3.4,1,1.21,0.9,24.1,49.0,97.0
2025-01-03,MN06,360.1,347.0,13.1,0,0.0,0,0.17,3.5,28.4,47.9,86.5
2025-01-04,MN06,360.4,354.2,6.2,0,0.0,0,1.38,6.4,23.7,49.7,88.5
2025-01-05,MN06,360.7,385.3,0.0,0,0.0,0,0.18,2.1,31.0,33.0,94.2
2025-01-06,MN06,361.0,330.1,31.0,0,0.0,0,3.69,0.0,30.4,50.0,99.4
2025-01-07,MN06,361.4,346.0,15.4,0,0.0,0,0.1,3.3,26.1,40.2,98.6
2025-01-08,MN06,361.7,357.4,4.3,0,0.0,0,0.93,3.9,35.7,44.0,86.6
2025-01-09,MN06,362.0,361.7,0.3,0,0.0,0,0.57,5.5,26.5,48.9,93.7
2025-01-10,MN06,362.3,356.9,5.4,0,0.0,0,0.47,7.3,26.8,48.9,94.5
2025-01-11,MN06,362.6,357.6,5.0,0,0.0,0,0.33,4.7,25.1,49.8,93.3
2025-01-12,MN06,362.9,354.5,8.4,0,0.0,0,0.49,0.0,30.4,32.3,99.5
2025-01-13,MN06,363.2,283.1,80.1,1,12.9,2,1.48,7.8,25.2,49.3,90.1
2025-01-14,MN06,363.5,306.5,56.9,1,12.3,2,0.34,1.0,29.6,35.7,99.8
2025-01-15,MN06,363.8,360.6,3.1,0,0.0,0,1.62,4.1,27.0,59.0,98.3
2025-01-16,MN06,364.1,334.9,29.1,0,0.0,0,0.22,2.8,20.7,26.2,84.7
2025-01-17,MN06,364.4,342.9,21.5,0,0.0,0,0.1,0.0,22.6,69.0,98.3
2025-01-18,MN06,364.7,348.3,16.4,0,0.0,0,0.56,4.2,23.5,45.7,85.8
2025-01-19,MN06,365.0,359.7,5.3,0,0.0,0,0.02,4.7,25.3,53.1,93.7
2025-01-20,MN06,365.3,296.5,68.8,1,9.2,1,3.47,0.0,21.7,38.6,88.6
2025-01-21,MN06,365.6,363.7,1.9,0,0.0,0,1.14,2.1,18.3,47.2,95.6
2025-01-22,MN06,365.8,349.4,16.5,0,0.0,0,1.21,3.9,25.3,36.2,93.0
2025-01-23,MN06,366.1,331.5,34.6,0,0.0,0,2.2,1.3,29.3,34.0,89.3
2025-01-24,MN06,366.4,337.1,29.3,0,0.0,0,1.23,2.5,28.5,43.4,90.9
2025-01-25,MN06,366.7,358.1,8.6,0,0.0,0,0.86,0.0,28.5,60.5,98.3
2025-01-26,MN06,367.0,344.9,22.1,0,0.0,0,4.06,4.6,26.5,36.2,91.8
2025-01-27,MN06,367.3,369.7,0.0,0,0.0,0,0.56,6.6,30.3,49.3,92.7
2025-01-28,MN06,367.5,359.6,7.9,0,0.0,0,1.35,0.7,27.6,49.1,87.6
2025-01-29,MN06,367.8,367.3,0.5,0,0.0,0,0.15,0.0,28.5,32.9,89.8
2025-01-30,MN06,368.1,338.8,29.3,0,7.8,1,0.95,0.0,34.1,43.5,91.4
2025-01-31,MN06,368.3,366.1,2.2,0,0.0,0,0.05,0.0,27.3,54.3,89.2
2025-02-01,MN06,368.6,345.9,22.7,0,0.0,0,0.73,0.6,23.2,39.0,86.4
2025-02-02,MN06,368.9,340.8,28.1,0,6.8,1,0.7,0.7,26.4,42.1,95.6
2025-02-03,MN06,369.1,349.1,20.0,0,0.0,0,1.5,0.0,27.7,46.0,93.6
2025-02-04,MN06,369.4,377.4,0.0,0,0.0,0,0.19,1.7,31.5,31.4,93.9
2025-02-05,MN06,369.6,354.1,15.5,0,0.0,0,0.93,0.0,27.2,38.2,94.5
2025-02-06,MN06,369.9,337.2,32.7,0,7.5,1,0.29,5.6,31.2,47.8,97.2
2025-02-07,MN06,370.1,335.5,34.6,0,0.0,0,1.46,0.2,20.6,59.3,84.5
2025-02-08,MN06,370.4,283.5,86.9,1,13.8,2,2.76,0.0,26.5,53.2,100.0
2025-02-09,MN06,370.6,351.3,19.3,0,0.0,0,2.89,0.4,26.5,65.3,93.8
2025-02-10,MN06,370.9,337.2,33.6,0,9.1,2,0.37,1.4,31.0,56.5,89.8
2025-02-11,MN06,371.1,339.7,31.4,0,0.0,0,1.02,0.9,25.7,48.5,85.2
2025-02-12,MN06,371.3,360.3,11.0,0,0.0,0,0.96,7.2,25.4,55.7,91.8
2025-02-13,MN06,371.5,324.2,47.3,1,5.9,1,0.98,2.3,24.7,64.6,85.2
2025-02-14,MN06,371.8,366.1,5.7,0,0.0,0,0.21,6.9,31.4,42.8,100.0
2025-02-15,MN06,372.0,338.7,33.3,0,0.0,0,2.02,1.8,20.2,34.9,98.0
2025-02-16,MN06,372.2,307.1,65.1,1,2.9,1,0.01,1.1,29.4,39.2,82.1
2025-02-17,MN06,372.4,379.1,0.0,0,0.0,0,0.18,5.3,29.2,46.3,93.8
2025-02-18,MN06,372.6,373.5,0.0,0,0.0,0,0.56,3.9,25.1,47.5,100.0
2025-02-19,MN06,372.8,367.8,5.0,0,0.0,0,0.2,2.9,24.2,48.9,98.3
2025-02-20,MN06,373.0,368.5,4.6,0,0.0,0,1.56,2.9,28.6,43.7,100.0
2025-02-21,MN06,373.2,354.3,18.9,0,0.0,0,0.53,0.0,28.9,35.2,84.7
2025-02-22,MN06,373.4,321.9,51.6,1,6.3,2,0.19,0.0,26.5,40.0,95.7
2025-02-23,MN06,373.6,371.7,1.9,0,0.0,0,1.52,0.9,24.6,52.7,94.1
2025-02-24,MN06,373.8,357.0,16.8,0,0.0,0,2.17,4.2,30.1,47.2,100.0
2025-02-25,MN06,374.0,373.9,0.0,0,0.0,0,1.58,1.5,26.0,52.5,89.9
2025-02-26,MN06,374.1,359.4,14.8,0,6.4,1,0.2,0.0,25.3,34.5,97.7
2025-02-27,MN06,374.3,317.7,56.6,1,0.0,0,2.0,2.2,19.6,36.5,79.9
2025-02-28,MN06,374.5,372.6,1.9,0,0.0,0,0.44,1.0,27.6,49.9,94.6
2025-03-01,MN06,374.6,358.4,16.2,0,0.0,0,4.54,1.7,29.7,41.5,93.6
2025-03-02,MN06,374.8,378.2,0.0,0,0.0,0,0.26,0.0,21.4,42.0,93.1
2025-03-03,MN06,374.9,374.5,0.5,0,0.0,0,0.12,0.0,33.2,63.0,92.9
2025-03-04,MN06,375.1,349.0,26.1,0,0.0,0,0.23,0.0,35.3,51.8,84.6
2025-03-05,MN06,375.2,375.7,0.0,0,0.0,0,0.22,3.1,23.1,40.1,89.4
2025-03-06,MN06,375.4,349.0,26.3,0,0.0,0,2.87,5.0,27.4,47.4,95.2
2025-03-07,MN06,375.5,386.9,0.0,0,0.0,0,0.38,0.0,32.6,45.9,98.8
2025-03-08,MN06,375.6,380.5,0.0,0,0.0,0,0.09,5.0,25.0,63.4,90.9
2025-03-09,MN06,375.7,341.7,34.0,0,0.0,0,1.13,1.5,29.1,23.1,84.4
2025-03-10,MN06,375.9,361.0,14.9,0,0.0,0,0.88,0.0,27.0,27.9,90.1
2025-03-11,MN06,376.0,340.6,35.4,0,7.6,1,0.05,0.0,25.1,44.0,91.2
2025-03-12,MN06,376.1,340.9,35.1,0,5.2,1,1.99,0.3,27.1,27.8,97.3
2025-03-13,MN06,376.2,352.3,23.9,0,5.2,1,0.3,0.0,24.6,54.5,93.1
2025-03-14,MN06,376.3,343.6,32.7,0,0.0,0,0.53,0.4,21.4,43.8,94.8
2025-03-15,MN06,376.4,354.1,22.2,0,4.1,1,0.7,0.0,19.7,38.3,91.1
2025-03-16,MN06,376.5,343.8,32.6,0,4.0,1,0.13,0.0,21.3,40.7,100.0
2025-03-17,MN06,376.5,314.0,62.6,1,12.8,2,0.32,0.0,27.7,42.0,100.0
2025-03-18,MN06,376.6,376.8,0.0,0,0.0,0,0.34,2.6,26.8,57.2,100.0
2025-03-19,MN06,376.7,355.3,21.4,0,0.0,0,0.27,1.1,20.5,41.7,90.2
2025-03-20,MN06,376.8,372.9,3.9,0,0.0,0,0.02,0.0,25.1,54.2,96.5
2025-03-21,MN06,376.8,359.8,17.1,0,0.0,0,1.74,1.7,25.1,48.6,92.3
2025-03-22,MN06,376.9,384.7,0.0,0,0.0,0,0.3,1.4,25.2,47.4,94.5
2025-03-23,MN06,376.9,361.2,15.8,0,0.0,0,2.53,0.0,27.8,55.0,100.0
2025-03-24,MN06,377.0,334.5,42.4,1,0.0,0,0.42,3.3,29.9,27.2,82.5
2025-03-25,MN06,377.0,353.7,23.3,0,0.0,0,1.15,3.9,25.2,49.6,85.9
2025-03-26,MN06,377.1,346.3,30.8,0,8.8,2,0.15,3.6,30.6,34.2,92.1
2025-03-27,MN06,377.1,365.4,11.7,0,0.0,0,1.86,1.2,28.5,48.9,100.0
2025-03-28,MN06,377.1,341.3,35.8,0,0.0,0,1.28,2.0,36.4,28.9,82.2
2025-03-29,MN06,377.1,364.6,12.6,0,0.0,0,1.42,0.0,26.2,41.6,87.3
2025-03-30,MN06,377.1,366.6,10.5,0,0.0,0,0.64,1.7,24.8,42.1,95.4
2025-03-31,MN06,377.1,388.1,0.0,0,0.0,0,0.41,5.4,27.5,54.5,94.9
2025-04-01,MN06,377.1,366.2,10.9,0,0.0,0,0.48,0.0,37.9,62.8,90.0
2025-04-02,MN06,377.1,305.9,71.3,1,14.2,2,0.61,4.6,34.3,54.5,94.3
2025-04-03,MN06,377.1,363.2,13.9,0,0.0,0,0.14,3.4,37.5,51.1,91.6
2025-04-04,MN06,377.1,364.0,13.1,0,0.0,0,0.59,0.0,31.1,35.8,89.2
2025-04-05,MN06,377.1,374.2,2.9,0,0.0,0,0.28,2.1,31.9,48.0,97.6
2025-04-06,MN06,377.1,369.7,7.4,0,0.0,0,1.26,0.6,28.9,36.9,100.0
2025-04-07,MN06,377.1,376.4,0.6,0,0.0,0,0.28,3.2,37.3,20.0,100.0
2025-04-08,MN06,377.0,331.4,45.6,1,0.0,0,3.31,5.1,36.7,46.3,100.0
2025-04-09,MN06,377.0,294.7,82.3,1,5.3,1,6.51,5.0,39.4,47.5,93.8
2025-04-10,MN06,376.9,335.7,41.2,1,6.9,1,0.72,2.0,30.3,37.2,92.1
2025-04-11,MN06,376.9,372.9,4.0,0,1.0,1,0.0,3.8,27.8,48.4,87.8
2025-04-12,MN06,376.8,342.3,34.6,0,0.0,0,0.24,0.0,32.8,51.8,83.9
2025-04-13,MN06,376.8,381.1,0.0,0,0.0,0,1.06,0.0,28.9,74.3,99.5
2025-04-14,MN06,376.7,340.4,36.3,0,3.8,1,2.51,2.5,36.4,50.8,90.8
2025-04-15,MN06,376.6,341.1,35.6,0,0.0,0,5.5,3.9,35.3,27.4,88.7
2025-04-16,MN06,376.6,356.2,20.4,0,0.0,0,0.02,0.0,31.6,49.8,93.0
2025-04-17,MN06,376.5,312.7,63.7,1,0.0,0,2.46,0.3,34.2,43.7,85.0
2025-04-18,MN06,376.4,350.3,26.1,0,0.0,0,3.09,5.7,34.5,49.6,95.4
2025-04-19,MN06,376.3,368.8,7.5,0,0.0,0,0.24,0.0,30.9,68.2,99.5
2025-04-20,MN06,376.2,372.7,3.5,0,0.0,0,0.12,1.0,33.3,55.4,100.0
2025-04-21,MN06,376.1,369.9,6.2,0,0.0,0,0.09,3.9,30.1,27.8,92.8
2025-04-22,MN06,376.0,372.9,3.1,0,0.0,0,2.04,7.1,34.7,50.8,95.4
2025-04-23,MN06,375.9,376.6,0.0,0,0.0,0,0.24,0.0,28.8,48.0,92.7
2025-04-24,MN06,375.8,387.0,0.0,0,0.0,0,0.0,0.5,24.5,31.9,100.0
2025-04-25,MN06,375.6,390.5,0.0,0,0.0,0,0.21,4.1,36.6,49.5,97.3
2025-04-26,MN06,375.5,327.1,48.4,1,4.1,1,1.63,2.7,37.9,41.7,100.0
2025-04-27,MN06,375.4,336.9,38.5,1,0.0,0,2.62,2.9,35.9,42.8,100.0
2025-04-28,MN06,375.3,341.5,33.8,0,0.0,0,1.12,3.6,38.6,65.5,83.8
2025-04-29,MN06,375.1,299.2,75.9,1,16.1,3,0.1,7.5,37.5,42.5,98.1
2025-04-30,MN06,375.0,346.9,28.1,0,0.0,0,0.53,8.3,31.7,44.4,93.6
2025-05-01,MN06,374.8,363.6,11.2,0,0.0,0,0.85,2.1,37.5,61.3,97.9
2025-05-02,MN06,374.7,364.1,10.6,0,0.0,0,1.58,2.0,33.0,60.7,97.4
2025-05-03,MN06,374.5,276.7,97.8,1,0.0,0,5.05,0.0,35.6,48.3,73.7
2025-05-04,MN06,374.3,366.3,8.1,0,0.0,0,1.09,4.6,35.2,55.6,100.0
2025-05-05,MN06,374.2,370.6,3.5,0,0.0,0,0.26,0.9,38.9,47.4,100.0
2025-05-06,MN06,374.0,351.8,22.2,0,0.0,0,1.66,3.8,27.7,34.9,84.9
2025-05-07,MN06,373.8,362.4,11.4,0,2.4,1,1.25,0.0,39.9,59.2,98.4
2025-05-08,MN06,373.6,373.1,0.6,0,0.0,0,1.56,0.0,32.9,34.2,94.3
2025-05-09,MN06,373.5,339.6,33.8,0,6.5,1,0.01,0.0,35.2,43.3,100.0
2025-05-10,MN06,373.3,338.7,34.6,0,0.0,0,4.02,0.3,39.7,53.1,98.6
2025-05-11,MN06,373.1,333.5,39.6,1,0.0,0,5.08,4.0,29.3,50.0,97.2
2025-05-12,MN06,372.9,305.1,67.8,1,9.1,1,1.64,5.9,40.0,36.3,87.2
2025-05-13,MN06,372.7,365.1,7.5,0,0.0,0,1.17,0.3,36.1,39.5,91.4
2025-05-14,MN06,372.5,353.8,18.7,0,0.0,0,1.24,0.0,33.9,47.2,100.0
2025-05-15,MN06,372.2,333.6,38.7,1,0.0,0,0.54,8.9,31.8,56.1,83.0
2025-05-16,MN06,372.0,321.5,50.5,1,0.0,0,2.18,0.0,29.9,43.9,83.0
2025-05-17,MN06,371.8,359.0,12.9,0,5.0,1,1.24,1.0,30.9,28.5,94.5
2025-05-18,MN06,371.6,354.4,17.2,0,0.0,0,2.37,1.3,31.1,46.6,95.0
2025-05-19,MN06,371.4,331.9,39.4,1,4.8,1,0.09,7.6,28.4,54.2,87.1
2025-05-20,MN06,371.1,331.0,40.1,1,8.2,2,1.21,0.2,36.7,43.1,96.9
2025-05-21,MN06,370.9,300.4,70.5,1,5.5,1,2.2,0.0,34.7,56.1,85.2
2025-05-22,MN06,370.7,335.3,35.4,0,0.0,0,3.68,3.4,33.8,45.1,97.0
2025-05-23,MN06,370.4,353.6,16.9,0,0.0,0,1.63,4.5,36.4,61.3,94.5
2025-05-24,MN06,370.2,341.9,28.2,0,0.0,0,0.21,6.9,39.8,46.0,86.1
2025-05-25,MN06,369.9,391.8,0.0,0,0.0,0,0.13,0.1,34.5,57.5,96.1
2025-05-26,MN06,369.7,378.3,0.0,0,0.0,0,0.36,4.1,31.1,38.5,95.1
2025-05-27,MN06,369.4,370.8,0.0,0,0.0,0,0.03,0.0,33.4,42.0,92.7
2025-05-28,MN06,369.2,376.1,0.0,0,0.0,0,0.01,5.9,34.6,41.4,94.7
2025-05-29,MN06,368.9,355.1,13.8,0,2.0,1,0.43,0.0,35.1,46.9,100.0
2025-05-30,MN06,368.7,350.0,18.6,0,0.0,0,0.62,3.9,32.3,22.0,94.9
2025-05-31,MN06,368.4,359.6,8.8,0,0.0,0,0.97,3.8,30.5,45.4,87.4
2025-06-01,MN06,368.1,339.6,28.6,0,3.5,1,0.24,24.4,25.5,58.3,94.5
2025-06-02,MN06,367.9,355.9,12.0,0,4.0,1,0.69,17.3,29.9,74.7,96.5
2025-06-03,MN06,367.6,344.6,23.0,0,0.0,0,0.48,21.7,28.9,79.8,99.1
2025-06-04,MN06,367.3,311.0,56.3,1,11.4,2,0.42,7.4,20.7,75.8,90.3
2025-06-05,MN06,367.0,341.8,25.3,0,0.0,0,1.9,20.5,31.8,62.5,90.8
2025-06-06,MN06,366.8,337.5,29.2,0,8.4,1,0.08,18.8,25.0,69.1,96.6
2025-06-07,MN06,366.5,377.7,0.0,0,0.0,0,0.62,16.4,30.9,87.2,87.3
2025-06-08,MN06,366.2,334.5,31.7,0,0.0,0,0.74,13.4,34.8,87.4,95.9
2025-06-09,MN06,365.9,332.4,33.5,0,6.4,1,1.26,2.7,26.9,58.5,88.4
2025-06-10,MN06,365.6,371.1,0.0,0,0.0,0,0.0,26.0,26.5,74.9,90.8
2025-06-11,MN06,365.3,309.2,56.2,1,3.6,1,2.16,26.7,26.4,69.5,95.0
2025-06-12,MN06,365.0,358.8,6.2,0,0.0,0,1.1,14.2,27.3,78.2,97.0
2025-06-13,MN06,364.7,370.3,0.0,0,0.0,0,0.13,12.0,22.3,94.0,92.0
2025-06-14,MN06,364.4,327.1,37.3,1,4.7,1,0.44,5.6,31.5,71.2,83.7
2025-06-15,MN06,364.1,335.0,29.1,0,0.0,0,2.42,28.5,23.3,78.6,100.0
2025-06-16,MN06,363.8,335.7,28.1,0,0.0,0,0.86,25.9,27.6,63.4,87.6
2025-06-17,MN06,363.5,347.3,16.2,0,4.1,1,0.5,3.1,27.9,59.1,97.3
2025-06-18,MN06,363.2,310.8,52.5,1,4.0,1,1.09,11.5,29.6,76.5,83.6
2025-06-19,MN06,362.9,316.6,46.3,1,0.0,0,0.03,31.2,27.6,47.5,97.1
2025-06-20,MN06,362.6,340.9,21.8,0,5.9,1,0.16,12.3,26.2,71.8,95.4
2025-06-21,MN06,362.3,336.0,26.4,0,0.0,0,0.6,3.6,26.5,49.3,82.9
2025-06-22,MN06,362.0,330.1,32.0,0,0.0,0,2.4,38.4,24.9,72.6,95.9
2025-06-23,MN06,361.7,349.9,11.8,0,0.0,0,0.07,4.4,23.8,70.4,98.6
2025-06-24,MN06,361.4,358.6,2.8,0,0.0,0,0.21,15.8,33.8,69.1,95.2
2025-06-25,MN06,361.1,354.8,6.3,0,0.0,0,1.44,23.5,25.3,45.9,93.6
2025-06-26,MN06,360.8,355.2,5.6,0,0.0,0,1.3,16.9,23.4,74.0,89.3
2025-06-27,MN06,360.5,266.8,93.7,1,19.9,2,0.18,11.6,25.1,89.7,91.8
2025-06-28,MN06,360.2,315.2,45.0,1,0.0,0,5.72,7.2,27.3,82.1,100.0
2025-06-29,MN06,359.9,332.3,27.5,0,3.0,1,1.14,16.9,26.0,58.2,89.9
2025-06-30,MN06,359.6,365.5,0.0,0,0.0,0,0.37,19.3,24.8,72.4,94.7
2025-07-01,MN06,359.3,307.9,51.3,1,0.0,0,1.29,21.3,26.2,98.0,83.6
2025-07-02,MN06,358.9,311.1,47.9,1,0.0,0,2.63,27.7,26.1,66.6,85.3
2025-07-03,MN06,358.6,362.0,0.0,0,0.0,0,0.13,21.4,23.9,74.4,100.0
2025-07-04,MN06,358.3,337.2,21.1,0,0.0,0,1.05,15.2,24.8,68.6,91.8
2025-07-05,MN06,358.0,325.6,32.4,0,0.0,0,0.7,24.5,30.0,91.1,87.9
2025-07-06,MN06,357.7,362.1,0.0,0,0.0,0,1.74,21.4,21.6,72.9,94.4
2025-07-07,MN06,357.4,353.5,3.9,0,0.0,0,0.04,15.9,36.5,69.6,99.3
2025-07-08,MN06,357.1,309.5,47.6,1,6.6,1,0.34,23.8,30.9,70.6,88.8
2025-07-09,MN06,356.8,300.9,55.9,1,0.0,0,1.25,0.0,25.6,67.0,78.7
2025-07-10,MN06,356.5,286.1,70.4,1,5.7,1,0.16,16.7,27.5,74.7,82.9
2025-07-11,MN06,356.2,356.0,0.1,0,0.0,0,1.54,10.0,25.7,82.2,88.9
2025-07-12,MN06,355.9,331.4,24.4,0,3.4,1,1.57,21.6,23.8,61.6,100.0
2025-07-13,MN06,355.6,310.4,45.2,1,0.0,0,0.01,28.9,31.8,75.0,81.8
2025-07-14,MN06,355.3,315.4,39.9,1,0.0,0,0.2,29.7,31.2,78.8,87.7
2025-07-15,MN06,355.0,358.4,0.0,0,0.0,0,0.7,19.3,27.7,76.1,99.9
2025-07-16,MN06,354.7,332.0,22.7,0,0.0,0,0.18,5.9,27.7,79.8,86.4
2025-07-17,MN06,354.4,314.1,40.3,1,0.0,0,4.97,21.3,23.6,63.2,100.0
2025-07-18,MN06,354.1,357.2,0.0,0,0.0,0,0.4,18.3,26.8,66.9,98.2
2025-07-19,MN06,353.8,299.9,53.8,1,4.8,1,0.4,31.8,29.6,83.2,99.3
2025-07-20,MN06,353.5,348.6,4.9,0,0.0,0,0.78,6.4,25.2,52.0,99.8
2025-07-21,MN06,353.2,319.7,33.4,0,0.0,0,0.24,28.2,25.3,77.2,95.0
2025-07-22,MN06,352.9,318.0,34.9,0,0.0,0,0.2,11.6,31.4,71.1,85.5
2025-07-23,MN06,352.6,355.6,0.0,0,0.0,0,0.03,21.5,28.0,70.6,100.0
2025-07-24,MN06,352.3,325.5,26.8,0,0.0,0,1.02,9.3,24.1,84.1,84.8
2025-07-25,MN06,352.0,343.4,8.7,0,0.0,0,1.84,22.6,30.7,82.4,98.7
2025-07-26,MN06,351.7,332.1,19.7,0,0.0,0,1.48,24.5,32.3,81.3,93.8
2025-07-27,MN06,351.5,350.7,0.8,0,0.0,0,0.16,5.8,24.2,72.5,100.0
2025-07-28,MN06,351.2,279.4,71.8,1,3.7,1,4.67,24.5,27.7,73.1,93.2
2025-07-29,MN06,350.9,313.2,37.7,1,0.0,0,1.19,36.4,16.6,79.1,90.5
2025-07-30,MN06,350.6,303.8,46.8,1,4.3,1,0.36,26.8,29.5,65.3,100.0
2025-07-31,MN06,350.4,313.3,37.1,1,0.0,0,0.15,19.1,31.4,87.4,84.3
2025-08-01,MN06,350.1,321.2,28.9,0,0.0,0,0.08,31.6,29.2,71.1,96.8
2025-08-02,MN06,349.8,309.7,40.1,1,6.8,1,0.45,27.1,24.2,69.1,92.6
2025-08-03,MN06,349.6,346.4,3.1,0,0.0,0,1.01,5.2,26.4,88.7,87.8
2025-08-04,MN06,349.3,321.7,27.6,0,0.0,0,0.42,34.7,26.3,82.4,100.0
2025-08-05,MN06,349.1,295.9,53.2,1,0.0,0,0.52,16.9,28.0,85.3,77.1
2025-08-06,MN06,348.8,289.8,59.0,1,4.2,1,1.89,32.9,29.8,57.2,91.3
2025-08-07,MN06,348.5,330.8,17.8,0,0.0,0,3.19,12.3,27.4,81.8,95.3
2025-08-08,MN06,348.3,312.4,35.9,1,5.4,1,0.35,14.5,33.6,67.9,87.0
2025-08-09,MN06,348.1,329.4,18.7,0,0.0,0,2.26,19.2,26.0,63.9,92.9
2025-08-10,MN06,347.8,327.0,20.8,0,3.7,1,1.49,18.4,28.9,81.1,89.3
2025-08-11,MN06,347.6,329.2,18.4,0,0.0,0,0.08,28.5,29.0,83.1,100.0
2025-08-12,MN06,347.3,336.2,11.1,0,2.1,1,1.62,10.7,25.3,68.6,90.5
2025-08-13,MN06,347.1,285.4,61.7,1,5.9,1,0.31,33.4,23.7,75.1,98.9
2025-08-14,MN06,346.9,236.9,110.0,1,0.0,0,3.4,41.9,22.3,80.6,78.2
2025-08-15,MN06,346.7,293.8,52.8,1,7.3,1,1.25,25.8,30.5,76.9,87.3
2025-08-16,MN06,346.4,319.6,26.8,0,4.5,1,0.06,22.9,29.5,84.1,89.8
2025-08-17,MN06,346.2,311.8,34.4,0,0.0,0,0.26,33.6,26.5,86.0,100.0
2025-08-18,MN06,346.0,335.5,10.5,0,0.0,0,1.22,22.4,29.8,82.6,89.6
2025-08-19,MN06,345.8,315.4,30.4,0,0.0,0,2.28,15.8,27.4,81.9,87.8
2025-08-20,MN06,345.6,287.7,57.9,1,10.0,1,2.53,15.6,26.0,60.8,90.0
2025-08-21,MN06,345.4,335.2,10.2,0,0.0,0,0.6,22.7,28.0,64.6,92.6
2025-08-22,MN06,345.2,324.9,20.3,0,7.4,1,0.25,0.0,27.2,70.6,95.1
2025-08-23,MN06,345.0,278.2,66.8,1,2.2,1,1.67,29.7,29.2,80.2,87.8
2025-08-24,MN06,344.8,305.3,39.5,1,7.0,1,1.59,13.2,33.2,85.3,100.0
2025-08-25,MN06,344.6,338.6,6.0,0,0.0,0,0.69,11.6,20.4,71.8,88.3
2025-08-26,MN06,344.5,303.0,41.5,1,0.0,0,0.07,36.7,29.5,57.5,94.6
2025-08-27,MN06,344.3,315.5,28.8,0,0.0,0,5.33,21.9,27.6,72.8,93.5
2025-08-28,MN06,344.1,284.1,60.1,1,16.0,2,0.38,18.7,27.9,74.8,91.8
2025-08-29,MN06,343.9,338.8,5.1,0,0.0,0,3.0,7.5,26.3,82.6,95.4
2025-08-30,MN06,343.8,321.4,22.4,0,4.5,1,0.33,20.9,21.2,77.0,88.6
2025-08-31,MN06,343.6,325.2,18.4,0,0.0,0,1.88,16.7,27.2,76.3,100.0
2025-09-01,MN06,343.5,319.0,24.5,0,0.0,0,0.63,20.5,18.5,79.1,100.0
2025-09-02,MN06,343.3,321.3,22.0,0,0.0,0,1.03,13.7,29.0,87.5,100.0
2025-09-03,MN06,343.2,302.6,40.6,1,0.0,0,3.07,25.3,27.2,80.1,88.4
2025-09-04,MN06,343.0,291.9,51.1,1,6.2,1,3.86,0.1,25.4,92.6,95.1
2025-09-05,MN06,342.9,338.2,4.8,0,0.0,0,0.32,1.5,22.1,86.2,100.0
2025-09-06,MN06,342.8,330.4,12.4,0,0.0,0,0.86,18.2,27.1,77.8,95.0
2025-09-07,MN06,342.7,351.0,0.0,0,0.0,0,0.04,0.0,27.1,78.8,91.7
2025-09-08,MN06,342.5,340.5,2.1,0,0.0,0,0.52,13.7,29.5,73.8,98.1
2025-09-09,MN06,342.4,315.9,26.6,0,0.0,0,0.83,36.3,28.4,77.0,94.3
2025-09-10,MN06,342.3,345.9,0.0,0,0.0,0,0.09,19.4,25.1,81.6,100.0
2025-09-11,MN06,342.2,325.2,17.0,0,0.0,0,2.68,17.0,19.7,69.4,98.0
2025-09-12,MN06,342.1,308.7,33.4,0,4.5,1,0.42,0.0,30.6,61.9,89.6
2025-09-13,MN06,342.0,299.2,42.8,1,0.0,0,0.75,39.2,30.9,65.2,90.2
2025-09-14,MN06,341.9,307.9,34.0,0,0.0,0,0.12,36.0,23.4,74.9,91.5
2025-09-15,MN06,341.9,339.7,2.1,0,0.0,0,0.06,21.6,24.6,89.4,86.4
2025-09-16,MN06,341.8,235.9,105.8,1,9.5,1,4.74,35.7,23.6,73.1,94.5
2025-09-17,MN06,341.7,322.4,19.3,0,0.0,0,1.66,9.5,31.6,78.1,93.4
2025-09-18,MN06,341.6,307.3,34.3,1,0.0,0,3.84,19.9,26.9,73.2,89.5
2025-09-19,MN06,341.6,334.5,7.1,0,0.0,0,0.96,13.0,28.3,76.4,96.6
2025-09-20,MN06,341.5,283.9,57.6,1,5.4,1,0.48,8.7,29.6,82.5,81.3
2025-09-21,MN06,341.5,328.8,12.7,0,2.9,1,1.22,14.3,32.3,71.1,91.8
2025-09-22,MN06,341.4,282.2,59.2,1,4.2,1,0.98,26.0,23.8,76.0,85.7
2025-09-23,MN06,341.4,314.4,26.9,0,7.4,1,0.79,6.7,26.1,69.8,94.1
2025-09-24,MN06,341.3,345.1,0.0,0,0.0,0,0.1,18.2,25.8,81.3,91.9
2025-09-25,MN06,341.3,317.6,23.7,0,6.4,1,0.85,9.9,33.2,84.4,93.7
2025-09-26,MN06,341.3,316.8,24.5,0,0.0,0,3.39,0.0,23.6,72.4,89.8
2025-09-27,MN06,341.3,340.6,0.6,0,0.0,0,1.36,14.7,30.5,78.7,86.2
2025-09-28,MN06,341.2,337.5,3.8,0,0.0,0,0.16,24.8,22.9,77.6,99.1
2025-09-29,MN06,341.2,303.2,38.0,1,0.0,0,0.94,17.8,29.5,79.6,82.8
2025-09-30,MN06,341.2,335.8,5.4,0,0.0,0,0.19,17.5,25.0,75.8,92.9
2025-10-01,MN06,341.2,321.9,19.3,0,4.6,1,1.3,0.0,22.7,39.4,100.0
2025-10-02,MN06,341.2,323.7,17.5,0,0.0,0,1.23,2.7,29.9,58.3,97.3
2025-10-03,MN06,341.2,351.7,0.0,0,1.7,1,0.62,5.6,32.9,42.6,93.4
2025-10-04,MN06,341.3,336.1,5.2,0,2.1,1,0.11,0.0,27.0,32.0,90.1
2025-10-05,MN06,341.3,331.8,9.5,0,0.0,0,0.53,0.0,24.5,36.4,93.2
2025-10-06,MN06,341.3,329.8,11.5,0,0.0,0,0.07,5.3,26.9,41.4,91.1
2025-10-07,MN06,341.3,287.4,54.0,1,5.3,1,0.81,0.0,24.0,46.7,84.1
2025-10-08,MN06,341.4,353.7,0.0,0,0.0,0,0.28,4.4,28.4,61.1,91.5
2025-10-09,MN06,341.4,328.0,13.5,0,0.0,0,0.74,1.7,27.7,33.7,92.9
2025-10-10,MN06,341.5,331.3,10.2,0,0.0,0,2.5,0.0,22.6,34.0,97.3
2025-10-11,MN06,341.5,324.1,17.4,0,4.7,1,0.42,3.9,28.9,38.7,88.6
2025-10-12,MN06,341.6,302.3,39.3,1,4.5,1,0.02,2.9,28.5,61.6,95.7
2025-10-13,MN06,341.7,335.8,5.8,0,0.0,0,0.42,0.0,25.9,53.2,90.1
2025-10-14,MN06,341.7,280.0,61.7,1,13.6,2,0.96,3.8,29.8,48.9,96.2
2025-10-15,MN06,341.8,345.2,0.0,0,0.0,0,0.18,4.9,32.9,49.6,93.7
2025-10-16,MN06,341.9,338.5,3.4,0,0.0,0,0.35,9.8,31.5,57.2,87.8
2025-10-17,MN06,342.0,334.8,7.1,0,0.0,0,0.68,0.6,24.9,51.7,100.0
2025-10-18,MN06,342.1,311.9,30.2,0,2.9,1,1.06,0.0,25.5,52.9,88.7
2025-10-19,MN06,342.2,330.5,11.6,0,0.0,0,0.29,0.0,22.8,42.3,88.7
2025-10-20,MN06,342.3,320.3,22.0,0,0.0,0,1.86,4.6,27.6,46.9,95.8
2025-10-21,MN06,342.4,300.5,41.9,1,3.0,1,2.35,6.5,29.3,37.2,89.1
2025-10-22,MN06,342.5,319.3,23.1,0,0.0,0,4.11,5.8,25.2,51.8,98.8
2025-10-23,MN06,342.6,342.0,0.5,0,0.0,0,0.67,3.3,26.2,52.8,89.0
2025-10-24,MN06,342.7,361.6,0.0,0,0.0,0,0.03,0.0,28.9,65.4,93.2
2025-10-25,MN06,342.8,320.0,22.8,0,0.0,0,0.26,0.0,27.8,54.6,89.5
2025-10-26,MN06,343.0,313.8,29.2,0,0.0,0,2.09,5.7,27.6,52.6,96.4
2025-10-27,MN06,343.1,325.5,17.6,0,0.0,0,2.09,0.0,34.3,51.5,95.0
2025-10-28,MN06,343.2,314.3,29.0,0,0.0,0,0.06,4.9,31.9,48.8,87.8
2025-10-29,MN06,343.4,346.2,0.0,0,0.0,0,0.14,2.2,27.9,48.0,94.5
2025-10-30,MN06,343.5,338.6,5.0,0,0.0,0,0.61,9.8,22.3,43.4,93.4
2025-10-31,MN06,343.7,320.4,23.3,0,3.4,1,0.03,4.0,28.6,37.9,89.9
2025-11-01,MN06,343.8,321.1,22.8,0,4.2,1,0.14,0.7,28.8,36.2,97.4
2025-11-02,MN06,344.0,326.5,17.5,0,0.0,0,0.57,0.0,27.3,69.6,95.7
2025-11-03,MN06,344.2,335.3,8.8,0,0.0,0,1.88,2.7,25.7,65.2,88.1
2025-11-04,MN06,344.3,326.6,17.7,0,0.0,0,1.34,7.5,31.3,47.2,87.7
2025-11-05,MN06,344.5,337.6,6.9,0,0.0,0,0.44,0.0,24.5,50.2,88.6
2025-11-06,MN06,344.7,352.7,0.0,0,0.0,0,0.3,0.0,30.7,34.7,100.0
2025-11-07,MN06,344.9,332.2,12.7,0,1.1,1,0.61,1.4,30.9,52.1,97.6
2025-11-08,MN06,345.1,293.9,51.2,1,0.0,0,0.47,2.6,27.2,51.7,76.3
2025-11-09,MN06,345.3,344.6,0.7,0,0.0,0,0.62,1.3,34.5,39.5,90.4
2025-11-10,MN06,345.5,335.6,9.9,0,0.0,0,0.51,8.5,30.1,58.2,91.5
2025-11-11,MN06,345.7,269.5,76.2,1,11.6,2,0.44,0.1,22.5,39.1,87.4
2025-11-12,MN06,345.9,329.6,16.3,0,0.0,0,2.83,0.1,25.7,48.1,95.7
2025-11-13,MN06,346.1,349.7,0.0,0,0.0,0,0.53,1.7,26.6,41.1,91.4
2025-11-14,MN06,346.3,315.5,30.8,0,0.0,0,2.13,9.9,27.1,45.4,100.0
2025-11-15,MN06,346.5,332.0,14.5,0,0.0,0,1.48,1.0,27.2,48.5,93.4
2025-11-16,MN06,346.7,331.9,14.9,0,0.0,0,1.95,0.0,25.9,49.2,100.0
2025-11-17,MN06,347.0,345.4,1.6,0,0.0,0,1.58,0.0,21.9,27.1,87.6
2025-11-18,MN06,347.2,314.4,32.8,0,10.4,2,0.31,4.3,23.4,51.6,88.4
2025-11-19,MN06,347.4,293.4,54.0,1,0.0,0,2.44,0.0,35.4,35.5,82.0
2025-11-20,MN06,347.7,300.5,47.2,1,0.0,0,1.31,5.9,25.6,43.5,84.1
2025-11-21,MN06,347.9,339.0,8.9,0,0.0,0,0.57,1.9,25.5,32.9,100.0
2025-11-22,MN06,348.1,314.9,33.2,0,0.0,0,2.77,0.1,29.5,34.3,96.7
2025-11-23,MN06,348.4,331.2,17.2,0,0.0,0,0.08,0.0,24.9,60.1,98.1
2025-11-24,MN06,348.6,341.7,7.0,0,0.0,0,1.79,0.4,23.9,40.8,97.7
2025-11-25,MN06,348.9,291.0,57.9,1,0.0,0,8.14,6.0,27.8,50.8,93.5
2025-11-26,MN06,349.1,356.5,0.0,0,0.0,0,0.95,3.2,33.6,40.9,86.6
2025-11-27,MN06,349.4,318.8,30.6,0,0.0,0,5.07,5.9,19.7,46.9,88.7
2025-11-28,MN06,349.7,344.8,4.9,0,0.0,0,0.97,2.6,25.7,42.5,94.7
2025-11-29,MN06,349.9,355.6,0.0,0,0.0,0,0.16,6.7,29.9,44.5,95.5
2025-11-30,MN06,350.2,342.4,7.8,0,0.0,0,0.29,9.2,29.2,40.3,98.8
2025-12-01,MN06,350.5,322.4,28.1,0,5.5,1,0.4,0.3,33.6,63.6,98.4
2025-12-02,MN06,350.7,296.4,54.3,1,8.8,2,1.45,1.1,33.6,45.1,95.4
2025-12-03,MN06,351.0,350.2,0.8,0,0.0,0,0.06,0.2,33.2,50.0,98.2
2025-12-04,MN06,351.3,278.5,72.8,1,10.2,2,3.08,2.2,29.9,35.7,92.2
2025-12-05,MN06,351.6,312.2,39.4,1,0.0,0,1.62,2.1,27.6,27.9,82.0
2025-12-06,MN06,351.8,338.0,13.9,0,0.0,0,0.28,0.0,29.8,39.4,82.5
2025-12-07,MN06,352.1,312.6,39.6,1,8.0,1,1.01,0.0,22.5,49.2,89.6
2025-12-08,MN06,352.4,325.5,26.9,0,0.0,0,1.8,1.3,26.0,41.9,94.1
2025-12-09,MN06,352.7,343.0,9.7,0,0.0,0,0.5,1.4,28.1,45.3,90.4
2025-12-10,MN06,353.0,328.0,25.0,0,0.0,0,1.38,8.9,22.1,52.1,92.3
2025-12-11,MN06,353.3,334.8,18.5,0,0.0,0,0.62,4.0,31.3,38.1,90.9
2025-12-12,MN06,353.6,336.0,17.6,0,0.0,0,2.39,6.0,26.4,34.8,89.1
2025-12-13,MN06,353.9,363.9,0.0,0,0.0,0,0.82,5.6,31.9,41.2,93.0
2025-12-14,MN06,354.2,351.3,2.9,0,0.0,0,0.75,3.2,31.5,48.3,98.4
2025-12-15,MN06,354.5,304.6,49.8,1,4.5,1,0.57,6.7,25.4,45.3,83.5
2025-12-16,MN06,354.8,348.2,6.5,0,0.0,0,1.34,5.6,27.3,36.0,96.0
2025-12-17,MN06,355.1,345.8,9.2,0,0.0,0,0.82,1.4,23.1,48.3,88.0
2025-12-18,MN06,355.4,345.0,10.3,0,0.0,0,0.59,3.3,25.2,27.9,100.0
2025-12-19,MN06,355.7,359.8,0.0,0,0.0,0,1.16,0.0,31.3,53.6,91.1
2025-12-20,MN06,356.0,334.7,21.2,0,0.0,0,1.47,1.1,31.1,48.0,93.5
2025-12-21,MN06,356.3,337.7,18.6,0,0.0,0,0.81,0.0,25.4,30.1,98.8
2025-12-22,MN06,356.6,328.5,28.1,0,0.0,0,2.02,2.3,30.9,45.9,87.9
2025-12-23,MN06,356.9,339.7,17.2,0,0.0,0,3.55,0.7,22.1,57.1,93.3
2025-12-24,MN06,357.2,333.8,23.4,0,0.0,0,1.36,0.0,30.0,43.0,100.0
2025-12-25,MN06,357.5,341.2,16.3,0,0.0,0,2.04,1.9,28.0,53.4,100.0
2025-12-26,MN06,357.8,369.7,0.0,0,0.0,0,0.11,3.4,28.4,40.0,93.2
2025-12-27,MN06,358.1,325.1,33.1,0,7.0,1,0.81,4.7,28.5,42.0,98.3
2025-12-28,MN06,358.4,361.8,0.0,0,0.0,0,0.23,0.0,18.0,39.6,88.7
2025-12-29,MN06,358.7,330.2,28.6,0,0.0,0,2.74,0.0,28.9,36.4,95.6
2025-12-30,MN06,359.1,352.3,6.8,0,0.0,0,1.34,0.0,26.4,46.3,97.2
2025-12-31,MN06,359.4,336.2,23.2,0,2.8,1,3.33,0.4,26.2,58.6,95.6
2026-01-01,MN06,359.5,348.9,10.6,0,0.0,0,0.33,0.0,31.4,53.9,98.2
2026-01-02,MN06,359.8,368.9,0.0,0,0.0,0,1.21,0.0,24.2,35.1,97.2
2026-01-03,MN06,360.1,366.6,0.0,0,0.0,0,1.09,0.0,26.1,44.3,98.1
2026-01-04,MN06,360.4,368.8,0.0,0,0.0,0,0.4,4.6,28.8,35.0,99.0
2026-01-05,MN06,360.7,349.7,11.1,0,0.0,0,1.51,0.0,28.9,30.3,94.2
2026-01-06,MN06,361.0,328.0,33.1,0,0.0,0,1.25,5.5,26.1,58.5,87.9
2026-01-07,MN06,361.4,321.8,39.6,1,10.1,2,0.89,1.2,31.1,40.1,89.2
2026-01-08,MN06,361.7,322.2,39.4,1,0.0,0,0.71,2.6,25.7,47.1,90.6
2026-01-09,MN06,362.0,363.6,0.0,0,0.0,0,0.85,0.1,26.3,36.9,90.1
2026-01-10,MN06,362.3,357.1,5.2,0,1.1,1,0.56,0.3,26.0,41.0,98.3
2026-01-11,MN06,362.6,336.6,25.9,0,0.0,0,1.59,4.8,32.1,33.6,86.5
2026-01-12,MN06,362.9,348.4,14.4,0,0.0,0,1.83,2.4,27.6,41.2,89.0
2026-01-13,MN06,363.2,311.2,51.9,1,0.0,0,1.53,4.4,26.5,36.6,78.6
2026-01-14,MN06,363.5,337.8,25.7,0,4.8,1,0.71,0.0,34.7,46.8,99.0
2026-01-15,MN06,363.8,351.9,11.8,0,0.0,0,0.97,3.8,23.8,48.6,88.1
2026-01-16,MN06,364.1,366.2,0.0,0,0.0,0,0.16,3.7,38.6,50.7,99.4
2026-01-17,MN06,364.4,361.7,2.6,0,0.0,0,0.05,5.1,27.3,68.7,96.3
2026-01-18,MN06,364.7,337.5,27.2,0,0.0,0,1.91,1.7,25.7,49.1,100.0
2026-01-19,MN06,365.0,323.8,41.2,1,4.0,1,1.41,0.3,24.9,56.4,100.0
2026-01-20,MN06,365.3,343.4,21.9,0,0.5,1,1.44,1.7,34.0,44.8,89.3
2026-01-21,MN06,365.6,355.5,10.0,0,0.0,0,2.0,2.8,18.9,54.6,94.3
2026-01-22,MN06,365.8,338.9,26.9,0,4.6,1,2.02,4.4,30.3,53.5,100.0
2026-01-23,MN06,366.1,343.5,22.6,0,1.5,1,2.02,2.1,30.0,41.6,89.6
2026-01-24,MN06,366.4,315.7,50.8,1,4.0,1,2.52,5.1,30.2,48.8,86.9
2026-01-25,MN06,366.7,350.7,16.0,0,0.0,0,1.25,0.0,32.3,52.6,95.9
2026-01-26,MN06,367.0,367.0,0.0,0,0.0,0,0.51,1.5,24.8,45.5,100.0
2026-01-27,MN06,367.3,345.1,22.1,0,0.0,0,2.49,4.2,29.3,38.3,93.7
2026-01-28,MN06,367.5,371.2,0.0,0,0.0,0,0.33,1.3,33.6,35.2,100.0
2026-01-29,MN06,367.8,362.8,5.0,0,0.0,0,2.39,0.0,22.6,41.7,97.2
2026-01-30,MN06,368.1,349.0,19.0,0,0.0,0,1.12,1.2,27.2,43.0,95.4
2026-01-31,MN06,368.3,371.2,0.0,0,0.0,0,0.11,2.9,21.0,46.4,99.5
2026-02-01,MN06,368.6,360.4,8.2,0,0.0,0,0.19,3.0,32.2,38.8,97.6
2026-02-02,MN06,368.9,345.7,23.2,0,0.0,0,0.95,3.5,21.7,58.7,96.2
2026-02-03,MN06,369.1,374.7,0.0,0,0.0,0,0.53,3.2,21.4,55.9,92.7
2026-02-04,MN06,369.4,365.2,4.2,0,0.0,0,0.11,0.0,33.5,48.0,92.2
2026-02-05,MN06,369.6,361.9,7.7,0,0.0,0,4.01,0.9,31.6,48.8,90.7
2026-02-06,MN06,369.9,364.3,5.6,0,0.0,0,0.16,3.4,26.0,33.1,90.8
2026-02-07,MN06,370.1,360.3,9.8,0,0.0,0,0.87,0.0,30.8,44.3,97.3
2026-02-08,MN06,370.4,312.9,57.5,1,9.6,1,2.35,0.0,26.3,42.3,100.0
2026-02-09,MN06,370.6,356.3,14.3,0,0.0,0,1.61,6.3,29.7,42.0,100.0
2026-02-10,MN06,370.9,366.6,4.2,0,0.0,0,0.97,0.0,26.2,38.8,94.2
2026-02-11,MN06,371.1,335.0,36.1,0,0.0,0,1.54,2.1,30.8,62.8,82.5
2026-02-12,MN06,371.3,290.8,80.5,1,8.6,1,4.3,4.9,18.7,47.2,90.7
2026-02-13,MN06,371.5,338.1,33.5,0,6.3,1,1.06,6.3,28.2,34.8,88.5
2026-02-14,MN06,371.8,364.6,7.1,0,0.0,0,0.49,4.7,25.9,30.6,99.9
2026-02-15,MN06,372.0,318.9,53.1,1,4.8,1,3.42,0.0,25.8,37.1,95.9
2026-02-16,MN06,372.2,382.4,0.0,0,0.0,0,0.02,4.9,24.0,33.8,100.0
2026-02-17,MN06,372.4,360.3,12.2,0,0.0,0,0.88,2.2,17.9,56.6,95.7
2026-02-18,MN06,372.6,342.6,30.0,0,2.4,1,0.72,0.4,31.7,48.5,93.1
2026-02-19,MN06,372.8,349.9,22.9,0,0.0,0,0.09,3.4,25.2,30.2,85.4
2026-02-20,MN06,373.0,338.1,34.9,0,0.0,0,1.41,2.2,36.0,58.1,83.0
2026-02-21,MN06,373.2,351.2,22.0,0,5.3,1,0.49,1.5,31.0,29.5,100.0
2026-02-22,MN06,373.4,343.1,30.3,0,6.2,1,0.45,6.2,26.9,51.5,92.8
2026-02-23,MN06,373.6,325.1,48.5,1,7.8,1,0.72,4.1,23.7,57.7,90.7
2026-02-24,MN06,373.8,349.9,23.8,0,0.0,0,1.06,0.0,25.8,72.6,86.8
2026-02-25,MN06,374.0,354.5,19.4,0,0.0,0,0.69,3.6,25.7,29.0,96.2
2026-02-26,MN06,374.1,377.0,0.0,0,0.0,0,0.42,2.3,28.6,40.8,92.4
2026-02-27,MN06,374.3,365.6,8.7,0,1.8,1,0.28,2.0,22.9,54.5,96.9
2026-02-28,MN06,374.5,333.4,41.1,1,7.2,1,0.3,3.2,29.0,20.0,95.2
2026-03-01,MN06,374.6,364.8,9.9,0,0.0,0,0.3,2.4,31.5,48.4,92.1
2026-03-02,MN06,374.8,345.9,28.9,0,0.0,0,0.87,0.0,22.8,35.9,88.6
2026-03-03,MN06,374.9,362.4,12.6,0,0.0,0,0.73,0.0,24.1,48.4,91.6
2026-03-04,MN06,375.1,356.2,18.9,0,3.9,1,0.45,2.7,30.3,39.1,94.2
2026-03-05,MN06,375.2,367.9,7.3,0,2.6,1,0.17,7.7,25.6,36.0,94.6
2026-03-06,MN06,375.4,349.8,25.6,0,0.0,0,0.43,7.6,25.3,37.7,82.6
2026-03-07,MN06,375.5,375.3,0.2,0,0.0,0,1.37,2.4,24.9,34.4,92.7
2026-03-08,MN06,375.6,348.5,27.1,0,0.0,0,0.55,0.0,30.2,35.3,93.3
2026-03-09,MN06,375.7,300.1,75.7,1,7.2,1,1.59,1.6,26.3,64.3,85.5
2026-03-10,MN06,375.9,377.1,0.0,0,0.0,0,1.35,2.3,23.0,35.0,98.2
2026-03-11,MN06,376.0,329.1,46.8,1,10.4,2,0.21,0.0,28.2,38.7,97.3
2026-03-12,MN06,376.1,347.8,28.3,0,0.0,0,2.43,2.3,21.4,52.9,88.9
2026-03-13,MN06,376.2,343.2,33.0,0,4.7,1,0.82,1.0,33.6,50.4,98.2
2026-03-14,MN06,376.3,349.7,26.6,0,4.7,1,0.29,4.2,26.1,32.3,100.0
2026-03-15,MN06,376.4,389.2,0.0,0,0.0,0,0.5,0.0,34.3,50.1,87.5
2026-03-16,MN06,376.5,305.6,70.8,1,13.1,3,0.2,0.5,21.8,56.9,99.1
2026-03-17,MN06,376.5,361.6,15.0,0,0.0,0,2.72,5.1,26.6,47.5,95.2
2026-03-18,MN06,376.6,369.4,7.2,0,0.0,0,3.55,1.0,25.0,58.1,93.4
2026-03-19,MN06,376.7,330.6,46.1,1,4.8,1,4.44,6.2,23.9,34.5,91.6
2026-03-20,MN06,376.8,356.3,20.5,0,0.0,0,0.37,3.5,26.5,70.5,86.2
2026-03-21,MN06,376.8,358.0,18.8,0,0.0,0,1.92,1.6,28.0,57.2,87.8
2026-03-22,MN06,376.9,379.9,0.0,0,0.0,0,1.6,4.6,30.8,21.5,100.0
2026-03-23,MN06,376.9,375.7,1.3,0,0.0,0,1.22,2.4,19.8,69.9,95.3
2026-03-24,MN06,377.0,372.8,4.2,0,0.0,0,0.55,0.0,20.9,54.4,93.1
2026-03-25,MN06,377.0,290.8,86.2,1,16.5,2,0.01,0.0,24.2,35.9,91.5
2026-03-26,MN06,377.1,352.3,24.7,0,0.0,0,3.41,0.0,29.0,67.7,91.6
2026-03-27,MN06,377.1,387.2,0.0,0,0.0,0,1.0,2.2,22.6,42.5,100.0
2026-03-28,MN06,377.1,364.9,12.2,0,0.0,0,2.06,0.0,26.4,36.6,94.5
2026-03-29,MN06,377.1,382.5,0.0,0,0.0,0,1.12,0.6,27.7,47.2,96.4
2026-03-30,MN06,377.1,390.6,0.0,0,0.0,0,0.99,0.0,17.6,49.1,96.4
2026-03-31,MN06,377.1,369.8,7.4,0,0.0,0,1.19,1.3,27.4,55.1,98.3
2026-04-01,MN06,377.1,343.8,33.4,0,6.1,1,0.65,0.0,36.1,55.8,92.4
2026-04-02,MN06,377.1,354.9,22.2,0,0.0,0,1.2,2.9,31.9,40.5,86.2
2026-04-03,MN06,377.1,334.2,42.9,1,0.0,0,0.92,10.4,31.9,54.8,82.4
2026-04-04,MN06,377.1,355.3,21.9,0,0.0,0,0.56,0.6,42.3,55.3,91.6
2026-04-05,MN06,377.1,355.6,21.5,0,4.6,1,0.7,5.4,37.1,57.1,99.3
2026-04-06,MN06,377.1,379.2,0.0,0,0.0,0,1.2,0.0,34.6,41.6,89.0
2026-04-07,MN06,377.1,319.8,57.3,1,0.0,0,4.77,0.0,41.5,40.8,95.4
2026-04-08,MN06,377.0,400.7,0.0,0,0.0,0,0.19,0.0,32.5,40.2,92.5
2026-04-09,MN06,377.0,353.7,23.3,0,0.0,0,2.84,3.7,32.7,31.2,94.6
2026-04-10,MN06,376.9,372.3,4.6,0,0.0,0,0.49,0.1,31.8,52.7,97.0
2026-04-11,MN06,376.9,317.3,59.6,1,0.0,0,3.17,0.0,39.9,42.4,100.0
2026-04-12,MN06,376.8,362.4,14.4,0,0.0,0,0.59,5.9,36.4,43.5,88.4
2026-04-13,MN06,376.8,342.8,34.0,0,0.0,0,0.72,2.6,34.9,45.1,83.0
2026-04-14,MN06,376.7,372.1,4.6,0,0.0,0,2.33,0.0,37.4,48.9,94.5
2026-04-15,MN06,376.6,362.8,13.8,0,2.5,1,1.28,0.0,30.4,44.1,86.1
2026-04-16,MN06,376.6,363.9,12.7,0,0.0,0,2.51,1.8,34.9,47.2,100.0
2026-04-17,MN06,376.5,349.1,27.4,0,0.0,0,4.81,0.0,34.0,38.2,98.3
2026-04-18,MN06,376.4,336.6,39.8,1,7.8,2,1.15,3.8,37.8,43.1,93.6
2026-04-19,MN06,376.3,358.4,17.9,0,0.0,0,4.94,0.9,33.5,34.2,100.0
2026-04-20,MN06,376.2,363.7,12.5,0,0.0,0,0.97,3.7,36.3,50.8,92.1
2026-04-21,MN06,376.1,339.9,36.2,0,7.5,1,0.01,5.4,35.3,29.9,94.5
2026-04-22,MN06,376.0,343.1,32.9,0,4.3,1,0.73,1.2,35.5,61.6,91.3
2026-04-23,MN06,375.9,376.6,0.0,0,0.0,0,0.94,3.0,39.1,40.2,100.0
2026-04-24,MN06,375.8,371.8,4.0,0,0.0,0,0.63,1.4,36.2,61.5,100.0
2026-04-25,MN06,375.6,284.4,91.3,1,10.5,2,0.17,0.0,32.7,43.7,79.4
2026-04-26,MN06,375.5,352.8,22.8,0,4.7,1,0.45,2.3,30.6,38.4,95.7
2026-04-27,MN06,375.4,368.6,6.7,0,0.0,0,0.22,0.0,34.1,51.8,100.0
2026-04-28,MN06,375.3,360.7,14.5,0,0.0,0,0.82,2.6,31.5,56.0,97.8
2026-04-29,MN06,375.1,330.8,44.3,1,0.0,0,3.44,0.0,38.7,52.6,100.0
2026-04-30,MN06,375.0,349.9,25.1,0,0.0,0,2.27,7.2,40.0,55.8,92.0
2026-05-01,MN06,374.8,372.2,2.6,0,0.0,0,1.33,3.9,38.1,41.1,100.0
2026-05-02,MN06,374.7,351.2,23.5,0,0.0,0,1.61,0.1,32.6,48.8,97.1
2026-05-03,MN06,374.5,386.4,0.0,0,0.0,0,0.92,2.8,38.7,58.1,96.2
2026-05-04,MN06,374.3,320.1,54.2,1,10.5,2,0.3,2.6,35.7,63.3,91.9
2026-05-05,MN06,374.2,337.3,36.8,0,0.0,0,0.17,4.0,36.3,51.9,81.0
2026-05-06,MN06,374.0,358.7,15.3,0,0.0,0,1.54,2.3,27.6,33.6,93.1
2026-05-07,MN06,373.8,348.2,25.6,0,0.0,0,1.43,2.9,25.1,55.0,94.7
2026-05-08,MN06,373.6,356.8,16.8,0,0.0,0,0.75,2.6,34.8,41.2,93.2
2026-05-09,MN06,373.5,356.2,17.2,0,0.0,0,3.38,0.0,30.1,33.0,95.0
2026-05-10,MN06,373.3,345.7,27.6,0,4.6,1,0.56,1.4,37.1,54.6,99.2
2026-05-11,MN06,373.1,356.5,16.6,0,0.0,0,0.3,0.2,35.2,38.0,83.4
2026-05-12,MN06,372.9,371.8,1.0,0,0.0,0,0.67,6.2,37.7,59.1,96.8
2026-05-13,MN06,372.7,330.1,42.6,1,5.3,1,2.8,1.3,27.2,36.5,88.0
2026-05-14,MN06,372.5,346.0,26.4,0,3.8,1,2.45,4.4,35.0,36.9,93.7
2026-05-15,MN06,372.2,374.1,0.0,0,0.0,0,0.9,6.6,32.3,51.3,95.1
2026-05-16,MN06,372.0,369.0,3.1,0,0.0,0,0.46,1.6,38.1,51.2,89.3
2026-05-17,MN06,371.8,355.3,16.6,0,2.2,1,0.13,2.3,30.4,34.3,95.1
2026-05-18,MN06,371.6,350.7,20.9,0,0.0,0,1.18,0.0,37.0,41.9,87.8
2026-05-19,MN06,371.4,351.8,19.6,0,0.0,0,3.91,3.3,30.0,32.8,90.4
2026-05-20,MN06,371.1,321.4,49.8,1,5.2,1,0.39,3.0,34.7,47.3,85.2
2026-05-21,MN06,370.9,359.2,11.7,0,0.0,0,0.42,0.2,34.0,55.0,100.0
2026-05-22,MN06,370.7,328.8,41.9,1,3.9,1,0.75,2.6,34.0,55.2,87.0
2026-05-23,MN06,370.4,358.1,12.3,0,4.0,1,0.93,6.6,30.4,45.3,96.9
2026-05-24,MN06,370.2,369.7,0.5,0,0.0,0,1.17,1.0,36.5,33.1,88.2
2026-05-25,MN06,369.9,346.2,23.7,0,1.6,1,1.54,0.2,33.4,23.4,97.0
2026-05-26,MN06,369.7,384.1,0.0,0,0.0,0,0.44,0.8,36.6,37.7,94.2
2026-05-27,MN06,369.4,357.5,11.9,0,0.0,0,0.88,2.0,39.3,34.2,94.3
2026-05-28,MN06,369.2,350.3,18.8,0,0.0,0,1.84,0.0,35.5,52.7,93.3
2026-05-29,MN06,368.9,366.3,2.6,0,3.1,1,0.75,0.0,36.7,48.3,96.5
2026-05-30,MN06,368.7,351.5,17.2,0,3.7,1,0.71,4.9,30.8,41.1,94.4
2026-05-31,MN06,368.4,333.8,34.6,0,0.0,0,0.93,1.3,45.0,44.5,88.3
2026-06-01,MN06,368.1,339.3,28.9,0,0.0,0,0.47,24.3,23.2,74.9,96.7
2026-06-02,MN06,367.9,377.8,0.0,0,0.0,0,0.52,20.2,22.8,88.4,95.2
2026-06-03,MN06,367.6,353.6,14.0,0,6.2,1,0.06,18.6,33.3,68.5,98.8
2026-06-04,MN06,367.3,318.0,49.3,1,0.0,0,0.96,18.6,20.5,72.7,79.0
2026-06-05,MN06,367.0,338.3,28.7,0,6.1,1,1.13,11.7,29.8,70.1,93.5
2026-06-06,MN06,366.8,367.1,0.0,0,0.0,0,0.14,9.8,25.4,68.8,91.8
2026-06-07,MN06,366.5,372.5,0.0,0,0.0,0,0.89,18.2,28.5,64.0,89.8
2026-06-08,MN06,366.2,323.4,42.8,1,0.0,0,1.04,9.2,26.5,75.5,82.3
2026-06-09,MN06,365.9,345.9,20.0,0,1.2,1,1.94,21.1,17.5,58.1,89.1
2026-06-10,MN06,365.6,329.7,35.9,0,0.0,0,0.1,16.7,30.5,77.7,87.0
2026-06-11,MN06,365.3,345.3,20.0,0,0.0,0,2.0,5.3,27.9,69.6,96.3
2026-06-12,MN06,365.0,315.5,49.5,1,4.3,1,2.16,16.3,28.1,86.0,83.8
2026-06-13,MN06,364.7,345.1,19.6,0,3.0,1,0.39,15.2,27.2,73.0,93.2
2026-06-14,MN06,364.4,329.8,34.7,0,0.0,0,2.18,25.5,32.3,69.0,100.0
2026-06-15,MN06,364.1,335.9,28.3,0,0.0,0,2.49,24.0,24.4,71.8,90.1
2026-06-16,MN06,363.8,352.3,11.6,0,0.0,0,0.05,27.1,24.3,72.5,99.0
2026-06-17,MN06,363.5,337.0,26.5,0,6.1,1,0.86,16.0,21.7,69.1,96.6
2026-06-18,MN06,363.2,359.3,4.0,0,0.0,0,0.05,4.9,24.1,71.7,93.7
2026-06-19,MN06,362.9,293.2,69.8,1,12.0,2,0.34,35.0,29.6,66.1,100.0
2026-06-20,MN06,362.6,351.3,11.4,0,0.0,0,0.26,19.6,30.9,67.1,97.2
2026-06-21,MN06,362.3,363.9,0.0,0,0.0,0,1.09,20.1,29.2,66.6,97.3
2026-06-22,MN06,362.0,327.3,34.8,0,0.0,0,0.87,21.4,26.8,85.9,79.5
2026-06-23,MN06,361.7,329.6,32.1,0,0.0,0,0.13,10.6,25.3,86.2,84.3
2026-06-24,MN06,361.4,358.0,3.4,0,0.0,0,0.27,17.6,31.5,91.0,100.0
2026-06-25,MN06,361.1,333.0,28.1,0,4.5,1,1.09,0.0,29.2,92.2,95.8
2026-06-26,MN06,360.8,323.1,37.7,1,0.0,0,0.55,31.3,24.2,63.4,85.5
2026-06-27,MN06,360.5,337.5,23.0,0,7.7,1,0.73,9.8,24.1,74.8,95.8
2026-06-28,MN06,360.2,358.8,1.4,0,0.0,0,1.52,10.5,28.8,86.8,92.8
2026-06-29,MN06,359.9,364.1,0.0,0,0.0,0,0.89,10.9,24.1,83.1,96.5
2026-06-30,MN06,359.6,315.5,44.1,1,0.0,0,3.17,34.6,21.1,89.5,97.2
2026-07-01,MN06,359.3,341.4,17.8,0,0.0,0,3.26,6.7,27.3,67.8,96.9
2026-07-02,MN06,358.9,324.6,34.3,0,0.0,0,0.43,11.5,28.9,67.2,85.2
2026-07-03,MN06,358.6,313.7,45.0,1,0.0,0,2.05,34.0,24.0,68.9,87.7
2026-07-04,MN06,358.3,353.4,4.9,0,0.0,0,0.07,0.0,30.9,66.1,90.8
2026-07-05,MN06,358.0,343.1,14.9,0,0.0,0,1.46,19.6,26.8,86.0,90.4
2026-07-06,MN06,357.7,324.4,33.3,0,0.0,0,1.17,13.7,29.5,68.3,84.5
2026-07-07,MN06,357.4,348.5,8.9,0,0.0,0,1.49,10.6,25.5,82.2,89.9
2026-07-08,MN06,357.1,330.8,26.3,0,0.0,0,0.25,32.2,28.5,75.6,94.2
2026-07-09,MN06,356.8,275.7,81.1,1,7.5,1,1.04,22.1,24.2,67.5,81.5
2026-07-10,MN06,356.5,275.5,81.0,1,0.0,0,3.55,40.1,27.1,66.2,91.4
2026-07-11,MN06,356.2,368.7,0.0,0,0.0,0,0.58,10.7,27.8,69.7,99.8
2026-07-12,MN06,355.9,323.2,32.6,0,0.0,0,1.99,12.2,22.0,79.5,100.0
2026-07-13,MN06,355.6,339.5,16.0,0,4.4,1,0.2,13.9,27.3,73.7,95.8
2026-07-14,MN06,355.3,338.3,17.0,0,4.3,1,0.62,4.8,28.7,77.3,93.6
2026-07-15,MN06,355.0,335.8,19.2,0,0.0,0,0.92,25.8,31.3,70.7,98.2
2026-07-16,MN06,354.7,323.8,30.8,0,0.0,0,2.2,15.7,21.6,83.1,84.9
2026-07-17,MN06,354.4,374.7,0.0,0,0.0,0,0.33,20.9,27.5,68.9,93.8
2026-07-18,MN06,354.1,272.4,81.7,1,11.3,2,0.26,28.9,27.2,68.8,87.9
2026-07-19,MN06,353.8,267.0,86.8,1,7.3,1,0.67,28.9,34.5,74.5,84.0
2026-07-20,MN06,353.5,337.7,15.8,0,0.0,0,1.41,15.2,28.6,69.5,89.5
2026-07-21,MN06,353.2,337.7,15.5,0,0.0,0,0.01,1.7,25.1,79.1,93.9
2026-07-22,MN06,352.9,307.2,45.7,1,0.0,0,0.86,31.9,30.3,72.5,96.2
2026-07-23,MN06,352.6,313.2,39.4,1,0.0,0,4.57,0.0,25.9,63.0,89.1
2026-07-24,MN06,352.3,319.2,33.1,0,4.8,1,1.2,22.0,28.8,69.2,92.5
2026-07-25,MN06,352.0,358.7,0.0,0,0.0,0,0.87,5.5,26.4,57.4,93.8
2026-07-26,MN06,351.7,339.5,12.2,0,0.0,0,0.78,17.0,25.5,76.9,84.2
2026-07-27,MN06,351.5,348.7,2.8,0,0.0,0,0.43,18.5,34.8,69.6,93.7
2026-07-28,MN06,351.2,309.3,41.9,1,5.8,1,0.44,7.3,26.6,64.1,96.4
2026-07-29,MN06,350.9,324.1,26.8,0,0.0,0,2.29,32.4,22.0,70.1,91.0
2026-07-30,MN06,350.6,338.7,12.0,0,0.0,0,0.68,25.2,25.1,77.0,100.0
2026-07-31,MN06,350.4,327.1,23.3,0,0.0,0,0.45,10.1,26.3,90.7,82.7
2026-08-01,MN06,350.1,331.0,19.1,0,0.0,0,0.2,27.1,27.8,88.9,92.3
2026-08-02,MN06,349.8,333.7,16.1,0,0.0,0,0.8,16.3,26.6,90.9,97.2
2026-08-03,MN06,349.6,321.9,27.6,0,0.0,0,2.04,23.3,25.7,74.7,86.8
2026-08-04,MN06,349.3,297.4,51.9,1,7.1,1,0.12,0.8,32.0,75.6,86.1
2026-08-05,MN06,349.1,326.6,22.4,0,0.0,0,1.17,12.6,29.0,68.8,91.0
2026-08-06,MN06,348.8,321.7,27.1,0,0.0,0,1.08,31.4,29.5,58.8,91.3
2026-08-07,MN06,348.5,329.8,18.8,0,0.0,0,0.29,17.6,31.0,52.3,94.4
2026-08-08,MN06,348.3,321.9,26.4,0,0.0,0,2.75,23.5,23.3,81.1,90.7
2026-08-09,MN06,348.1,296.4,51.7,1,8.2,2,0.33,27.1,26.8,78.3,95.0
2026-08-10,MN06,347.8,315.6,32.3,0,6.3,1,2.94,6.8,24.8,72.6,94.5
2026-08-11,MN06,347.6,325.6,22.0,0,0.0,0,0.34,23.1,24.6,78.3,86.6
2026-08-12,MN06,347.3,351.8,0.0,0,0.0,0,0.46,16.1,26.9,69.0,97.9
2026-08-13,MN06,347.1,327.1,20.0,0,0.0,0,0.26,14.5,27.4,68.5,92.7
2026-08-14,MN06,346.9,333.8,13.1,0,3.6,1,0.5,13.2,26.1,72.5,88.6
2026-08-15,MN06,346.7,335.4,11.2,0,0.0,0,0.15,20.5,22.4,75.0,92.8
2026-08-16,MN06,346.4,320.3,26.1,0,4.7,1,0.67,17.0,26.1,79.5,92.4
2026-08-17,MN06,346.2,342.0,4.2,0,0.0,0,1.09,13.2,23.8,68.4,92.0
2026-08-18,MN06,346.0,327.9,18.1,0,0.0,0,0.5,8.6,31.3,65.3,87.5
2026-08-19,MN06,345.8,336.2,9.6,0,0.0,0,1.27,13.3,23.1,76.3,91.3
2026-08-20,MN06,345.6,280.8,64.8,1,3.0,1,0.64,21.4,25.9,80.5,83.3
2026-08-21,MN06,345.4,267.4,77.9,1,5.0,1,0.9,30.9,22.7,75.4,86.9
2026-08-22,MN06,345.2,276.9,68.3,1,0.0,0,2.83,43.1,22.8,75.4,92.7
2026-08-23,MN06,345.0,318.0,27.1,0,0.0,0,0.92,30.9,29.6,73.7,90.4
